<?xml version="1.0" encoding="UTF-8"?>
<TEI xml:space="preserve" xmlns="http://www.tei-c.org/ns/1.0" 
xmlns:xsi="http://www.w3.org/2001/XMLSchema-instance" 
xsi:schemaLocation="http://www.tei-c.org/ns/1.0 /Users/cindy/tmp/grobid-0.6.1/grobid-home/schemas/xsd/Grobid.xsd"
 xmlns:xlink="http://www.w3.org/1999/xlink">
	<teiHeader xml:lang="en">
		<fileDesc>
			<titleStmt>
				<title level="a" type="main">LEARNING TO COUNT OBJECTS IN NATURAL IMAGES FOR VISUAL QUESTION ANSWERING</title>
			</titleStmt>
			<publicationStmt>
				<publisher/>
				<availability status="unknown"><licence/></availability>
				<date type="published" when="2018-02-15">15 Feb 2018</date>
			</publicationStmt>
			<sourceDesc>
				<biblStruct>
					<analytic>
						<author>
							<persName xmlns="http://www.tei-c.org/ns/1.0"><forename type="first">Yan</forename><surname>Zhang</surname></persName>
							<affiliation key="aff0">
								<orgName type="department">Department of Electronics and Computer Science</orgName>
								<orgName type="institution">University of Southampton</orgName>
							</affiliation>
						</author>
						<author>
							<persName xmlns="http://www.tei-c.org/ns/1.0"><forename type="first">Jonathon</forename><surname>Hare</surname></persName>
							<affiliation key="aff0">
								<orgName type="department">Department of Electronics and Computer Science</orgName>
								<orgName type="institution">University of Southampton</orgName>
							</affiliation>
						</author>
						<author>
							<persName xmlns="http://www.tei-c.org/ns/1.0"><forename type="first">Adam</forename><surname>Prügel-Bennett</surname></persName>
							<affiliation key="aff0">
								<orgName type="department">Department of Electronics and Computer Science</orgName>
								<orgName type="institution">University of Southampton</orgName>
							</affiliation>
						</author>
					</analytic>
					<monogr>
						<imprint>
							<date type="published" when="2018-02-15">15 Feb 2018</date>
						</imprint>
					</monogr>
					<idno type="arXiv">arXiv:1802.05766v1[cs.CV]</idno>
				</biblStruct>
			</sourceDesc>
		</fileDesc>
		<encodingDesc>
			<appInfo>
				<application version="0.6.1" ident="GROBID" when="2021-01-31T12:44+0000">
					<desc>GROBID - A machine learning software for extracting information from scholarly documents</desc>
					<ref target="https://github.com/kermitt2/grobid"/>
				</application>
			</appInfo>
		</encodingDesc>
		<profileDesc>
			<abstract>
				<p>Visual Question Answering (VQA) models have struggled with counting objects in natural images so far. We identify a fundamental problem due to soft attention in these models as a cause. To circumvent this problem, we propose a neural network component that allows robust counting from object proposals. Experiments on a toy task show the effectiveness of this component and we obtain state-of-theart accuracy on the number category of the VQA v2 dataset without negatively affecting other categories, even outperforming ensemble models with our single model. On a difficult balanced pair metric, the component gives a substantial improvement in counting over a strong baseline by 6.6%. 2 RELATED WORK Usually, greedy non-maximum suppression (NMS) is used to eliminate duplicate bounding boxes. The main problem with using it as part of a model is that its gradient is piecewise constant. Various</p>
			</abstract>
		</profileDesc>
	</teiHeader>
	<text xml:lang="en">
		<body>
<div xmlns="http://www.tei-c.org/ns/1.0"><head n="1">INTRODUCTION</head><p>Consider the problem of counting how many cats there are in <ref type="figure">Figure 1</ref>. Solving this involves several rough steps: understanding what instances of that type can look like, finding them in the image, and adding them up. This is a common task in Visual Question Answering (VQA) -answering questions about images -and is rated as among the tasks requiring the lowest human age to be able to answer <ref type="bibr" target="#b1">(Antol et al., 2015)</ref>. However, current models for VQA on natural images struggle to answer any counting questions successfully outside of dataset biases <ref type="bibr" target="#b13">(Jabri et al., 2016)</ref>.</p><p>One reason for this is the presence of a fundamental problem with counting in the widely-used soft attention mechanisms (section 3). Another reason is that unlike standard counting tasks, there is no ground truth labeling of where the objects to count are. Coupled with the fact that models need to be able to count a large variety of objects and that, ideally, performance on non-counting questions should not be compromised, the task of counting in VQA seems very challenging.</p><p>To make this task easier, we can use object proposals -pairs of a bounding box and object featuresfrom object detection networks as input instead of learning from pixels directly. In any moderately complex scene, this runs into the issue of double-counting overlapping object proposals. This is a problem present in many natural images, which leads to inaccurate counting in real-world scenarios.</p><p>Our main contribution is a differentiable neural network component that tackles this problem and consequently can learn to count (section 4). Used alongside an attention mechanism, this component avoids a fundamental limitation of soft attention while producing strong counting features. We provide experimental evidence of the effectiveness of this component (section 5). On a toy dataset, we demonstrate that this component enables robust counting in a variety of scenarios. On the number category of the VQA v2 Open-Ended dataset <ref type="bibr" target="#b8">(Goyal et al., 2017)</ref>, a relatively simple baseline model using the counting component outperforms all previous models -including large ensembles of state-of-the-art methods -without degrading performance on other categories. <ref type="bibr">1</ref> differentiable variants such as by <ref type="bibr" target="#b2">Azadi et al. (2017)</ref>, <ref type="bibr" target="#b11">Hosang et al. (2017)</ref>, and <ref type="bibr" target="#b9">Henderson &amp; Ferrari (2017)</ref> exist. The main difference is that, since we are interested in counting, our component does not need to make discrete decisions about which bounding boxes to keep; it outputs counting features, not a smaller set of bounding boxes. Our component is also easily integrated into standard VQA models that utilize soft attention without any need for other network architecture changes and can be used without using true bounding boxes for supervision.</p><p>On the VQA v2 dataset <ref type="bibr" target="#b8">(Goyal et al., 2017)</ref> that we apply our method on, only few advances on counting questions have been made. The main improvement in accuracy is due to the use of object proposals in the visual processing pipeline, proposed by . Their object proposal network is trained with classes in singular and plural forms, for example "tree" versus "trees", which only allows primitive counting information to be present in the object features after region-of-interest pooling. Our approach differs in the way that instead of relying on counting features being present in the input, we create counting features using information present in the attention map over object proposals. This has the benefit of being able to count anything that the attention mechanism can discriminate instead of only objects that belong to the predetermined set of classes that had plural forms.</p><p>Using these object proposals, <ref type="bibr" target="#b29">Trott et al. (2018)</ref> train a sequential counting mechanism with a reinforcement learning loss on the counting question subsets of VQA v2 and Visual Genome. They achieve a small increase in accuracy and can obtain an interpretable set of objects that their model counted, but it is unclear whether their method can be integrated into traditional VQA models due to their loss not applying to non-counting questions. Since they evaluate on their own dataset, their results can not be easily compared to existing results in VQA.</p><p>Methods such as by <ref type="bibr" target="#b26">Santoro et al. (2017)</ref> and <ref type="bibr" target="#b24">Perez et al. (2017)</ref> can count on the synthetic CLEVR VQA dataset  successfully without bounding boxes and supervision of where the objects to count are. They also use more training data (∼250,000 counting questions in the CLEVR training set versus ∼50,000 counting questions in the VQA v2 training set), much simpler objects, and synthetic question structures.</p><p>More traditional approaches based on <ref type="bibr" target="#b20">Lempitsky &amp; Zisserman (2010)</ref> learn to produce a target density map, from which a count is computed by integrating over it. In this setting, Cohen et al. (2017) make use of overlaps of convolutional receptive fields to improve counting performance. <ref type="bibr" target="#b5">Chattopadhyay et al. (2017)</ref> use an approach that divides the image into smaller non-overlapping chunks, each of which is counted individually and combined together at the end. In both of these contexts, the convolutional receptive fields or chunks can be seen as sets of bounding boxes with a fixed structure in their positioning. Note that while <ref type="bibr" target="#b5">Chattopadhyay et al. (2017)</ref> evaluate their models on a small subset of counting questions in VQA, major differences in training setup make their results not comparable to our work.</p></div>
<div xmlns="http://www.tei-c.org/ns/1.0"><head n="3">PROBLEMS WITH SOFT ATTENTION</head><p>The main message in this section is that using the feature vectors obtained after the attention mechanism is not enough to be able to count; the attention maps themselves should be used, which is what we do in our counting component. Models in VQA have consistently benefited from the use of soft attention <ref type="bibr" target="#b23">(Mnih et al., 2014;</ref><ref type="bibr" target="#b4">Bahdanau et al., 2015)</ref> on the image, commonly implemented with a shallow convolutional network. It learns to output a weight for the feature vector at each spatial position in the feature map, which is first normalized and then used for performing a weighted sum over the spatial positions to produce a single feature vector. However, soft spatial attention severely limits the ability for a model to count.</p><p>Consider the task of counting the number of cats for two images: an image showing a single cat on a clean background and an image that consists of two side-by-side copies of the first image. What we will describe applies to both spatial feature maps and sets of object proposals as input, but we focus on the latter case for simplicity. With an object detection network, we detect one cat in the first image and two cats in the second image, producing the same feature vector for all three detections. The attention mechanism then assigns all three instances of the same cat the same weight.</p><p>a A <ref type="figure">Figure 1</ref>: Simplified example about counting the number of cats. The light-colored cat is detected twice and results in a duplicate proposal. This shows the conversion from the attention weights a to a graph representation A and the eventual goal of this component with exactly one proposal per true object. There are 4 proposals (vertices) capturing underlying objects (groups in dotted lines). There are 3 relevant proposals (black with weight 1) and 1 irrelevant proposal (white with weight 0). Red edges mark intra-object edges between duplicate proposals and blue edges mark the main inter-object duplicate edges. In graph form, the object groups, coloring of edges, and shading of vertices serve illustration purposes only; the model does not have these access to these directly.</p><p>The usual normalization used for the attention weights is the softmax function, which normalizes the weights to sum to 1. Herein lies the problem: the cat in the first image receives a normalized weight of 1, but the two cats in the second image now each receive a weight of 0.5. After the weighted sum, we are effectively averaging the two cats in the second image back to a single cat. As a consequence, the feature vector obtained after the weighted sum is exactly the same between the two images and we have lost all information about a possible count from the attention map. Any method that normalizes the weights to sum to 1 suffers from this issue.</p><p>Multiple glimpses <ref type="bibr" target="#b19">(Larochelle &amp; Hinton, 2010</ref>) -sets of attention weights that the attention mechanism outputs -or several steps of attention <ref type="bibr" target="#b21">Lu et al., 2016)</ref> do not circumvent this problem. Each glimpse or step can not separate out an object each, since the attention weight given to one feature vector does not depend on the other feature vectors to be attended over. Hard attention <ref type="bibr" target="#b23">Mnih et al., 2014)</ref> and structured attention <ref type="bibr" target="#b17">(Kim et al., 2017</ref>) may be possible solutions to this, though no significant improvement in counting ability has been found for the latter so far <ref type="bibr" target="#b33">(Zhu et al., 2017)</ref>. <ref type="bibr" target="#b25">Ren &amp; Zemel (2017)</ref> circumvent the problem by limiting attention to only work within one bounding box at a time, remotely similar to our approach of using object proposal features.</p><p>Without normalization of weights to sum to one, the scale of the output features depends on the number of objects detected. In an image with 10 cats, the output feature vector is scaled up by 10. Since deep neural networks are typically very scale-sensitive -the scale of weight initializations and activations is generally considered quite important <ref type="bibr" target="#b22">(Mishkin &amp; Matas, 2016</ref>) -and the classifier would have to learn that joint scaling of all features is somehow related to count, this approach is not reasonable for counting objects. This is evidenced in  where they provide evidence that sigmoid normalization not only degrades accuracy on non-number questions slightly, but also does not help with counting.</p></div>
<div xmlns="http://www.tei-c.org/ns/1.0"><head n="4">COUNTING COMPONENT</head><p>In this section, we describe a differentiable mechanism for counting from attention weights, while also dealing with the problem of overlapping object proposals to reduce double-counting of objects. This involves some nontrivial details to produce counts that are as accurate as possible. The main idea is illustrated in <ref type="figure">Figure 1</ref> with the two main steps shown in <ref type="figure">Figure 2</ref> and <ref type="figure">Figure 3</ref>. The use of this component allows a model to count while still being able to exploit the benefits of soft attention.</p><p>Our key idea for dealing with overlapping object proposals is to turn these object proposals into a graph that is based on how they overlap. We then remove and scale edges in a specific way such that an estimate of the number of underlying objects is recovered.</p><p>Our general strategy is to primarily design the component for the unrealistic extreme cases of perfect attention maps and bounding boxes that are either fully overlapping or fully distinct. By introducing some parameters and only using differentiable operations, we give the ability for the module to interpolate between the correct behaviours for these extreme cases to handle the more realistic cases.</p><p>These parameters are responsible for handling variations in attention weights and partial bounding box overlaps in a manner suitable for a given dataset.</p><p>To achieve this, we use several piecewise linear functions f 1 , . . . , f 8 as activation functions (defined in Appendix A), approximating arbitrary functions with domain and range [0, 1]. The shapes of these functions are learned to handle the specific nonlinear interactions necessary for dealing with overlapping proposals. Through their parametrization we enforce that f k (0) = 0, f k (1) = 1, and that they are monotonically increasing. The first two properties are required so that the extreme cases that we explicitly handle are left unchanged. In those cases, f k is only applied to values of 0 or 1, so the activation functions can be safely ignored for understanding how the component handles them.</p><p>By enforcing monotonicity, we can make sure that, for example, an increased value in an attention map should never result in the prediction of the count to decrease.</p></div>
<div xmlns="http://www.tei-c.org/ns/1.0"><head n="4.1">INPUT</head><p>Given a set of features from object proposals, an attention mechanism produces a weight for each proposal based on the question. The counting component takes as input the n largest attention weights a = [a 1 , . . . , a n ] T and their corresponding bounding boxes b = [b 1 , . . . , b n ] T . We assume that the weights lie in the interval [0, 1], which can easily be achieved by applying a logistic function.</p><p>In the extreme cases that we explicitly handle, we assume that the attention mechanism assigns a value of 1 to a i whenever the ith proposal contains a relevant object and a value of 0 whenever it does not. This is in line with what usual soft attention mechanisms learn, as they produce higher weights for relevant inputs. We also assume that either two object proposals fully overlap (in which case they must be showing the same object and thus receive the same attention weight) or that they are fully distinct (in which case they show different objects). Keep in mind that while we make these assumptions to make reasoning about the behaviour easier, the learned parameters in the activation functions are intended to handle the more realistic scenarios when the assumptions do not apply.</p><p>Instead of partially overlapping proposals, the problem now becomes the handling of exact duplicate proposals of underlying objects in a differentiable manner.</p></div>
<div xmlns="http://www.tei-c.org/ns/1.0"><head n="4.2">DEDUPLICATION</head><p>We start by changing the vector of attention weights a into a graph representation in which bounding boxes can be utilized more easily. Hence, we compute the outer product of the attention weights to obtain an attention matrix.</p><formula xml:id="formula_0">A = aa T<label>(1)</label></formula><p>A ∈ R n×n can be interpreted as an adjacency matrix for a weighted directed graph. In this graph, the ith vertex represents the object proposal associated with a i and the edge between any pair of vertices (i, j) has weight a i a j . In the extreme case where a i is virtually 0 or 1, products are equivalent to logical AND operators. It follows that the subgraph containing only the vertices satisfying a i = 1 is a complete digraph with self-loops.</p><p>In this representation, our objective is to eliminate edges in such a way that, conceptually, the underlying true objects -instead of proposals thereof -are the vertices of that complete subgraph. In order to then turn that graph into a count, recall that the number of edges |E| in a complete digraph with self-loops relates to the number of vertices |V | through |E| = |V | 2 . |E| can be computed by summing over the entries in an adjacency matrix and |V | is then the count. Notice how when |E| is set to the sum over A, |E| = i a i holds. This convenient property implies that when all proposals are fully distinct, the component can output the same as simply summing over the original attention weights by default.</p><p>There are two types of duplicate edges to eliminate to achieve our objective: intra-object edges and inter-object edges.</p></div>
<div xmlns="http://www.tei-c.org/ns/1.0"><head n="4.2.1">INTRA-OBJECT EDGES</head><p>First, we eliminate intra-object edges between duplicate proposals of a single underlying object.</p><p>A DÃ = <ref type="figure">Figure 2</ref>: Removal of intra-object edges by masking the edges of the attention matrix A with the distance matrix D. The black vertices now form a graph without self-loops. The self-loops need to be added back in later. = ≡ <ref type="figure">Figure 3</ref>: Removal of duplicate inter-object edges by computing a scaling factor for each vertex and scalingÃ accordingly.Ã isÃ with self-loops already added back in. The scaling factor for one vertex is computed by counting how many vertices have outgoing edges to the same set of vertices; all edges of the two proposals on the right are scaled by 0.5. This can be seen as averaging proposals within each object and is equivalent to removing duplicate proposals altogether under a sum.</p><p>To compare two bounding boxes, we use the usual intersection-over-union (IoU) metric. We define the distance matrix D ∈ R n×n to be</p><formula xml:id="formula_1">D ij = 1 − IoU(b i , b j )<label>(2)</label></formula><p>D can also be interpreted as an adjacency matrix. It represents a graph that has edges everywhere except when the two bounding boxes that an edge connects would overlap.</p><p>Intra-object edges are removed by elementwise multiplying ( ) the distance matrix with the attention matrix ( <ref type="figure">Figure 2</ref>).Ã</p><formula xml:id="formula_2">= f 1 (A) f 2 (D)<label>(3)</label></formula><p>A no longer has self-loops, so we need to add them back in at a later point to still satisfy |E| = |V | 2 . Notice that we start making use of the activation functions mentioned earlier to handle intermediate values in the interval (0, 1) for both A and D. They regulate the influence of attention weights that are not close to 0 or 1 and the influence of partial overlaps.</p></div>
<div xmlns="http://www.tei-c.org/ns/1.0"><head n="4.2.2">INTER-OBJECT EDGES</head><p>Second, we eliminate inter-object edges between duplicate proposals of different underlying objects.</p><p>The main idea (depicted in <ref type="figure">Figure 3)</ref> is to count the number of proposals associated to each invidual object, then scale down the weight of their associated edges by that number. If there are two proposals of a single object, the edges involving those proposals should be scaled by 0.5. In essence, this averages over the proposals within each underlying object because we only use the sum over the edge weights to compute the count at the end. Conceptually, this reduces multiple proposals of an object down to one as desired. Since we do not know how many proposals belong to an object, we have to estimate this. We do this by using the fact that proposals of the same object are similar.</p><p>Keep in mind thatÃ has no self-loops nor edges between proposals of the same object. As a consequence, two nonzero rows inÃ are the same if and only if the proposals are the same. If the two rows differ in at least one entry, then one proposal overlaps a proposal that the other proposal does not overlap, so they must be different proposals. This means for comparing rows, we need a similarity function that satisfies the criteria of taking the value 1 when they differ in no places and if they differ in at least one place. We define a differentiable similarity between proposals i and j as</p><formula xml:id="formula_3">Sim ij = f 3 (1 − |a i − a j |) k f 3 (1 − |X ik − X jk |)<label>(4)</label></formula><p>where X = f 4 (A) f 5 (D) is the same asÃ except with different activation functions. The term compares the rows of proposals i and j. Using this term instead of f 4 (1 − D ij ) was more robust to inaccurate bounding boxes in initial experiments.</p><p>Note that the f 3 (1 − |a i − a j |) term handles the edge case when there is only one proposal to count. Since X does not have self-loops, X contains only zeros in that case, which causes the row corresponding to a i = 1 to be incorrectly similar to the rows where a j =i = 0. By comparing the attention weights through that term as well, this issue is avoided.</p><p>Now that we can check how similar two proposals are, we count the number of times any row is the same as any other row and compute a scaling factor s i for each vertex i.</p><formula xml:id="formula_4">s i = 1/ j Sim ij (5)</formula><p>The time complexity of computing s = [s 1 , . . . , s n ] T is Θ(n 3 ) as there are n 2 pairs of rows and Θ(n) operations to compute the similarity of any pair of rows.</p><p>Since these scaling factors apply to each vertex, we have to expand s into a matrix using the outer product in order to scale both incoming and outgoing edges of each vertex. We can also add self-loops back in, which need to be scaled by s as well. Then, the count matrix C is</p><formula xml:id="formula_5">C =Ã ss T + diag(s f 1 (a a))<label>(6)</label></formula><p>where diag(•) expands a vector into a diagonal matrix with the vector on the diagonal.</p><p>The scaling of self-loops involves a non-obvious detail. Recall that the diagonal that was removed when going from A toÃ contains the entries f 1 (a a). Notice however that we are scaling this diagonal by s and not s s. This is because the number of inter-object edges scales quadratically with respect to the number of proposals per object, but the number of self-loops only scales linearly.</p></div>
<div xmlns="http://www.tei-c.org/ns/1.0"><head n="4.3">OUTPUT</head><p>Under a sum, C is now equivalent to a complete graph with self-loops that involves all relevant objects instead of relevant proposals as originally desired.</p><p>To turn C into a count c, we set |E| = i,j C ij as mentioned and</p><formula xml:id="formula_6">c = |V | = |E|<label>(7)</label></formula><p>We verified experimentally that when our extreme case assumptions hold, c is always an integer and equal to the correct count, regardless of the number of duplicate object proposals.</p><p>To avoid issues with scale when the number of objects is large, we turn this single feature into several classes, one for each possible number. Since we only used the object proposals with the largest n weights, the predicted count c can be at most n. We define the output o = [o 0 , o 1 , . . . , o n ] T to be</p><formula xml:id="formula_7">o i = max(0, 1 − |c − i|)<label>(8)</label></formula><p>This results in a vector that is 1 at the index of the count and 0 everywhere else when c is exactly an integer, and a linear interpolation between the two corresponding one-hot vectors when the count falls inbetween two integers.</p></div>
<div xmlns="http://www.tei-c.org/ns/1.0"><head n="4.3.1">OUTPUT CONFIDENCE</head><p>Finally, we might consider a prediction made from values of a and D that are either close to 0 or close to 1 to be more reliable -we explicitly handle these after all -than when many values are close to 0.5. To incorporate this idea, we scale o by a confidence value in the interval [0, 1].</p><p>We define p a and p D to be the average distances to 0.5. The choice of 0.5 is not important, because the module can learn to change it by changing where f 6 (x) = 0.5 and f 7 (x) = 0.5.</p><formula xml:id="formula_8">p a = 1 n i |f 6 (a i ) − 0.5| (9) p D = 1 n 2 i,j |f 7 (D ij ) − 0.5|<label>(10)</label></formula><p>Then, the output of the component with confidence scaling is</p><formula xml:id="formula_9">o = f 8 (p a + p D ) • o<label>(11)</label></formula><p>In summary, we only used diffentiable operations to deduplicate object proposals and obtain a feature vector that represents the predicted count. This allows easy integration into any model with soft attention, enabling a model to count from an attention map.</p></div>
<div xmlns="http://www.tei-c.org/ns/1.0"><head n="5">EXPERIMENTS</head></div>
<div xmlns="http://www.tei-c.org/ns/1.0"><head n="5.1">TOY TASK</head><p>First, we design a simple toy task to evaluate counting ability. This dataset is intended to only evaluate the performance of counting; thus, we skip any processing steps that are not directly related such as the processing of an input image. Samples from this dataset are given in Appendix D</p><p>The classification task is to predict an integer countĉ of true objects, uniformly drawn from 0 to 10 inclusive, from a set of bounding boxes and the associated attention weights. 10 square bounding boxes with side length l ∈ (0, 1] are placed in a square image with unit side length. The x and y coordinates of their top left corners are uniformly drawn from U (0, 1 − l) so that the boxes do not extend beyond the image border. l is used to control the overlapping of bounding boxes: a larger l leads to the fixed number of objects to be more tightly packed, increasing the chance of overlaps.ĉ number of these boxes are randomly chosen to be true bounding boxes. The score of a bounding box is the maximum IoU overlap of it with any true bounding box. Then, the attention weight is a linear interpolation between the score and a noise value drawn from U (0, 1), with q ∈ [0, 1] controlling this trade-off. q is the attention noise parameter: when q is 0, there is no noise and when q is 1, there is no signal. Increasing q also indirectly simulates imprecise placements of bounding boxes.</p><p>We compare the counting component against a simple baseline that simply sums the attention weights and turns the sum into a feature vector with Equation 8. Both models are followed by a linear projection to the classes 0 to 10 inclusive and a softmax activation. They are trained with crossentropy loss for 1000 iterations using Adam (Kingma &amp; Ba, 2015) with a learning rate of 0.01 and a batch size of 1024.</p></div>
<div xmlns="http://www.tei-c.org/ns/1.0"><head n="5.1.1">RESULTS</head><p>The results of varying l while keeping q fixed at various values and vice versa are shown in <ref type="figure">Figure 4</ref>. Regardless of l and q, the counting component performs better than the baseline in most cases, often significantly so. Particularly when the noise is low, the component can deal with high values for l very successfully, showing that it accomplishes the goal of increased robustness to overlapping proposals. The component also handles moderate noise levels decently as long as the overlaps are limited. The performance when both l and q are high is closely matched by the baseline, likely due to the high difficulty of those parametrizations leaving little information to extract in the first place.</p><p>We can also look at the shape of the activation functions themselves, shown in <ref type="figure">Figure 5</ref> and Appendix C, to understand how the behaviour changes with varying dataset parameters. For simplicity, we limit our description to the two easiest-to-interpret functions: f 1 for the attention weights and f 2 for the bounding box distances.</p><p>When increasing the side length, the height of the "step" in f 1 decreases to compensate for the generally greater degree of overlapping bounding boxes. A similar effect is seen with f 2 : it varies over requiring a high pairwise distance when l is low -when partial overlaps are most likely spurious -and considering small distances enough for proposals to be considered different when l is high. At the highest values for l, there is little signal in the overlaps left since everything overlaps with everything, which explains why f 2 returns to its default linear initialization for those parameters.</p><p>When varying the amount of noise, without noise f 1 resembles a step function where the step starts close to x = 1 and takes a value of close to 1 after the step. Since a true proposal will always have a weight of 1 when there is no noise, anything below this can be safely zeroed out. With increasing noise, this step moves away from 1 for both x and f 1 (x), capturing the uncertainty when a bounding box belongs to a true object. With lower q, f 2 considers a pair of proposals to be distinct for lower distances, whereas with higher q, f 2 follows a more sigmoidal shape. This can be explained by the model taking the increased uncertainty of the precise bounding box placements into account by requiring higher distances for proposals to be considered completely different.</p></div>
<div xmlns="http://www.tei-c.org/ns/1.0"><head n="5.2">VQA</head><p>VQA v2 <ref type="bibr" target="#b8">(Goyal et al., 2017)</ref> is the updated version of the VQA v1 dataset <ref type="bibr" target="#b1">(Antol et al., 2015)</ref> where greater care has been taken to reduce dataset biases through balanced pairs: for each question, a pair of images is identified where the answer to that question differs. The standard accuracy metric on this dataset accounts for disagreements in human answers by averaging min( 1 agreeing, 1) over all 10-choose-9 subsets of human answers, where agreeing is the number of human answers that agree with the given answer. This can be shown to be equal to min(0.3 agreeing, 1) without averaging.</p><p>We use an improved version of the strong VQA baseline by <ref type="bibr" target="#b16">Kazemi &amp; Elqursh (2017)</ref> as baseline model (details in Appendix B). We have not performed any tuning of this baseline to maximize the performance difference between it and the baseline with counting module. To augment this model with the counting component, we extract the attention weights of the first attention glimpse (there are two in the baseline) before softmax normalization, and feed them into the counting component after <ref type="table">Table 1</ref>: Results on VQA v2 of the top models along with our results. Entries marked with (Ens.) are ensembles of models. At the time of writing, our model with the counting module places third among all entries. All models listed here use object proposal features and are trained on the training and validation sets. The top-performing ensemble models use additional pre-trained word embeddings, which we do not use.    vary from 10 to 100 per image, a natural choice for the number of top-n proposals to use is 10. The output of the component is linearly projected into the same space as the hidden layer of the classifier, followed by ReLU activation, batch normalization, and addition with the features in the hidden layer. <ref type="table">Table 1</ref> shows the results on the official VQA v2 leaderboard. The baseline with our component has a significantly higher accuracy on number questions without compromising accuracy on other categories compared to the baseline result. Despite our single-model baseline being substantially worse than the state-of-the-art, by simply adding the counting component we outperform even the 8-model ensemble in <ref type="bibr" target="#b32">Zhou et al. (2017)</ref> on the number category. We expect further improvements in number accuracy when incorporating their techniques to improve the quality of attention weights, especially since the current state-of-the-art models suffer from the problems with counting that we mention in section 3. Some qualitative examples of inputs and activations within the counting component are shown in Appendix E.</p></div>
<div xmlns="http://www.tei-c.org/ns/1.0"><head n="5.2.1">RESULTS</head><p>We also evaluate our models on the validation set of VQA v2, shown in <ref type="table" target="#tab_1">Table 2</ref>. This allows us to consider only the counting questions within number questions, since number questions include questions such as "what time is it?" as well. We treat any question starting with the words "how many" as a counting question. As we expect, the benefit of using the counting module on the counting question subset is higher than on number questions in general. Additionally, we try an approach where we simply replace the counting module with NMS, using the average of the attention glimpses as scoring, and one-hot encoding the number of proposals left. The NMS-based approach, using an IoU threshold of 0.5 and no score thresholding based on validation set performance, does not improve on the baseline, which suggests that the piecewise gradient of NMS is a major problem for learning to count in VQA and that conversely, there is a substantial benefit to being able to differentiate through the counting module.</p><p>Additionally, we can evaluate the accuracy over balanced pairs as proposed by : the ratio of balanced pairs on which the VQA accuracy for both questions is 1.0. This is a much more difficult metric, since it requires the model to find the subtle details between images instead of being able to rely on question biases in the dataset. First, notice how all balanced pair accuracies are greatly reduced compared to their respective VQA accuracy. More importantly, the absolute accuracy improvement of the counting module is still fully present with the more challenging metric, which is further evidence that the component can properly count rather than simply fitting better to dataset biases.</p><p>When looking at the activation functions of the trained model, shown in <ref type="figure">Figure 9</ref>, we find that some characteristics of them are shared with high-noise parametrizations of the toy dataset. This suggests that the current attention mechanisms and object proposal network are still very inaccurate, which explains the perhaps small-seeming increase in counting performance. This provides further evidence that the balanced pair accuracy is maybe a more reflective measure of how well current VQA models perform than the overall VQA accuracies of over 70% of the current top models.</p></div>
<div xmlns="http://www.tei-c.org/ns/1.0"><head n="6">CONCLUSION</head><p>After understanding why VQA models struggle to count, we designed a counting component that alleviates this problem through differentiable bounding box deduplication. The component can readily be used alongside any future improvements in VQA models, as long as they still use soft attention as all current top models on VQA v2 do. It has uses outside of VQA as well: for many counting tasks, it can allow an object-proposal-based approach to work without ground-truth objects available as long as there is a -possibly learned -per-proposal scoring (for example using a classification score) and a notion of how dissimilar a pair of proposals are. Since each step in the component has a clear purpose and interpretation, the learned weights of the activation functions are also interpretable. The design of the counting component is an example showing how by encoding inductive biases into a deep learning model, challenging problems such as counting of arbitrary objects can be approached when only relatively little supervisory information is available.</p><p>For future research, it should be kept in mind that VQA v2 requires a versatile skill set that current models do not have. To make progress on this dataset, we advocate focusing on understanding of what the current shortcomings of models are and finding ways to mitigate them. White w mark linear layers, either linear projections or convolutions with a spatial size of 1 depending on the context. Dropout with drop probability 0.5 is applied before the GRU and every w , except before the w after the counting component. stands for the fusion function we define in Appendix B, BN stands for batch normalization, σ stands for a logistic, and Embedding is a word embedding that has been fed through a tanh function. The two glimpses of the attention mechanism are represented with the two lines exiting the w . Note that one of the two glimpses is shared with the counting component.  <ref type="figure">Figure 11</ref>: Selection of validation images with overlaid bounding boxes, values of the attention matrix A, distance matrix D, and the resulting count matrix C. White entries represent values close to 1, black entries represent values close to 0. The count c is the usual square root of the sum over the elements of C. Notice how particularly in the third example, A clearly contains more rows/columns with high activations than there are actual objects (a sign of overlapping bounding boxes) and the counting module successfully removes intra-and inter-object edges to arrive at the correct prediction regardless. The prediction is not necessarily -though often is -the rounded value of c.</p></div>
<div xmlns="http://www.tei-c.org/ns/1.0"><head>C FULL</head></div><figure xmlns="http://www.tei-c.org/ns/1.0" xml:id="fig_1"><head>Figure 4 :Figure 5 :</head><label>45</label><figDesc>Accuracies on the toy task as side length l and noise q are varied in 0.01 step sizes. Shapes of trained activation functions f 1 (attention weights) and f 2 (bounding box distances) for varying bounding box side lengths (left) or the noise (right) in the dataset, varied in 0.01 step sizes. Best viewed in color.</figDesc></figure>
<figure xmlns="http://www.tei-c.org/ns/1.0" xml:id="fig_2"><head>Figure 6 :</head><label>6</label><figDesc>Schematic view of a model using our counting component. The modifications made to the baseline model when including the counting component are marked in red. Blue blocks mark components with trainable parameters, gray blocks mark components without trainable parameters.</figDesc></figure>
<figure xmlns="http://www.tei-c.org/ns/1.0" xml:id="fig_3"><head>Figure 7 :Figure 8 :Figure 9 :</head><label>789</label><figDesc>Shape of activation functions as l is varied for q = 0.5 on the toy dataset. Each line shows the shape of the activation function when l is set to the value associated to its color. Best viewed in color. Shape of activation functions as q is varied for l = 0.5 on the toy dataset. Each line shows the shape of the activation function when q is set to the value associated to its color. Best viewed in colorShape of activation functions for a model trained on the train and validation sets of VQA v2 (thick black), compared against the shapes when parametrizing the toy dataset with q around 0.4 (green), 0.7 (orange), or 1.0 (red) with fixed l = 0.2. Best viewed in color.</figDesc></figure>
<figure xmlns="http://www.tei-c.org/ns/1.0" type="table" xml:id="tab_1"><head>Table 2 :</head><label>2</label><figDesc>Results on the VQA v2 validation set with models trained only on the training set. Reported are the mean accuracies and sample standard deviations (±) over 4 random initializations. 36±0.1 57.03±0.0 65.42±0.1 23.10±0.2 26.63±0.2 37.19±0.1 applying a logistic function. Since object proposal features from</figDesc><table><row><cell>VQA accuracy</cell><cell>Balanced pair accuracy</cell></row><row><cell cols="2">Model Baseline + NMS + counting module 49.Number 44.83±0.2 51.69±0.2 64.80±0.0 17.34±0.2 20.02±0.2 36.44±0.1 Count All Number Count All 44.60±0.1 51.41±0.1 64.80±0.1 17.06±0.1 19.72±0.1 36.44±0.2</cell></row></table><note></note></figure>
		</body>
		<back>
			<div type="annex">
<div xmlns="http://www.tei-c.org/ns/1.0"><head>A PIECEWISE LINEAR ACTIVATION FUNCTION</head><p>Intuitively, the interval [0, 1] is split into d equal size intervals. Each contains a line segment that is connected to the neighboring line segments at the boundaries of the intervals. These line segments form the shape of the activation function.</p><p>For each function f k , there are d weights w k1 , . . . , w kd , where the weight w ki is the gradient for the interval [ i−1 d , i d ). We arbitrarily fix d to be 16 in this paper, observing no significant difference when changing it to 8 and 32 in preliminary experiments. All w ki are enforced to be non-negative by always using the absolute value of them, which yields the monotonicity property. Dividing the weights by d m |w km | yields the property that f (1) = 1. The function can be written as</p><p>In essence, the max term selects the two nearest boundary values of an interval, which are normalized cumulative sums over the w k weights, and linearly interpolates between the two. This approach is similar to the subgradient approach by <ref type="bibr" target="#b14">Jaderberg et al. (2015)</ref> to make sampling from indices differentiable. All w ki are initialized to 1, which makes the functions linear on initialization. When applying f k (x) to a vector-valued input x, it is assumed to be applied elementwise. By caching the normalized cumulative sum Extensions to this are possible through Deep Lattice Networks <ref type="bibr" target="#b31">(You et al., 2017)</ref>, which preserve monotonicity across several nonlinear neural network layers. They would allow A and D to be combined in more sophisticated ways beyond an elementwise product, possibly improving counting performance as long as the property of the range lying within [0, 1] is still enforced in some way.</p></div>
<div xmlns="http://www.tei-c.org/ns/1.0"><head>B BASELINE ARCHITECTURE</head><p>This model is based on the work of <ref type="bibr" target="#b16">Kazemi &amp; Elqursh (2017)</ref>, who outperformed most previous VQA models on the VQA v1 dataset with a simple baseline architecture. We adapt the model to the VQA v2 dataset and make various tweaks that improve validation accuracy slightly. The architecture is illustrated in <ref type="figure">Figure 6</ref>. Details not mentioned here can be assumed to be the same as in their paper.</p><p>The most significant change that we make is the use of object proposal features by  as previously mentioned. The following tweaks were made without considering the performance impact on the counting component; only the validation accuracy of the baseline was optimized.</p><p>To fuse vision features x and question features y, the baseline concatenates and linearly projects them, followed by a ReLU activation. This is equivalent to ReLU(W x x + W y y). We include an additional term that measures how different the projected x is from the projected y, changing the fusion mechanism to x y = ReLU(W</p><p>The LSTM <ref type="bibr" target="#b10">(Hochreiter &amp; Schmidhuber, 1997)</ref> for question encoding is replaced with a GRU <ref type="bibr" target="#b6">(Cho et al., 2014)</ref> with the same hidden size with dynamic per-example unrolling instead of a fixed 14 words per question. We apply batch normalization <ref type="bibr" target="#b12">(Ioffe &amp; Szegedy, 2015)</ref> before the last linear projection in the classifier to the 3000 classes. The learning rate is increased from 0.001 to 0.0015 and the batch size is doubled to 256. The model is trained for 100 epochs (1697 iterations per epoch to train on the training set, 2517 iterations per epoch to train on both training and validation sets) instead of 100,000 iterations, roughly in line with the doubling of dataset size when going from VQA v1 to VQA v2.</p><p>Note that this single-model baseline is regularized with dropout <ref type="bibr" target="#b27">(Srivastava et al., 2014)</ref>, while the other current top models skip this and rely on ensembling to reduce overfitting. This explains why our single-model baseline outperforms most single-model results of the state-of-the-art models. We found ensembling of the regularized baseline to provide a much smaller benefit in preliminary experiments compared to the results of ensembling unregularized networks reported in . Figure 10: Example toy dataset data for varying bounding box side lengths l and noise q. The ground truth column shows bounding boxes of randomly placed true objects (blue) and of irrelevant objects (red). The data column visualizes the samples that are actually used as input (dark blues represent weights close to 1, dark reds represent weights close to 0, lighter colors represent weights closer to 0.5). The weight of the ith bounding box b i is defined as a i = (1 − q) score + qz where the score is the maximum overlap of b i with any true bounding box or 0 if there are no true bounding boxes and z is drawn from U (0, 1). Note how this turns red bounding boxes that overlap a lot with a blue bounding box in the ground truth column into a blue bounding box in the data column, which simulates the duplicate proposal that we have to deal with. Best viewed in color.</p></div>			</div>
			<div type="references">

				<listBibl>

<biblStruct xml:id="b0">
	<monogr>
		<title level="m" type="main">Bottom-up and top-down attention for image</title>
		<author>
			<persName xmlns="http://www.tei-c.org/ns/1.0"><forename type="first">Peter</forename><surname>Anderson</surname></persName>
		</author>
		<author>
			<persName xmlns="http://www.tei-c.org/ns/1.0"><forename type="first">Xiaodong</forename><surname>He</surname></persName>
		</author>
		<author>
			<persName xmlns="http://www.tei-c.org/ns/1.0"><forename type="first">Chris</forename><surname>Buehler</surname></persName>
		</author>
		<author>
			<persName xmlns="http://www.tei-c.org/ns/1.0"><forename type="first">Damien</forename><surname>Teney</surname></persName>
		</author>
		<author>
			<persName xmlns="http://www.tei-c.org/ns/1.0"><forename type="first">Mark</forename><surname>Johnson</surname></persName>
		</author>
		<author>
			<persName xmlns="http://www.tei-c.org/ns/1.0"><forename type="first">Stephen</forename><surname>Gould</surname></persName>
		</author>
		<author>
			<persName xmlns="http://www.tei-c.org/ns/1.0"><forename type="first">Lei</forename><surname>Zhang</surname></persName>
		</author>
		<author>
			<persName xmlns="http://www.tei-c.org/ns/1.0"><forename type="first">;</forename><surname>Captioning</surname></persName>
		</author>
		<author>
			<persName xmlns="http://www.tei-c.org/ns/1.0"><forename type="first">Vqa</forename><surname>Corr</surname></persName>
		</author>
		<idno type="arXiv">arXiv:1707.07998</idno>
		<imprint>
			<date type="published" when="2017" />
		</imprint>
	</monogr>
</biblStruct>

<biblStruct xml:id="b1">
	<analytic>
		<title level="a" type="main">VQA: Visual Question Answering</title>
		<author>
			<persName xmlns="http://www.tei-c.org/ns/1.0"><forename type="first">Stanislaw</forename><surname>Antol</surname></persName>
		</author>
		<author>
			<persName xmlns="http://www.tei-c.org/ns/1.0"><forename type="first">Aishwarya</forename><surname>Agrawal</surname></persName>
		</author>
		<author>
			<persName xmlns="http://www.tei-c.org/ns/1.0"><forename type="first">Jiasen</forename><surname>Lu</surname></persName>
		</author>
		<author>
			<persName xmlns="http://www.tei-c.org/ns/1.0"><forename type="first">Margaret</forename><surname>Mitchell</surname></persName>
		</author>
		<author>
			<persName xmlns="http://www.tei-c.org/ns/1.0"><forename type="first">Dhruv</forename><surname>Batra</surname></persName>
		</author>
		<author>
			<persName xmlns="http://www.tei-c.org/ns/1.0"><forename type="first">C</forename><forename type="middle">Lawrence</forename><surname>Zitnick</surname></persName>
		</author>
		<author>
			<persName xmlns="http://www.tei-c.org/ns/1.0"><forename type="first">Devi</forename><surname>Parikh</surname></persName>
		</author>
	</analytic>
	<monogr>
		<title level="m">ICCV</title>
		<imprint>
			<date type="published" when="2015" />
		</imprint>
	</monogr>
</biblStruct>

<biblStruct xml:id="b2">
	<analytic>
		<title level="a" type="main">Learning detection with diverse proposals</title>
		<author>
			<persName xmlns="http://www.tei-c.org/ns/1.0"><forename type="first">Samaneh</forename><surname>Azadi</surname></persName>
		</author>
		<author>
			<persName xmlns="http://www.tei-c.org/ns/1.0"><forename type="first">Jiashi</forename><surname>Feng</surname></persName>
		</author>
		<author>
			<persName xmlns="http://www.tei-c.org/ns/1.0"><forename type="first">Trevor</forename><surname>Darrell</surname></persName>
		</author>
	</analytic>
	<monogr>
		<title level="m">CVPR</title>
		<imprint>
			<date type="published" when="2017" />
		</imprint>
	</monogr>
</biblStruct>

<biblStruct xml:id="b3">
	<analytic>
		<title level="a" type="main">Multiple object recognition with visual attention</title>
		<author>
			<persName xmlns="http://www.tei-c.org/ns/1.0"><forename type="first">Jimmy</forename><surname>Ba</surname></persName>
		</author>
		<author>
			<persName xmlns="http://www.tei-c.org/ns/1.0"><forename type="first">Volodymyr</forename><surname>Mnih</surname></persName>
		</author>
		<author>
			<persName xmlns="http://www.tei-c.org/ns/1.0"><forename type="first">Koray</forename><surname>Kavukcuoglu</surname></persName>
		</author>
	</analytic>
	<monogr>
		<title level="m">ICLR</title>
		<imprint>
			<date type="published" when="2015" />
		</imprint>
	</monogr>
</biblStruct>

<biblStruct xml:id="b4">
	<analytic>
		<title level="a" type="main">Neural machine translation by jointly learning to align and translate</title>
		<author>
			<persName xmlns="http://www.tei-c.org/ns/1.0"><forename type="first">Dzmitry</forename><surname>Bahdanau</surname></persName>
		</author>
		<author>
			<persName xmlns="http://www.tei-c.org/ns/1.0"><forename type="first">Kyunghyun</forename><surname>Cho</surname></persName>
		</author>
		<author>
			<persName xmlns="http://www.tei-c.org/ns/1.0"><forename type="first">Yoshua</forename><surname>Bengio</surname></persName>
		</author>
	</analytic>
	<monogr>
		<title level="m">ICLR</title>
		<imprint>
			<date type="published" when="2015" />
		</imprint>
	</monogr>
</biblStruct>

<biblStruct xml:id="b5">
	<analytic>
		<title level="a" type="main">Counting everyday objects in everyday scenes</title>
		<author>
			<persName xmlns="http://www.tei-c.org/ns/1.0"><forename type="first">Prithvijit</forename><surname>Chattopadhyay</surname></persName>
		</author>
		<author>
			<persName xmlns="http://www.tei-c.org/ns/1.0"><forename type="first">Ramakrishna</forename><surname>Vedantam</surname></persName>
		</author>
		<author>
			<persName xmlns="http://www.tei-c.org/ns/1.0"><forename type="first">Ramprasaath</forename><forename type="middle">R</forename><surname>Selvaraju</surname></persName>
		</author>
		<author>
			<persName xmlns="http://www.tei-c.org/ns/1.0"><forename type="first">Dhruv</forename><surname>Batra</surname></persName>
		</author>
		<author>
			<persName xmlns="http://www.tei-c.org/ns/1.0"><forename type="first">Devi</forename><surname>Parikh</surname></persName>
		</author>
	</analytic>
	<monogr>
		<title level="m">CVPR</title>
		<imprint>
			<date type="published" when="2017" />
		</imprint>
	</monogr>
</biblStruct>

<biblStruct xml:id="b6">
	<analytic>
		<title level="a" type="main">On the properties of neural machine translation: Encoder-decoder approaches</title>
		<author>
			<persName xmlns="http://www.tei-c.org/ns/1.0"><forename type="first">Kyunghyun</forename><surname>Cho</surname></persName>
		</author>
		<author>
			<persName xmlns="http://www.tei-c.org/ns/1.0"><forename type="first">Dzmitry</forename><surname>Van Merrienboer</surname></persName>
		</author>
		<author>
			<persName xmlns="http://www.tei-c.org/ns/1.0"><forename type="first">Yoshua</forename><surname>Bahdanau</surname></persName>
		</author>
		<author>
			<persName xmlns="http://www.tei-c.org/ns/1.0"><surname>Bengio</surname></persName>
		</author>
	</analytic>
	<monogr>
		<title level="m">SSST@EMNLP</title>
		<imprint>
			<date type="published" when="2014" />
		</imprint>
	</monogr>
</biblStruct>

<biblStruct xml:id="b7">
	<monogr>
		<title level="m" type="main">Count-ception: Counting by fully convolutional redundant counting</title>
		<author>
			<persName xmlns="http://www.tei-c.org/ns/1.0"><forename type="first">Joseph</forename><surname>Paul Cohen</surname></persName>
		</author>
		<author>
			<persName xmlns="http://www.tei-c.org/ns/1.0"><forename type="first">Henry</forename><forename type="middle">Z</forename><surname>Lo</surname></persName>
		</author>
		<author>
			<persName xmlns="http://www.tei-c.org/ns/1.0"><forename type="first">Yoshua</forename><surname>Bengio</surname></persName>
		</author>
		<idno type="arXiv">arXiv:1703.08710</idno>
		<imprint>
			<date type="published" when="2017" />
			<publisher>CoRR</publisher>
		</imprint>
	</monogr>
</biblStruct>

<biblStruct xml:id="b8">
	<analytic>
		<title level="a" type="main">Making the V in VQA matter: Elevating the role of image understanding in Visual Question Answering</title>
		<author>
			<persName xmlns="http://www.tei-c.org/ns/1.0"><forename type="first">Yash</forename><surname>Goyal</surname></persName>
		</author>
		<author>
			<persName xmlns="http://www.tei-c.org/ns/1.0"><forename type="first">Tejas</forename><surname>Khot</surname></persName>
		</author>
		<author>
			<persName xmlns="http://www.tei-c.org/ns/1.0"><forename type="first">Douglas</forename><surname>Summers-Stay</surname></persName>
		</author>
		<author>
			<persName xmlns="http://www.tei-c.org/ns/1.0"><forename type="first">Dhruv</forename><surname>Batra</surname></persName>
		</author>
		<author>
			<persName xmlns="http://www.tei-c.org/ns/1.0"><forename type="first">Devi</forename><surname>Parikh</surname></persName>
		</author>
	</analytic>
	<monogr>
		<title level="m">CVPR</title>
		<imprint>
			<date type="published" when="2017" />
		</imprint>
	</monogr>
</biblStruct>

<biblStruct xml:id="b9">
	<analytic>
		<title level="a" type="main">End-to-end training of object class detectors for mean average precision</title>
		<author>
			<persName xmlns="http://www.tei-c.org/ns/1.0"><forename type="first">Paul</forename><surname>Henderson</surname></persName>
		</author>
		<author>
			<persName xmlns="http://www.tei-c.org/ns/1.0"><forename type="first">Vittorio</forename><surname>Ferrari</surname></persName>
		</author>
	</analytic>
	<monogr>
		<title level="m">ACCV</title>
		<imprint>
			<date type="published" when="2017" />
		</imprint>
	</monogr>
</biblStruct>

<biblStruct xml:id="b10">
	<analytic>
		<title level="a" type="main">Long short-term memory</title>
		<author>
			<persName xmlns="http://www.tei-c.org/ns/1.0"><forename type="first">Sepp</forename><surname>Hochreiter</surname></persName>
		</author>
		<author>
			<persName xmlns="http://www.tei-c.org/ns/1.0"><forename type="first">Jürgen</forename><surname>Schmidhuber</surname></persName>
		</author>
	</analytic>
	<monogr>
		<title level="j">Neural Computation</title>
		<imprint>
			<date type="published" when="1997" />
		</imprint>
	</monogr>
</biblStruct>

<biblStruct xml:id="b11">
	<analytic>
		<title level="a" type="main">Learning non-maximum suppression</title>
		<author>
			<persName xmlns="http://www.tei-c.org/ns/1.0"><forename type="first">Jan</forename><surname>Hosang</surname></persName>
		</author>
		<author>
			<persName xmlns="http://www.tei-c.org/ns/1.0"><forename type="first">Rodrigo</forename><surname>Benenson</surname></persName>
		</author>
		<author>
			<persName xmlns="http://www.tei-c.org/ns/1.0"><forename type="first">Bernt</forename><surname>Schiele</surname></persName>
		</author>
	</analytic>
	<monogr>
		<title level="m">CVPR</title>
		<imprint>
			<date type="published" when="2017" />
		</imprint>
	</monogr>
</biblStruct>

<biblStruct xml:id="b12">
	<analytic>
		<title level="a" type="main">Batch normalization: Accelerating deep network training by reducing internal covariate shift</title>
		<author>
			<persName xmlns="http://www.tei-c.org/ns/1.0"><forename type="first">Sergey</forename><surname>Ioffe</surname></persName>
		</author>
		<author>
			<persName xmlns="http://www.tei-c.org/ns/1.0"><forename type="first">Christian</forename><surname>Szegedy</surname></persName>
		</author>
	</analytic>
	<monogr>
		<title level="m">ICML</title>
		<imprint>
			<date type="published" when="2015" />
		</imprint>
	</monogr>
</biblStruct>

<biblStruct xml:id="b13">
	<analytic>
		<title level="a" type="main">Revisiting visual question answering baselines</title>
		<author>
			<persName xmlns="http://www.tei-c.org/ns/1.0"><forename type="first">Allan</forename><surname>Jabri</surname></persName>
		</author>
		<author>
			<persName xmlns="http://www.tei-c.org/ns/1.0"><forename type="first">Armand</forename><surname>Joulin</surname></persName>
		</author>
		<author>
			<persName xmlns="http://www.tei-c.org/ns/1.0"><forename type="first">Laurens</forename><surname>Van Der Maaten</surname></persName>
		</author>
	</analytic>
	<monogr>
		<title level="m">ECCV</title>
		<imprint>
			<date type="published" when="2016" />
		</imprint>
	</monogr>
</biblStruct>

<biblStruct xml:id="b14">
	<analytic>
		<title level="a" type="main">Spatial transformer networks</title>
		<author>
			<persName xmlns="http://www.tei-c.org/ns/1.0"><forename type="first">Max</forename><surname>Jaderberg</surname></persName>
		</author>
		<author>
			<persName xmlns="http://www.tei-c.org/ns/1.0"><forename type="first">Karen</forename><surname>Simonyan</surname></persName>
		</author>
		<author>
			<persName xmlns="http://www.tei-c.org/ns/1.0"><forename type="first">Andrew</forename><surname>Zisserman</surname></persName>
		</author>
		<author>
			<persName xmlns="http://www.tei-c.org/ns/1.0"><forename type="first">Koray</forename><surname>Kavukcuoglu</surname></persName>
		</author>
	</analytic>
	<monogr>
		<title level="m">NIPS</title>
		<imprint>
			<date type="published" when="2015" />
		</imprint>
	</monogr>
</biblStruct>

<biblStruct xml:id="b15">
	<analytic>
		<title level="a" type="main">CLEVR: A diagnostic dataset for compositional language and elementary visual reasoning</title>
		<author>
			<persName xmlns="http://www.tei-c.org/ns/1.0"><forename type="first">Justin</forename><surname>Johnson</surname></persName>
		</author>
		<author>
			<persName xmlns="http://www.tei-c.org/ns/1.0"><forename type="first">Bharath</forename><surname>Hariharan</surname></persName>
		</author>
		<author>
			<persName xmlns="http://www.tei-c.org/ns/1.0"><forename type="first">Laurens</forename><surname>Van Der Maaten</surname></persName>
		</author>
		<author>
			<persName xmlns="http://www.tei-c.org/ns/1.0"><forename type="first">Li</forename><surname>Fei-Fei</surname></persName>
		</author>
		<author>
			<persName xmlns="http://www.tei-c.org/ns/1.0"><forename type="first">C</forename><forename type="middle">Lawrence</forename><surname>Zitnick</surname></persName>
		</author>
		<author>
			<persName xmlns="http://www.tei-c.org/ns/1.0"><forename type="first">Ross</forename><surname>Girshick</surname></persName>
		</author>
	</analytic>
	<monogr>
		<title level="m">CVPR</title>
		<imprint>
			<date type="published" when="2017" />
		</imprint>
	</monogr>
</biblStruct>

<biblStruct xml:id="b16">
	<monogr>
		<title level="m" type="main">Show, ask, attend, and answer: A strong baseline for visual question answering</title>
		<author>
			<persName xmlns="http://www.tei-c.org/ns/1.0"><forename type="first">Vahid</forename><surname>Kazemi</surname></persName>
		</author>
		<author>
			<persName xmlns="http://www.tei-c.org/ns/1.0"><forename type="first">Ali</forename><surname>Elqursh</surname></persName>
		</author>
		<idno type="arXiv">arXiv:1704.03162</idno>
		<imprint>
			<date type="published" when="2017" />
			<publisher>CoRR</publisher>
		</imprint>
	</monogr>
</biblStruct>

<biblStruct xml:id="b17">
	<analytic>
		<title level="a" type="main">Structured attention networks</title>
		<author>
			<persName xmlns="http://www.tei-c.org/ns/1.0"><forename type="first">Yoon</forename><surname>Kim</surname></persName>
		</author>
		<author>
			<persName xmlns="http://www.tei-c.org/ns/1.0"><forename type="first">Carl</forename><surname>Denton</surname></persName>
		</author>
		<author>
			<persName xmlns="http://www.tei-c.org/ns/1.0"><forename type="first">Luong</forename><surname>Hoang</surname></persName>
		</author>
		<author>
			<persName xmlns="http://www.tei-c.org/ns/1.0"><forename type="first">Alexander</forename><forename type="middle">M</forename><surname>Rush</surname></persName>
		</author>
	</analytic>
	<monogr>
		<title level="m">ICLR</title>
		<imprint>
			<date type="published" when="2017" />
		</imprint>
	</monogr>
</biblStruct>

<biblStruct xml:id="b18">
	<analytic>
		<title level="a" type="main">Adam: A method for stochastic optimization</title>
		<author>
			<persName xmlns="http://www.tei-c.org/ns/1.0"><forename type="first">P</forename><surname>Diederik</surname></persName>
		</author>
		<author>
			<persName xmlns="http://www.tei-c.org/ns/1.0"><forename type="first">Jimmy</forename><surname>Kingma</surname></persName>
		</author>
		<author>
			<persName xmlns="http://www.tei-c.org/ns/1.0"><surname>Ba</surname></persName>
		</author>
	</analytic>
	<monogr>
		<title level="m">ICLR</title>
		<imprint>
			<date type="published" when="2015" />
		</imprint>
	</monogr>
</biblStruct>

<biblStruct xml:id="b19">
	<analytic>
		<title level="a" type="main">Learning to combine foveal glimpses with a third-order boltzmann machine</title>
		<author>
			<persName xmlns="http://www.tei-c.org/ns/1.0"><forename type="first">Hugo</forename><surname>Larochelle</surname></persName>
		</author>
		<author>
			<persName xmlns="http://www.tei-c.org/ns/1.0"><forename type="first">Geoffrey</forename><forename type="middle">E</forename><surname>Hinton</surname></persName>
		</author>
	</analytic>
	<monogr>
		<title level="m">NIPS</title>
		<imprint>
			<date type="published" when="2010" />
		</imprint>
	</monogr>
</biblStruct>

<biblStruct xml:id="b20">
	<analytic>
		<title level="a" type="main">Learning to count objects in images</title>
		<author>
			<persName xmlns="http://www.tei-c.org/ns/1.0"><forename type="first">Victor</forename><surname>Lempitsky</surname></persName>
		</author>
		<author>
			<persName xmlns="http://www.tei-c.org/ns/1.0"><forename type="first">Andrew</forename><surname>Zisserman</surname></persName>
		</author>
	</analytic>
	<monogr>
		<title level="m">NIPS</title>
		<imprint>
			<date type="published" when="2010" />
		</imprint>
	</monogr>
</biblStruct>

<biblStruct xml:id="b21">
	<analytic>
		<title level="a" type="main">Hierarchical question-image co-attention for visual question answering</title>
		<author>
			<persName xmlns="http://www.tei-c.org/ns/1.0"><forename type="first">Jiasen</forename><surname>Lu</surname></persName>
		</author>
		<author>
			<persName xmlns="http://www.tei-c.org/ns/1.0"><forename type="first">Jianwei</forename><surname>Yang</surname></persName>
		</author>
		<author>
			<persName xmlns="http://www.tei-c.org/ns/1.0"><forename type="first">Dhruv</forename><surname>Batra</surname></persName>
		</author>
		<author>
			<persName xmlns="http://www.tei-c.org/ns/1.0"><forename type="first">Devi</forename><surname>Parikh</surname></persName>
		</author>
	</analytic>
	<monogr>
		<title level="m">NIPS</title>
		<imprint>
			<date type="published" when="2016" />
		</imprint>
	</monogr>
</biblStruct>

<biblStruct xml:id="b22">
	<analytic>
		<title level="a" type="main">All you need is a good init</title>
		<author>
			<persName xmlns="http://www.tei-c.org/ns/1.0"><forename type="first">Dmytro</forename><surname>Mishkin</surname></persName>
		</author>
		<author>
			<persName xmlns="http://www.tei-c.org/ns/1.0"><forename type="first">Jiri</forename><surname>Matas</surname></persName>
		</author>
	</analytic>
	<monogr>
		<title level="m">ICLR</title>
		<imprint>
			<date type="published" when="2016" />
		</imprint>
	</monogr>
</biblStruct>

<biblStruct xml:id="b23">
	<analytic>
		<title level="a" type="main">Recurrent models of visual attention</title>
		<author>
			<persName xmlns="http://www.tei-c.org/ns/1.0"><forename type="first">Volodymyr</forename><surname>Mnih</surname></persName>
		</author>
		<author>
			<persName xmlns="http://www.tei-c.org/ns/1.0"><forename type="first">Nicolas</forename><surname>Heess</surname></persName>
		</author>
		<author>
			<persName xmlns="http://www.tei-c.org/ns/1.0"><forename type="first">Alex</forename><surname>Graves</surname></persName>
		</author>
		<author>
			<persName xmlns="http://www.tei-c.org/ns/1.0"><forename type="first">Koray</forename><surname>Kavukcuoglu</surname></persName>
		</author>
	</analytic>
	<monogr>
		<title level="m">NIPS</title>
		<imprint>
			<date type="published" when="2014" />
		</imprint>
	</monogr>
</biblStruct>

<biblStruct xml:id="b24">
	<monogr>
		<author>
			<persName xmlns="http://www.tei-c.org/ns/1.0"><forename type="first">Ethan</forename><surname>Perez</surname></persName>
		</author>
		<author>
			<persName xmlns="http://www.tei-c.org/ns/1.0"><forename type="first">Florian</forename><surname>Strub</surname></persName>
		</author>
		<author>
			<persName xmlns="http://www.tei-c.org/ns/1.0"><forename type="first">Vincent</forename><surname>Harm De Vries</surname></persName>
		</author>
		<author>
			<persName xmlns="http://www.tei-c.org/ns/1.0"><forename type="first">Aaron</forename><surname>Dumoulin</surname></persName>
		</author>
		<author>
			<persName xmlns="http://www.tei-c.org/ns/1.0"><surname>Courville</surname></persName>
		</author>
		<idno type="arXiv">arXiv:1709.07871</idno>
		<title level="m">FiLM: Visual reasoning with a general conditioning layer. CoRR</title>
		<imprint>
			<date type="published" when="2017" />
		</imprint>
	</monogr>
</biblStruct>

<biblStruct xml:id="b25">
	<analytic>
		<title level="a" type="main">End-to-end instance segmentation with recurrent attention</title>
		<author>
			<persName xmlns="http://www.tei-c.org/ns/1.0"><forename type="first">Mengye</forename><surname>Ren</surname></persName>
		</author>
		<author>
			<persName xmlns="http://www.tei-c.org/ns/1.0"><forename type="first">Richard</forename><forename type="middle">S</forename><surname>Zemel</surname></persName>
		</author>
	</analytic>
	<monogr>
		<title level="m">CVPR</title>
		<imprint>
			<date type="published" when="2017" />
		</imprint>
	</monogr>
</biblStruct>

<biblStruct xml:id="b26">
	<analytic>
		<title level="a" type="main">A simple neural network module for relational reasoning</title>
		<author>
			<persName xmlns="http://www.tei-c.org/ns/1.0"><forename type="first">Adam</forename><surname>Santoro</surname></persName>
		</author>
		<author>
			<persName xmlns="http://www.tei-c.org/ns/1.0"><forename type="first">David</forename><surname>Raposo</surname></persName>
		</author>
		<author>
			<persName xmlns="http://www.tei-c.org/ns/1.0"><forename type="first">G</forename><forename type="middle">T</forename><surname>David</surname></persName>
		</author>
		<author>
			<persName xmlns="http://www.tei-c.org/ns/1.0"><forename type="first">Mateusz</forename><surname>Barrett</surname></persName>
		</author>
		<author>
			<persName xmlns="http://www.tei-c.org/ns/1.0"><forename type="first">Razvan</forename><surname>Malinowski</surname></persName>
		</author>
		<author>
			<persName xmlns="http://www.tei-c.org/ns/1.0"><forename type="first">Peter</forename><surname>Pascanu</surname></persName>
		</author>
		<author>
			<persName xmlns="http://www.tei-c.org/ns/1.0"><forename type="first">Timothy</forename><forename type="middle">P</forename><surname>Battaglia</surname></persName>
		</author>
		<author>
			<persName xmlns="http://www.tei-c.org/ns/1.0"><surname>Lillicrap</surname></persName>
		</author>
	</analytic>
	<monogr>
		<title level="m">NIPS</title>
		<imprint>
			<date type="published" when="2017" />
		</imprint>
	</monogr>
</biblStruct>

<biblStruct xml:id="b27">
	<monogr>
		<title level="m" type="main">Dropout: A simple way to prevent neural networks from overfitting</title>
		<author>
			<persName xmlns="http://www.tei-c.org/ns/1.0"><forename type="first">Nitish</forename><surname>Srivastava</surname></persName>
		</author>
		<author>
			<persName xmlns="http://www.tei-c.org/ns/1.0"><forename type="first">Geoffrey</forename><surname>Hinton</surname></persName>
		</author>
		<author>
			<persName xmlns="http://www.tei-c.org/ns/1.0"><forename type="first">Alex</forename><surname>Krizhevsky</surname></persName>
		</author>
		<author>
			<persName xmlns="http://www.tei-c.org/ns/1.0"><forename type="first">Ilya</forename><surname>Sutskever</surname></persName>
		</author>
		<author>
			<persName xmlns="http://www.tei-c.org/ns/1.0"><forename type="first">Ruslan</forename><surname>Salakhutdinov</surname></persName>
		</author>
		<imprint>
			<date type="published" when="2014" />
			<publisher>JMLR</publisher>
		</imprint>
	</monogr>
</biblStruct>

<biblStruct xml:id="b28">
	<analytic>
		<title level="a" type="main">Xiaodong He, and Anton van den Hengel. Tips and tricks for visual question answering</title>
		<author>
			<persName xmlns="http://www.tei-c.org/ns/1.0"><forename type="first">Damien</forename><surname>Teney</surname></persName>
		</author>
		<author>
			<persName xmlns="http://www.tei-c.org/ns/1.0"><forename type="first">Peter</forename><surname>Anderson</surname></persName>
		</author>
		<idno type="arXiv">arXiv:1708.02711</idno>
	</analytic>
	<monogr>
		<title level="m">Learnings from the 2017 challenge. CoRR</title>
		<imprint>
			<date type="published" when="2017" />
		</imprint>
	</monogr>
</biblStruct>

<biblStruct xml:id="b29">
	<analytic>
		<title level="a" type="main">Interpretable counting for visual question answering</title>
		<author>
			<persName xmlns="http://www.tei-c.org/ns/1.0"><forename type="first">Alexander</forename><surname>Trott</surname></persName>
		</author>
		<author>
			<persName xmlns="http://www.tei-c.org/ns/1.0"><forename type="first">Caiming</forename><surname>Xiong</surname></persName>
		</author>
		<author>
			<persName xmlns="http://www.tei-c.org/ns/1.0"><forename type="first">Richard</forename><surname>Socher</surname></persName>
		</author>
	</analytic>
	<monogr>
		<title level="m">ICLR</title>
		<imprint>
			<date type="published" when="2018" />
		</imprint>
	</monogr>
</biblStruct>

<biblStruct xml:id="b30">
	<analytic>
		<title level="a" type="main">Stacked attention networks for image question answering</title>
		<author>
			<persName xmlns="http://www.tei-c.org/ns/1.0"><forename type="first">Zichao</forename><surname>Yang</surname></persName>
		</author>
		<author>
			<persName xmlns="http://www.tei-c.org/ns/1.0"><forename type="first">Xiaodong</forename><surname>He</surname></persName>
		</author>
		<author>
			<persName xmlns="http://www.tei-c.org/ns/1.0"><forename type="first">Jianfeng</forename><surname>Gao</surname></persName>
		</author>
		<author>
			<persName xmlns="http://www.tei-c.org/ns/1.0"><forename type="first">Li</forename><surname>Deng</surname></persName>
		</author>
		<author>
			<persName xmlns="http://www.tei-c.org/ns/1.0"><forename type="first">Alexander</forename><forename type="middle">J</forename><surname>Smola</surname></persName>
		</author>
	</analytic>
	<monogr>
		<title level="m">CVPR</title>
		<imprint>
			<date type="published" when="2016" />
		</imprint>
	</monogr>
</biblStruct>

<biblStruct xml:id="b31">
	<analytic>
		<title level="a" type="main">Deep Lattice Networks and Partial Monotonic Functions</title>
		<author>
			<persName xmlns="http://www.tei-c.org/ns/1.0"><forename type="first">Seungil</forename><surname>You</surname></persName>
		</author>
		<author>
			<persName xmlns="http://www.tei-c.org/ns/1.0"><forename type="first">David</forename><surname>Ding</surname></persName>
		</author>
		<author>
			<persName xmlns="http://www.tei-c.org/ns/1.0"><forename type="first">Kevin</forename><surname>Canini</surname></persName>
		</author>
		<author>
			<persName xmlns="http://www.tei-c.org/ns/1.0"><forename type="first">Jan</forename><surname>Pfeifer</surname></persName>
		</author>
		<author>
			<persName xmlns="http://www.tei-c.org/ns/1.0"><forename type="first">Maya</forename><surname>Gupta</surname></persName>
		</author>
	</analytic>
	<monogr>
		<title level="m">NIPS</title>
		<imprint>
			<date type="published" when="2017" />
		</imprint>
	</monogr>
</biblStruct>

<biblStruct xml:id="b32">
	<monogr>
		<title level="m" type="main">Beyond bilinear: Generalized multi-modal factorized high-order pooling for visual question answering</title>
		<author>
			<persName xmlns="http://www.tei-c.org/ns/1.0"><forename type="first">Yu</forename><surname>Zhou</surname></persName>
		</author>
		<author>
			<persName xmlns="http://www.tei-c.org/ns/1.0"><forename type="first">Yu</forename><surname>Jun</surname></persName>
		</author>
		<author>
			<persName xmlns="http://www.tei-c.org/ns/1.0"><forename type="first">Xiang</forename><surname>Chenchao</surname></persName>
		</author>
		<author>
			<persName xmlns="http://www.tei-c.org/ns/1.0"><forename type="first">Fan</forename><surname>Jianping</surname></persName>
		</author>
		<author>
			<persName xmlns="http://www.tei-c.org/ns/1.0"><forename type="first">Tao</forename><surname>Dacheng</surname></persName>
		</author>
		<idno type="arXiv">arXiv:1708.03619</idno>
		<imprint>
			<date type="published" when="2017" />
			<publisher>CoRR</publisher>
		</imprint>
	</monogr>
</biblStruct>

<biblStruct xml:id="b33">
	<monogr>
		<title level="m" type="main">Structured attentions for visual question answering</title>
		<author>
			<persName xmlns="http://www.tei-c.org/ns/1.0"><forename type="first">Chen</forename><surname>Zhu</surname></persName>
		</author>
		<author>
			<persName xmlns="http://www.tei-c.org/ns/1.0"><forename type="first">Yanpeng</forename><surname>Zhao</surname></persName>
		</author>
		<author>
			<persName xmlns="http://www.tei-c.org/ns/1.0"><forename type="first">Shuaiyi</forename><surname>Huang</surname></persName>
		</author>
		<author>
			<persName xmlns="http://www.tei-c.org/ns/1.0"><forename type="first">Kewei</forename><surname>Tu</surname></persName>
		</author>
		<author>
			<persName xmlns="http://www.tei-c.org/ns/1.0"><forename type="first">Yi</forename><surname>Ma</surname></persName>
		</author>
		<idno type="arXiv">arXiv:1708.02071</idno>
		<imprint>
			<date type="published" when="2017" />
			<publisher>CoRR</publisher>
		</imprint>
	</monogr>
</biblStruct>

				</listBibl>
			</div>
		</back>
	</text>
</TEI>
