<?xml version="1.0" encoding="UTF-8"?>
<TEI xml:space="preserve" xmlns="http://www.tei-c.org/ns/1.0" 
xmlns:xsi="http://www.w3.org/2001/XMLSchema-instance" 
xsi:schemaLocation="http://www.tei-c.org/ns/1.0 /Users/cindy/tmp/grobid-0.6.1/grobid-home/schemas/xsd/Grobid.xsd"
 xmlns:xlink="http://www.w3.org/1999/xlink">
	<teiHeader xml:lang="en">
		<fileDesc>
			<titleStmt>
				<title level="a" type="main">Three years of the Right to be Forgotten</title>
			</titleStmt>
			<publicationStmt>
				<publisher/>
				<availability status="unknown"><licence/></availability>
				<date type="published" when="2014-05-30">May 30, 2014-Dec 31, 2017</date>
			</publicationStmt>
			<sourceDesc>
				<biblStruct>
					<analytic>
						<author>
							<persName xmlns="http://www.tei-c.org/ns/1.0"><forename type="first">Theo</forename><surname>Bertram</surname></persName>
						</author>
						<author>
							<persName xmlns="http://www.tei-c.org/ns/1.0"><forename type="first">Elie</forename><surname>Bursztein</surname></persName>
						</author>
						<author>
							<persName xmlns="http://www.tei-c.org/ns/1.0"><forename type="first">Stephanie</forename><surname>Caro</surname></persName>
						</author>
						<author>
							<persName xmlns="http://www.tei-c.org/ns/1.0"><forename type="first">Hubert</forename><surname>Chao</surname></persName>
						</author>
						<author>
							<persName xmlns="http://www.tei-c.org/ns/1.0"><forename type="first">Rutledge</forename><forename type="middle">Chin</forename><surname>Feman</surname></persName>
						</author>
						<author>
							<persName xmlns="http://www.tei-c.org/ns/1.0"><forename type="first">Peter</forename><surname>Fleischer</surname></persName>
						</author>
						<author>
							<persName xmlns="http://www.tei-c.org/ns/1.0"><forename type="first">Albin</forename><surname>Gustafsson</surname></persName>
						</author>
						<author>
							<persName xmlns="http://www.tei-c.org/ns/1.0"><forename type="first">Jess</forename><surname>Hemerly</surname></persName>
						</author>
						<author>
							<persName xmlns="http://www.tei-c.org/ns/1.0"><forename type="first">Chris</forename><surname>Hibbert</surname></persName>
						</author>
						<author>
							<persName xmlns="http://www.tei-c.org/ns/1.0"><forename type="first">Luca</forename><surname>Invernizzi</surname></persName>
						</author>
						<author>
							<persName xmlns="http://www.tei-c.org/ns/1.0"><forename type="first">Kammourieh</forename><surname>Lanah</surname></persName>
						</author>
						<author>
							<persName xmlns="http://www.tei-c.org/ns/1.0"><forename type="first">Jason</forename><surname>Donnelly</surname></persName>
						</author>
						<author>
							<persName xmlns="http://www.tei-c.org/ns/1.0"><forename type="first">Jay</forename><surname>Ketover</surname></persName>
						</author>
						<author>
							<persName xmlns="http://www.tei-c.org/ns/1.0"><forename type="first">Paul</forename><surname>Laefer</surname></persName>
						</author>
						<author>
							<persName xmlns="http://www.tei-c.org/ns/1.0"><forename type="first">Yuan</forename><surname>Nicholas</surname></persName>
						</author>
						<author>
							<persName xmlns="http://www.tei-c.org/ns/1.0"><forename type="first">Harjinder</forename><surname>Niu</surname></persName>
						</author>
						<author>
							<persName xmlns="http://www.tei-c.org/ns/1.0"><forename type="first">David</forename><surname>Obhi</surname></persName>
						</author>
						<author>
							<persName xmlns="http://www.tei-c.org/ns/1.0"><forename type="first">Andrew</forename><surname>Price</surname></persName>
						</author>
						<author>
							<persName xmlns="http://www.tei-c.org/ns/1.0"><forename type="first">Kurt</forename><surname>Strait</surname></persName>
						</author>
						<author>
							<persName xmlns="http://www.tei-c.org/ns/1.0"><forename type="first">Al</forename><surname>Thomas</surname></persName>
						</author>
						<author>
							<persName xmlns="http://www.tei-c.org/ns/1.0"><surname>Verney</surname></persName>
						</author>
					</analytic>
					<monogr>
						<imprint>
							<date type="published" when="2014-05-30">May 30, 2014-Dec 31, 2017</date>
						</imprint>
					</monogr>
				</biblStruct>
			</sourceDesc>
		</fileDesc>
		<encodingDesc>
			<appInfo>
				<application version="0.6.1" ident="GROBID" when="2021-02-16T16:02+0000">
					<desc>GROBID - A machine learning software for extracting information from scholarly documents</desc>
					<ref target="https://github.com/kermitt2/grobid"/>
				</application>
			</appInfo>
		</encodingDesc>
		<profileDesc>
			<abstract>
				<p>The &quot;Right to be Forgotten&quot; is a privacy ruling that enables Europeans to delist certain URLs appearing in search results related to their name. In order to illuminate the effect this ruling has on information access, we conduct a retrospective measurement study of 2.4 million URLs that were requested for delisting from Google Search over the last three and a half years. We analyze the countries and anonymized parties generating the largest volume of requests; the news, government, social media, and directory sites most frequently targeted for delisting; and the prevalence of extraterritorial requests. Our results dramatically increase transparency around the Right to be Forgotten and reveal the complexity of weighing personal privacy against public interest when resolving multi-party privacy conflicts that occur across the Internet. mation referenced by a URL (e.g., political platforms, personal information). Requests skew toward a small number of countries and individuals: France, Germany, and the United Kingdom generated 51% of URL delisting requests. Similarly, just 1,000 requesters (0.25% of individuals filing RTBF requests) requested 15% of all URLs. Many of these frequent requesters were law firms and reputation management services. Requests predominantly come from private individuals: 85% of requested URLs came from private individuals, while minors made up 5% of requesters. In the last two years, non-government public figures such as celebrities requested the delisting of 41,213 URLs and politicians and government officials another 33,937 URLs.</p>
			</abstract>
		</profileDesc>
	</teiHeader>
	<text xml:lang="en">
		<body>
<div xmlns="http://www.tei-c.org/ns/1.0"><head n="1">Introduction</head><p>The "Right to be Forgotten" (RTBF) is a landmark European ruling governing the delisting of information from search results. It establishes a right to privacy, whereby individuals can request that search engines such as Google, Bing, and Yahoo delist URLs from across the Internet that contain "inaccurate, inadequate, irrelevant or excessive" information surfaced by queries containing the name of the requester <ref type="bibr" target="#b6">[7]</ref>. Critically, the ruling requires that search engine operators make the determination for whether an individual's right to privacy outweighs the public's right to access lawful information when delisting URLs.</p><p>After the RTBF came into effect in May 2014, the broad applicability of the ruling raised significant questions about how search engine operators weighed and ultimately resolved delisting requests <ref type="bibr" target="#b22">[23]</ref>. Additionally, while Google and Bing both publicly report the volume of RTBF requests <ref type="bibr" target="#b12">[13,</ref><ref type="bibr" target="#b20">21]</ref>, there has been a demand for more public data on the types of information that search engines delist as well as on the entities seeking *All authors are affiliated with Google.</p><p>RTBF delistings, as exemplified by a letter published from 80 academics <ref type="bibr" target="#b18">[19]</ref>. Any such transparency requires striking a balance that also respects the privacy of the individuals involved.</p><p>In this work, we address the need for greater transparency by shedding light on how Europeans use the RTBF in practice. Our measurements study covers over three years of RTBF delisting requests to Google Search, totaling nearly 2.4 million URLs. From this dataset, we provide a detailed analysis of the countries and anonymized individuals generating the largest volume of requests; the news, government, social media, and directory sites most frequently targeted for delisting; and the prevalence of extraterritorial requests that cross regional and international boundaries.</p><p>We frame the key findings of our analysis as follows:</p><p>There are two dominant intents for RTBF delisting requests: 33% of requested URLs related to social media and directory services that contained personal information, while 20% of URLs related to news outlets and government websites that in a majority of cases covered a requester's legal history. The remaining 47% of requested URLs covered a broad diversity of content on the Internet.</p><p>Variations in regional attitudes to privacy, local laws, and media norms influence the URLs requested for delisting: individuals from France and Germany frequently requested to delist social media and directory pages, while requesters from Italy and the United Kingdom were 3x more likely to target news sites.</p><p>Requests carry a local intent: over 77% of requests to delist URLs rooted in a country code top-level domain (e.g., peoplecheck.de) came from requesters in the same country; all of the top 25 news outlets targeted for delisting received a minimum of 86% of requested URLs from requesters in the same country.</p><p>Only 43% of URLs meet the criteria for delisting: delisting rates ranged from 23-52% by country, and 3-100% based on the category of personal infor-</p></div>
<div xmlns="http://www.tei-c.org/ns/1.0"><head n="2">The Right to be Forgotten</head><p>Before diving into our analysis, we provide a short background on the RTBF and how it compares to other privacy controls. We also discuss the process for how Google arrives at delisting verdicts, how Google enforces delistings, and recent rulings that recognize a RTBF in other countries.</p></div>
<div xmlns="http://www.tei-c.org/ns/1.0"><head n="2.1">Origin</head><p>In May 2014, the Court of Justice of the European Union established a RTBF <ref type="bibr" target="#b0">[1]</ref>. It allows Europeans to request that search engines delist links present in search results containing an individual's name, if the individual's right to privacy outweighs public interest in those results. The delisted information must be "inaccurate, inadequate, irrelevant or no longer relevant, or excessive in relation to those purposes and in the light of the time that has elapsed." The ruling requires that search engine operators conduct this balancing test and arrive at a verdict.</p><p>In the wake of the ruling, Google formed an advisory council drawn from academic scholars, media producers, data protection authorities, civil society, and technologists to establish decision criteria for particularly challenging delisting requests <ref type="bibr" target="#b7">[8]</ref>. Google also added a transparency report to reveal the volume of requests and domains targeted for delisting <ref type="bibr" target="#b12">[13]</ref>. Transparency around this process is challenging, as the requester's identity cannot be disclosed. This has lead to the development of a set of proposed best practices from Data Protection Authorities for handling delisting requests <ref type="bibr" target="#b2">[4]</ref>. In parallel, researchers have examined de-anonymization risks surrounding the RTBF <ref type="bibr" target="#b28">[29]</ref>.</p><p>Compared to other privacy techniques such as access control policies in social networks or anonymization services, the RTBF is a unique in how it addresses multi-party privacy conflicts. Under the RTBF, access to lawfully published, truthful information about a person may be restricted via search engines (e.g., a criminal conviction, or a photo). That older information is more likely to be access restricted than newer information is perhaps an important issue for both civil society and future generations.</p></div>
<div xmlns="http://www.tei-c.org/ns/1.0"><head n="2.2">Decision process</head><p>Individuals located in European Union countries, as well as Iceland, Liechtenstein, Norway, and Switzerland are eligible to submit a RTBF request, and can do so via Google's online delisting form <ref type="bibr" target="#b11">[12]</ref>. As part of this form, requesters must both verify their identity by submitting a document (a government-issued ID is not required) and provide a list of URLs they would like to delist, along with the search queries leading to these URLs and a short comment about how the URLs relate to the requester. Requesters also choose a country associated with the request, which is often their country of residence.</p><p>Google assigns every request to at least one or more reviewers for manual review. There is no automation in the decision making process. In broad terms, the reviewers consider four criteria that weigh public interest versus the requester's personal privacy:</p><p>1. The validity of the request, both in terms of actionability (e.g., the request specifies exact URLs for delisting) and the requester's connection to an EU/EEA country. 2. The identity of the requester, both to prevent spoofing or other abusive requests, and to assess whether the requester is a minor, politician, professional, or public figure. For example, if the requester is a public figure, there may be heightened public interest surrounding the content compared to a private individual. 3. The content referenced by the URL. For example, information related to a requester's business may be of public interest for potential customers. Similarly, content related to a violent crime may be of inter-est to the general public. Other dimensions of this consideration include the sensitive, private nature of the content and the degree to which the requester consented to the information being made public. 4. The source of the information, be it a government site or news site, or a blog or forum. In the case of government pages, access to a URL may reflect a decision by the government to inform society on a particular matter of public interest.</p><p>In assessing each of these criteria, reviewers may seek additional details from the requester. When applicable, reviewers will also take into account recommendation from Data Protection Authorities. Ultimately, a decision is made to delist the URL from Google Search or reject the request.</p></div>
<div xmlns="http://www.tei-c.org/ns/1.0"><head n="2.3">Delisting visibility</head><p>Delistings occur on result pages for queries containing a requester's name on (1) Google's European country search services 1 ; and (2) on all country search services, including google.com, for queries performed from geolocations that match the requestor's country <ref type="bibr" target="#b9">[10]</ref>. However, in 2015 the French data privacy regulator CNIL notified Google to extend the scope of delisted URLs globally, not just within Europe <ref type="bibr" target="#b8">[9]</ref>. Google appealed this decision, and the matter is now under consideration by the Court of Justice of the European Union [2, 24].</p></div>
<div xmlns="http://www.tei-c.org/ns/1.0"><head n="2.4">Similar rulings in other countries</head><p>While this study focuses solely on the European RTBF, for completeness we note that other countries have adopted similar rulings. In July, 2015 Russia passed a law that allows citizens to delist links from Russian search engines that "violates Russian laws or if the information is false or has become obsolete" <ref type="bibr" target="#b25">[26]</ref>. Turkey established its own version of the RTBF in October, 2016 <ref type="bibr" target="#b21">[22]</ref>. As our subsequent findings identify large variations in the privacy attitudes of different countries, it is unlikely our results generalize to these other RTBF laws. </p></div>
<div xmlns="http://www.tei-c.org/ns/1.0"><head n="3">Dataset</head><p>Our dataset includes all European RTBF requests filed with Google Search from May 30, 2014 (when Google first implemented a delisting mechanism) to December 31, 2017. We provide a high level summary of this data in <ref type="table" target="#tab_0">Table 1</ref>. Each record consists of two parts: (1) basic information related to URLs requested for delisting; and (2) additional annotations added by reviewers in the course of arriving at a verdict, described here.</p></div>
<div xmlns="http://www.tei-c.org/ns/1.0"><head n="3.1">Basic request data</head><p>Every request consists of the requester's self-reported name, email address, country of residence, the date of the request, and the URLs requested for delisting, which we refer to from here on out as the requested URLs. Over the three year and a seven month period covered by our dataset, Google processed a total of 2,367,380 requested URLs submitted by 399,779 requesters 2 . Additionally, each request includes a verdict per URL (i.e., delisted, rejected) and the date reviewers reached that verdict.</p></div>
<div xmlns="http://www.tei-c.org/ns/1.0"><head n="3.2">Annotations</head><p>Starting in January 22, 2016, Google reviewers began manually annotating each requested URL with additional categorical data for improving transparency around RTBF requests.</p></div>
<div xmlns="http://www.tei-c.org/ns/1.0"><head>Category of site:</head><p>The first annotation consists of a general purpose category that captures common strains of delisting requests related to social media, directory services, news, and government pages as shown in Table 2. These categories are not meant to be exhaustive. Rather, they enable tracking trends within categories and divergent interests between countries. In total, 55.1% of requested URLs from 2016 onward fell into one of these categories. Reviewers labeled the other 44.9% as Miscellaneous. The large volume of miscellaneous URLs stems directly from the inherent diversity of content on the Internet. Examples of sites in this category include archival sites like archive.is, forums and blogs like indymedia.org, and articles or discussions on wikipedia.org.</p></div>
<div xmlns="http://www.tei-c.org/ns/1.0"><head>Content on page:</head><p>In the process of reviewing a URL to determine whether it meets the criteria for delisting, reviewers will categorize the information found on a page into a high-level description that captures the intent of the delisting as shown in <ref type="table">Table 3</ref>. Most of these categories relate to varying degrees of potentially private information. Two categories-self-authored and name not found-relate to how information was authored or whether content is anonymized or does not reference the the requester by name. In total, reviewers determined a content category for 78.6% of requested URLs. The remaining 21.4% did not fall into one of these categories and were denoted Miscellaneous.</p><p>Requesting entity: The final annotation identifies special categories of individuals. These categories capture the degree to which information may be judged to have more of or less of a public interest, or the eligibility of the requester. We provide a category breakdown in <ref type="table">Table 4</ref>. In total, reviewers labeled 100% of requesters as belonging to one of these categories.</p></div>
<div xmlns="http://www.tei-c.org/ns/1.0"><head n="3.3">Ethics &amp; Reproducibility</head><p>Our analysis broadly expands on the information currently available in Google's Transparency Report <ref type="bibr" target="#b13">[14]</ref>. Following the transparency report's same standard, in the course of our analysis we never discuss details that might de-anonymize requesters or draw attention to specific URL content that was delisted. This emphasis on privacy creates a fundamental tension with standards for reproducible science. We cannot directly reveal a sample mapping between URLs and our annotations, nor can we reveal the exact URLs requested and the justification for delisting verdicts. We recognize these limitations upfront-but nevertheless argue it is critical to increase transparency surrounding how Europeans apply the RTBF and how it influences access to information on the Internet.</p></div>
<div xmlns="http://www.tei-c.org/ns/1.0"><head n="4">Delisting Requests</head><p>To start, we examine how the public's use of the RTBF as a privacy tool has evolved over time. We explore the top countries generating requests, the impact of highvolume requesters on overall requests and delistings, and the number of corporations and government officials filing requests.</p></div>
<div xmlns="http://www.tei-c.org/ns/1.0"><head n="4.1">Timeline of requests</head><p>In order to understand whether RTBF requests are increasing in frequency, we calculate the number of URLs requested every month in <ref type="figure" target="#fig_0">Figure 1</ref>. During the first two months after RTBF enforcement began in May, 2014, requesters sought to delist roughly 282,000 URLs. From 2015 onward, RTBF requests fell to an average of approximately 45,000 URLs requested each month. Broken down by year, 39.7% of URLs were requested in the first year of enforcement, 24.9% in the second year, 22.0% in the third year, and the remaining 13.4% in the last seven months. We note this metric includes all requests, even those that reviewers ultimately declined to delist. In aggregate, only 43.3% of requested URLs met the criteria for delisting.</p><p>As an alternate metric of usage, we examine the arrival rate of new requesters as shown in <ref type="figure" target="#fig_1">Figure 2</ref>. After</p></div>
<div xmlns="http://www.tei-c.org/ns/1.0"><head>Label Description</head><p>Personal information The requester's personal address, residence, and contact information or images and videos.</p></div>
<div xmlns="http://www.tei-c.org/ns/1.0"><head>Sensitive personal information</head><p>The requester's medical status, sexual orientation, creed, ethnicity, or political affiliation.</p><p>Professional information A requester's work address, contact information, or neutral stories about their business activities.</p></div>
<div xmlns="http://www.tei-c.org/ns/1.0"><head>Professional wrongdoing</head><p>References to the requester's convictions of a crime, acquittals, or exonerations in a professional role.</p></div>
<div xmlns="http://www.tei-c.org/ns/1.0"><head>Crime</head><p>References to the requester's convictions of a crime, acquittals, or exonerations.</p></div>
<div xmlns="http://www.tei-c.org/ns/1.0"><head>Political</head><p>Criticism of a requester's political or government activities, or information about their platform.</p></div>
<div xmlns="http://www.tei-c.org/ns/1.0"><head>Self authored</head><p>Requester authored the content.</p></div>
<div xmlns="http://www.tei-c.org/ns/1.0"><head>Name not found</head><p>No reference to the requester's name found in the content of the URL, though their name may appear in the URL parameters. <ref type="table">Table 3</ref>. Manually applied disjoint labels for the potentially private information appearing on a page requested for delisting. We denote content not falling into one of these categories as Miscellaneous.</p></div>
<div xmlns="http://www.tei-c.org/ns/1.0"><head>Label Description</head><p>Private individual Default label for requesters not falling into a special category.</p></div>
<div xmlns="http://www.tei-c.org/ns/1.0"><head>Minor</head><p>Requester is under the age of 18.</p></div>
<div xmlns="http://www.tei-c.org/ns/1.0"><head>Government official, politician</head><p>Requester is a current or former government official or politician.</p></div>
<div xmlns="http://www.tei-c.org/ns/1.0"><head>Corporate entity</head><p>Requester is filing on the behalf of a business or corporation.</p></div>
<div xmlns="http://www.tei-c.org/ns/1.0"><head>Deceased person</head><p>Requester is filing on the behalf of a deceased person.</p></div>
<div xmlns="http://www.tei-c.org/ns/1.0"><head>Non-governmental public figure</head><p>Requester known at an international level (e.g., a famous actor or actress), or has a significant role in public life within a specific region or area (e.g., a famous academic well known in their field). <ref type="table">Table 4</ref>. Manually applied disjoint labels for identifying categories of requesting entities.</p><formula xml:id="formula_0">1 4 -0 5 2 0 1 4 -1 1 2 0 1 5 -0 5 2 0 1 5 -1 1 2 0 1 6 -0 5 2 0 1 6 -1 1 2 0 1 7 -0 5 2 0 1 7 -1 1 0K 20K 40K 60K 80K 100K 120K 140K 160K 180K</formula><p>URLs requested per month the initial spike of interest, the number of new requesters since January 1, 2015 fell to an average of approximately 7,200 each month. Broken down by year, 43.5% of previously unseen requesters applied during the first year of enforcement, 23.8% in the second, 21.9% in the third year, and the remaining 10.8% in the last seven months. This indicates that while new Europeans continue to seek delistings under the RTBF, the total volume of previously unseen requesters has declined year after year.</p><formula xml:id="formula_1">2 0 1 4 -0 5 2 0 1 4 -1 1 2 0 1 5 -0 5 2 0 1 5 -1 1 2 0 1 6 -0 5 2 0 1 6 -1 1 2 0 1 7 -0 5 2 0 1 7 -1 1 0K 5K 10K 15K 20K 25K 30K 35K</formula><p>Previously unseen requesters </p></div>
<div xmlns="http://www.tei-c.org/ns/1.0"><head n="4.2">Requests and delistings by country</head><p>We find a handful of countries heavily skew the volume of requests, as shown in <ref type="table" target="#tab_2">Table 5</ref>. Combined, requesters from France, Germany, and the United Kingdom generated 50.6% of requested URLs. While these are some of the most populous nations covered under the RTBF, they also are some of the highest volume in terms of requests per capita as shown in <ref type="figure">Figure 3</ref>. For every thousand requesters in France, drawn from United <ref type="table" target="#tab_0">0  2  4  6  8  10  12  14  16</ref> URLs per 1000 capita Internet-using population Population <ref type="figure">Fig. 3</ref>. URLs requested for delisting per capita, sorted by the Internet-using population of each country. For every thousand residents connected to the Internet, there were between 2.2-13.4 URLs requested for delisting per country.</p><formula xml:id="formula_2">E E F R H R N L S E N O L T B E C H L V F I A T D E E S L U S I G B I T M T D K I E R O I S C Z B G H U P L P T C Y S K G R</formula><formula xml:id="formula_3">C Z N O F R D E D K L U N L B E A T C H S E F I E E S K P L H U G B L T H R E S I E C Y I T I S S I L V G R R O M T P T B G 20% 25% 30% 35% 40% 45% 50% 55% 60%</formula><p>Removal rate Nations population estimates for 2015 <ref type="bibr" target="#b27">[28]</ref>, Google received approximately 7.5 requested URLs. If we restrict population to estimated Internet users, drawn from the International Telecommunication Union Internet penetration estimates for 2015 <ref type="bibr" target="#b17">[18]</ref>, then every thousand Internet users in France requested 8.9 URLs. In comparison, requesters from Germany and the United Kingdom generated roughly half that volume, with 5.7 and 5.1 requested URLs per thousand Internet-using residents respectively. These findings suggest that usage of the RTBF differs across countries, with requesters from Estonia filing the most requests per capita, and Greece the least (excluding countries with fewer than 1,000 requests). As we explore later in Section 5, multiple factors may help explain this including regional news and government practices on reporting private information as well as social media penetration. We provide a detailed breakdown of delisting decision outcomes per country in <ref type="figure">Figure 4</ref>. Delisting rates ranged from 51.7% for URLs requested by individuals from the Czech Republic, down to 23.4% for URLs requested by individuals from Bulgaria. Among the largest countries by volume, France and Germany had similar delisting rates-48.6% and 47.8% respectivelywhile the United Kingdom had a lower delisting rate at 39.7%. As we show more in Section 5, this spectrum of delisting rates stems from requesters of some countries more frequently targeting news or government websites where there is a public interest value that ultimately leads to rejecting the delisting.</p></div>
<div xmlns="http://www.tei-c.org/ns/1.0"><head n="4.3">High-volume requesters</head><p>As individuals have varying privacy expectations and digital footprints, we examine the volume of requested URLs per requester. We find a small number of requesters made heavy use of the RTBF to delist URLs as shown in <ref type="figure">Figure 5</ref>. The top thousand requesters (0.25% </p></div>
<div xmlns="http://www.tei-c.org/ns/1.0"><head n="4.4">Requesting entities</head><p>As the RTBF explicitly outlines public interest as one of the balancing criteria when judging delistings, it's also important to understand the categories of entities requesting to delist URLs. Starting in 2016, Google began categorizing requesters into coarse groups (discussed in Section 3). We provide a breakdown of all requested URLs since January, 2016 based on these categories in <ref type="table" target="#tab_4">Table 6</ref>. A majority of requested URLs-84.5%-were from private individuals. Minors constituted 5.4% of all requested URLs, a special group with a delisting rate nearly twice as high as private individuals. Government officials and politicians generated 3.3% of requested URLs and had a lower delisting rate than private individuals. The low delisting rates for government officials highlights one aspect of the public interest balance that Google strikes when applying the RTBF. We </p></div>
<div xmlns="http://www.tei-c.org/ns/1.0"><head n="4.5">Processing time</head><p>With tens of thousands of RTBF requests filed each month, we examine the time it takes Google to review each request and reach a verdict, where a request may include multiple URLs. In the first two months after Google began delisting URLs under the RTBF, it took a median of 85 days to reach a decision from the time a requester first filed a request. This delay resulted from reviewers establishing cases for what constituted the inaccurate, inadequate, irrelevant, or excessive information. After January 1, 2017, a URL took a median of 4 days to process. Reviewing requests is critical for catching fraudulent and erroneous submissions. In one case, an individual, who was convicted for two separate instances of domestic violence within the previous five years, sent Google a delisting request focusing on the fact that their first conviction was "spent" under local law. The requester did not disclose that their second conviction was not similarly spent, and falsely attributed all the pages sought for delisting to the first conviction. Reviewers discovered this as part of the review process and the request was ultimately rejected. In a another case, reviewers first delisted 150 URLs submitted by a businessman who was convicted for benefit fraud, after they provided documentation confirming their acquittal. When the same person later requested the delisting of URLs related to a conviction for manufacturing court documents about their acquittal, reviewers evaluated the acquittal documentation sent to Google, found it to be a forgery, and reinstated all previously delisted URLs.</p><p>More typically though, requests were rejected due to errors on the part of the requester. Common errors included requests for URLs not in Google's search index and invalid or incomplete URLs (e.g., requesting facebook.com rather than a specific profile page). For requests filed after 2016 when reviewers started annotating requests, 24.5% were rejected due to errors on the part of the requester.</p></div>
<div xmlns="http://www.tei-c.org/ns/1.0"><head n="5">Content Targeted</head><p>In total, requesters have sought to delist URLs related to 395,907 different hostnames on the Internet. These requests capture a spectrum of potentially personal information: some requesters seek to control their digital footprint exposed through social networks and directory services, while others delist URLs related to news sources and government reports. We explore these divergent applications in terms of the hostnames targeted, the categories of content present on requested pages, and ultimately whether there are better mechanisms for the public to resort to for controlling personal information on popularly requested sites.</p></div>
<div xmlns="http://www.tei-c.org/ns/1.0"><head n="5.1">Frequently targeted sites</head><p>We present a breakdown of the top 20 hostnames requested for delisting from May 2014-Dec 2017 in Table 7. <ref type="bibr" target="#b1">3</ref> We rely on hostnames rather than second-level domains to differentiate multiple services hosted on the same domain (e.g., wordpress.com). Roughly half of the sites listed are social networks and forums, the most popular including Facebook, YouTube, Google+, Google Groups, and Twitter. In practice requests to these sites may be greater as many operate ccTLDs that are not reflected in the top <ref type="bibr" target="#b19">20</ref>  To provide a perspective of the long tail of remaining hostnames, we measure the cumulative fraction of requests covered by successively adding the next most popular hostname in <ref type="figure">Figure 6</ref>. We find 20.9% of requested URLs target only 100 hostnames and 40.8% of requests target the top 1,000 hostnames. In contrast, 60.3% of hostnames received only a single request and 89.6% of hostnames at most 5 requests. Our results indicate that the privacy concerns of Europeans concentrate on a small fraction of the hundreds of millions of hostnames on the Internet.</p></div>
<div xmlns="http://www.tei-c.org/ns/1.0"><head n="5.2">Categories of sites</head><p>In order to gain a broad perspective of the categories of sites targeted by requests, we rely on two years of labels from January, 2016 onward assigned to each requested URL (discussed in Section 3). These labels cover four mutually exclusive categories: social media content, news sources, directory and information aggregators, and government pages. We provide a breakdown of requested URLs by category in these two categories in aggregate surpassed 51%. News media, entirely absent from the top 20 requested hostnames, made up 17.5% of requested URLs; a reflection of the volume of independent media outlets on the Internet. Far less frequent, government pages made up only 2.5% of requested URLs. Given the public interest nature of news and government records, delisting rates were lower than average-32.2% and 19.5% respectively. The remaining 47.3% of URLs did not fall within a welldefined category.</p><p>We provide a monthly breakdown of requested URLs by the category of site in <ref type="figure">Figure 7</ref>. We find requests targeting news-related content steadily increased from 14.7% to 19.1%, while social media requests generally declined from 15.5% to 12.5%, other than a renewed burst in the last month focused largely on Instagram. These trends may reflect requesters adapting their privacy concerns over time. For social media, entities may be finding other mechanisms to proactively reign in their social media footprint (or are less concerned). In contrast, news or directory services remain outside a requester's control.</p><p>Cut another way, we find broad variations in the categories of sites requested by individuals of different 2 0 1 6 -0 1 2 0 1 6 -0 5 2 0 1 6 -0 9 2 0 7 -0 1 2 0 1 7 -0 5 2 0 1 7 -0 9 0.0% countries as shown in <ref type="table" target="#tab_8">Table 9</ref>. Focusing only on the top five countries by volume of requests, we find requesters from of Italy and the United Kingdom were far more likely to target news media in their requests (32.5% and 25.2% of requested URLs respectively). This correlates with diverging journalistic practices: news sources in Italy and the United Kingdom are more prone to reveal the identity of individuals in relation to articles covering crimes. In contrast, news sources in Germany and France tend to anonymize the parties in articles covering crimes. Requesters in France and Germany were most concerned with information exposed on social media and via directory services compared to other countries. Finally, in Spain, 10.6% of requested URLs targeted government records. This may stem from Spanish law which requires the government to publish 'edictos' and 'indultos'. The former are public notifications to inform missing individuals about a government decision that directly affects them; the latter are government decisions to absolve an individual from a criminal sentence or to commute to a lesser one. These variations expose how RTBF usage varies by country, illustrating the challenge of one-size-fits-all privacy policies.</p></div>
<div xmlns="http://www.tei-c.org/ns/1.0"><head n="5.2.1">News Media</head><p>Examining each category in more depth, we present a breakdown of the top 10 news outlets and tabloids targeted by delisting requests during January 2016-December 2017 in <ref type="table" target="#tab_0">Table 10</ref>. We also include a count of all historical requests to the same domains for the entire In order to illuminate aspects of the balancing tests that Google conducts for articles on news media outlets, we provide three examples of requests and their outcomes. In one case, a requester who held a significant position at a major company sought to delist an article about receiving a long prison sentence for attempted fraud. Google rejected this request due to the seriousness of the crime and the professional relevance of the content. In another request, an individual sought to delist an interview they conducted after surviving a terrorist attack. Despite the article's self-authored nature given the requester was interviewed, Google delisted the URL as the requester was a minor and because of the sensitive nature of the content. Lastly, a requester sought to delist a news article about their acquittal for domestic violence on the grounds that no medical report was presented to the judge confirming the victim's injuries. Given that the requester was acquitted, Google delisted the article.</p><p>We note that the RTBF is just one technical mechanism currently available to delist news stories. Websites can also add a Disallow directive in their robots.txt to instruct crawlers to ignore any listed URLs. For one popular Italian news site, roughly 20% of URLs requested under the RTBF for delisting appeared in their disallow directive, including URLs that Google ultimately rejected to delist on the grounds of public interest. We cannot definitively state what legal mechanism or internal decision lead the news site to add a disallow directive for these URLs, but the end result is that the news articles are now removed from all search results regardless of the search query or origin of the search request. Whether such site-level controls should play a role in enforcing the RTBF remains an area of discussion <ref type="bibr" target="#b10">[11]</ref>.</p></div>
<div xmlns="http://www.tei-c.org/ns/1.0"><head n="5.2.2">Social Media &amp; Communities</head><p>We provide a breakdown of the top ten most popular social media sites targeted for delisting in the last two years in <ref type="table" target="#tab_0">Table 11</ref>. Facebook, Twitter, Google+, Instagram, and YouTube were the most frequent target of delisting requests. Delisting rates for the top 10 sites from January 2016-December 2017 ranged from 33.2-90.8%. All of these social networks provide privacy controls to restrict access to self-authored content, as well as mechanisms to take down abusive content (e.g., revenge porn) that violates the site's terms of service. These tools may be better suited to individuals seeking solely to control their social media footprint, with the exception of information leaked due to asymmetric privacy controls (e.g., photo tagging, mentions). Furthermore, these privacy controls also extend to search queries per- formed on the respective sites for an individual, whereas the RTBF only covers search engine providers. Whenever such privacy controls are relevant, Google steers requesters towards their use. For example, in one request, an individual sought to delist their Facebook profile. Google noted that Facebook has procedures to limit the visibility of the content in question for all search engines, not just Google, and recommended that the requester utilize these controls. In another case, an individual requested to delist a URL to a page that had taken a self-published image and reposted it. With no social media privacy controls to intervene, Google delisted this URL.</p></div>
<div xmlns="http://www.tei-c.org/ns/1.0"><head n="5.2.3">Directories</head><p>Directory services index and aggregate information available publicly through social media channels and business listings (e.g., Yellow Pages) such as names, addresses, phone numbers, and more. We provide a breakdown of the most popularly requested sites in <ref type="table" target="#tab_0">Table 12</ref>. The most popular site, 118712.fr, is a discovery service in France for looking up professionals and individuals. Delisting rates for all these sites during the January 2016-December 2017 period ranged from 14.2-96.1%. Delisting rates were higher for directories aggregation personal information compared to professional information.</p><p>Examples of requests include a requester that sought to delist several URLs leading to a directory page displaying their address and phone number. Google delisted all of the URLs. In another case, a requester sought to delist a URL that listed the requester's directorships in various companies. Google denied the request as the URL contained information of professional relevance which appeared neither inaccurate nor outdated. We note that most directory sites provide their own search functionality as well. While successful RTBF requests delist directory pages for individuals on Google Search, the public can still perform a direct search via any of the popular directory services if no additional RTBF action is taken on those sites directly. Discrepancies between search indexes can lead to possible privacy risks, such as identifying requesters <ref type="bibr" target="#b28">[29]</ref>.</p></div>
<div xmlns="http://www.tei-c.org/ns/1.0"><head n="5.2.4">Government Records</head><p>We provide a breakdown of the top 10 most popular government and government-affiliated websites requested for delisting over the last two years in <ref type="table" target="#tab_0">Table 13</ref>. Popular hosts include boe.es which posts government bulletins and companieshouse.gov.uk which serves as a government-operated directory of businesses in the UK. Among the most popular sites, delisting rates for January 2016-December 2017 ranged from 1.3-65.2%.</p><p>As mentioned at the start of Section 5.2, many of these requests relate to 'edictos' and 'indultos' posted by the Spanish government. In one such case, a requester sought to delist 3 URLs for a Spanish government page containing a notice summoning the requester to city hall for a matter related to tax debt. Google delisted all of the URLs. In another request, an individual sought to delist a government page from 2015 that described how the requester had received a prison sentence for managing several companies whilst being subject to bankruptcy order and restrictions. Google denied the delisting request as the information was published by a government entity and there was significant professional relevance regarding the content. </p></div>
<div xmlns="http://www.tei-c.org/ns/1.0"><head n="5.2.5">Miscellaneous</head><p>We provide a breakdown of the top hostnames that fell into the miscellaneous category in <ref type="table" target="#tab_0">Table 14</ref>. Adult websites, blogs, and forums make up 8 of the top 10 sites. Delisting rates for all of the most popular pages ranged from 0.3-65.0% for the period of January 2016-December 2017. We note URLs shortened via goo.gl are not in Google's search index, leading to the low delisting rate shown. Instead, Google asks requesters to provide the full URL. Similarly, the low delisting rate for adult websites stems from a bias where a small number of requesters generated the vast majority of requests, where the content was still relevant to their ongoing career as an adult performer. Examples of requests for this category include a requester that sought to delist multiple URLs to a website displaying nude images from the individual's previous profession at an adult cam website. Google delisted all of the URLs given the sensitive nature of the content and the lack of professional relevance due to the individual's change to a career outside the adult industry. In another case, a prominent former politician requested to delist a URL leading to a Wikipedia page that detailed a conviction the requester claimed was spent. Google denied the request due to the public role of the requester and the significant public interest regarding the conviction referenced at the URL.</p></div>
<div xmlns="http://www.tei-c.org/ns/1.0"><head n="5.3">Information present on page</head><p>As a final measure of how Europeans utilize the RTBF in practice, we examine the relation between each requester and the information present at URLs requested between January 2016-December 2017. For the purposes of this analysis, we exclude all misfiled URLs (discussed in Section 4.5). We provide a general summary of the content referenced by URLs in <ref type="table" target="#tab_0">Table 15</ref> using the categories we previously outlined (see Section 3). The most commonly requested content related to professional information, which rarely met the criteria for delisting (16.7%). Many of these requests pertain to information which is directly relevant or connected to the requester's current profession and is therefore in the public interest to have indexed in Google Search. Personal information (e.g., a home address, contact information) made up only 6.9% of requests, while more sensitive personal information (e.g., medical information, sexual orientation) made up only 2.4% of requests. The delisting rate for both of these categories exceeds 90%, indicating that any potential public interest is usually outweighed by the sensitive nature of the content 4 . Likewise, instances of when a URL appeared in the search results for a requester's name, but nevertheless had no reference to the requester in the content, had a delisting rate of 100% due to no competing public interest. In contrast, only 2.8% of requests targeting a requester's political platform met the criteria for delisting. We find that where potentially private information appears is heavily dependent on the category of site in- <ref type="bibr" target="#b2">4</ref> We note that sensitive personal information appearing to have a lower delisting rate than personal information is the result of a bias where that information appears: personal information most commonly appears on directory sites with limited public interest, whereas sensitive personal information appears more often on news articles where there are public interests. volved in a RTBF delisting request, as shown in Table <ref type="bibr" target="#b15">16</ref>. In the case of news, requests most frequently targeted articles covering crimes or professional wrongdoing. Conversely, individuals seeking to delist social media content most often targeted self-authored posts. These results again highlight two classes of individuals using the RTBF: those seeking to delist personal information appearing on social media and directory sites, and those targeting news and government sites that report crime-related or professionally relevant information respectively.</p></div>
<div xmlns="http://www.tei-c.org/ns/1.0"><head>Content on page</head></div>
<div xmlns="http://www.tei-c.org/ns/1.0"><head n="6">Extraterritorial Requests</head><p>As a final measurement, we examine how information requested for delisting under the RTBF relates to the audience of that information. In particular, we explore whether requests span beyond the national boundaries or even the continental boundaries of the requester. However, mapping geographic boundaries to Internet sites or audiences in a generalized way is extremely difficult. We consider two proxy metrics: requests to news outlets and other pages headquartered outside the requester's country, and requests to delist content from sites whose country code top-level domain (ccTLD) differs from the requester's country.</p></div>
<div xmlns="http://www.tei-c.org/ns/1.0"><head n="6.1">Regional &amp; International News</head><p>For the top 25 news hostnames that received delisting requests from January 2016-December 2017, we calculate the fraction of requests that originated from entities residing in the same country as the media outlet's head-quarters. As shown in <ref type="table" target="#tab_0">Table 17</ref>, we find all 25 of the top news hostnames received over 86% of requests from local individuals. The Irish Independent, headquartered in Ireland, received 10.3% of URL delisting requests from UK individuals (possibly in Northern Ireland). This concentration indicates that most requesters have local intent for their delistings. While requests from Europeans to non-European media outlets occurred, as shown in <ref type="table" target="#tab_0">Table 18</ref>, they happened an order of magnitude less frequently compared to European media outlets (previously shown in Table 10). The most popular targets included Bloomberg, the Financial Times, and the New York Daily News. This mirrors our previous finding that the majority of requests to news outlets originate from local requests.</p></div>
<div xmlns="http://www.tei-c.org/ns/1.0"><head n="6.2">Directories, Social, and Government</head><p>We repeat the same local analysis, this time for to the top 10 hostnames categorized as directory, social media, and government pages from January 2016-December 2017. We present our results in <ref type="table" target="#tab_0">Table 19</ref>. For directory services and government pages, there is a clear banding of local requests. More than 92.5% of requests to 7 of the top 10 directory services originated from local requesters. The same was true of 82.5% of requests to all of the top 10 government pages. Only social media and a single directory page with a global user base received delisting requests from a variety of European countries. These results illustrate again the local nature of a majority of requests.</p></div>
<div xmlns="http://www.tei-c.org/ns/1.0"><head n="6.3">Country code domains</head><p>As an alternate measure of extraterritorial requests, we examine the relationship between the locale of a requester (e.g., France) and the ccTLDs of the URLs requested for delisting (e.g., .fr in the case of nuwber.fr). We compare this to requests for non-EU ccTLDs and non-ccTLDs altogether such as .com. We note these ccTLDs relate only to the publisher's site and not to any country specific search portal.</p><p>We present our results in <ref type="table">Table 20</ref> for the top five countries by volume of requests. We find 31.6-51.3% of requests targeted a host registered to a ccTLD, of which 77.2-88.2% were within the requesters locale. As with our analysis of news media, our results highlight the local nature of a majority of RTBF requests (excluding URLs with no clear locale).  <ref type="table" target="#tab_0">Table 17</ref>. Top 25 hostnames categorized as news targeted for delisting, broken down by the country of the requester. We find requesters were overwhelmingly located in the same country as the outlet. We note some hostnames belong to the same outlet. </p></div>
<div xmlns="http://www.tei-c.org/ns/1.0"><head>Hostname</head></div>
<div xmlns="http://www.tei-c.org/ns/1.0"><head n="7">Related Work</head><p>Previous studies on the RTBF have largely focused on examining the competing interests between the right to privacy and freedom of expression, as well as the technical challenges of enforcement <ref type="bibr" target="#b1">[3,</ref><ref type="bibr" target="#b4">5,</ref><ref type="bibr" target="#b14">15,</ref><ref type="bibr" target="#b24">25]</ref>. Apart from these legal and policy analyses, information on how the RTBF has been used in practice is limited to the transparency reports from Google and Bing <ref type="bibr" target="#b12">[13,</ref><ref type="bibr" target="#b20">21]</ref>.</p><p>In the closest study to our own, Xue et al. analyzed 283 URLs publicly disclosed by media outlets as being delisted through the RTBF <ref type="bibr" target="#b28">[29]</ref>. They found 62 of the articles related to miscellaneous matters, while the remaining 221 articles referenced events surrounding sexual assault, murder, terrorism, and other criminal activity. Our own work expands on the analysis of the categories of content delisted under the RTBF. Our dataset is also unbiased to any particular segment of delistings.</p><p>A subset of RTBF requests relate to multi-party privacy conflicts. These arise due to diverging views of how content should be shared and how broadly <ref type="bibr" target="#b5">[6,</ref><ref type="bibr" target="#b15">16,</ref><ref type="bibr" target="#b16">17,</ref><ref type="bibr" target="#b19">20,</ref><ref type="bibr" target="#b26">27]</ref>. The RTBF expands the surface area for such conflicts to occur, even beyond social networks, due to the inclusion of any websites appearing in search results. Equally challenging, the RTBF leaves the resolution of these privacy conflicts to both search engines and Data Protection Authorities rather than the parties in conflict.  <ref type="table" target="#tab_0">Table 19</ref>. Breakdown of requests for the top directory, social media, and government pages. As with news media, we find requesters are overwhelmingly located in the same country as the site operator, with the exception of social media.  <ref type="table">Table 20</ref>. Breakdown of extraterritorial requests based on the ccTLD of requested URLs. We note the ccTLD refers only to a publisher's site and is unrelated to country specific search portals.</p></div>
<div xmlns="http://www.tei-c.org/ns/1.0"><head>GB</head></div>
<div xmlns="http://www.tei-c.org/ns/1.0"><head n="8">Conclusion</head><p>In this paper, we presented an in-depth analysis of how the RTBF affects access to information on Google Search. Our analysis covered nearly 2.4 million URLs that Europeans requested to delist over the last three years and seven months. We identified two dominant categories of RTBF requests: delisting personal information found on social media and directory sites; and delisting legal history and professional information reported by news outlets and government pages. Our results showed the intent behind these requests was nuanced and stemmed in part from variations in regional privacy concerns, local media norms, and government practices. While a majority of URLs were requested by private individuals-85%-we found that politicians and government officials requested to delist 33,937 URLs and non-governmental public figures another 41,213 URLs. Overall, the RTBF can lead to a reshaping of search results for certain individuals, where just 1,000 entities (0.25% of roughly 400,000 Europeans) requested to delist over 346,000 URLs.</p><p>the Oxford Internet Institute for their valuable feedback in drafting this report. We also thank all the other Googlers involved in the RTBF delisting process.</p></div><figure xmlns="http://www.tei-c.org/ns/1.0" xml:id="fig_0"><head>Fig. 1 .</head><label>1</label><figDesc>URLs requested for delisting under the RTBF, including rejected requests. After an initial burst of requests as enforcement went into effect, there were an average of approximately 45,000 requested URLs per month since January 1, 2015.</figDesc></figure>
<figure xmlns="http://www.tei-c.org/ns/1.0" xml:id="fig_1"><head>Fig. 2 .</head><label>2</label><figDesc>Timeline of previously unseen requesters based on the date of their first request. Year after year, the number of new requesters declined.</figDesc></figure>
<figure xmlns="http://www.tei-c.org/ns/1.0" type="table" xml:id="tab_0"><head>Table 1 .</head><label>1</label><figDesc>Summary RTBF requests targeting Google Search included in our analysis.</figDesc><table /><note></note></figure>
<figure xmlns="http://www.tei-c.org/ns/1.0" type="table" xml:id="tab_2"><head>Table 5</head><label>5</label><figDesc></figDesc><table><row><cell>Country</cell><cell cols="3">Code Requested URLs Breakdown</cell></row><row><cell>France</cell><cell>FR</cell><cell>483,709</cell><cell>20.4%</cell></row><row><cell>Germany</cell><cell>DE</cell><cell>409,038</cell><cell>17.3%</cell></row><row><cell>United Kingdom</cell><cell>GB</cell><cell>305,267</cell><cell>12.9%</cell></row><row><cell>Spain</cell><cell>ES</cell><cell>198,782</cell><cell>8.4%</cell></row><row><cell>Italy</cell><cell>IT</cell><cell>190,643</cell><cell>8.1%</cell></row><row><cell>Netherlands</cell><cell>NL</cell><cell>130,551</cell><cell>5.5%</cell></row><row><cell>Poland</cell><cell>PL</cell><cell>75,340</cell><cell>3.2%</cell></row><row><cell>Sweden</cell><cell>SE</cell><cell>68,328</cell><cell>2.9%</cell></row><row><cell>Belgium</cell><cell>BE</cell><cell>65,856</cell><cell>2.8%</cell></row><row><cell>Switzerland</cell><cell>CH</cell><cell>48,818</cell><cell>2.1%</cell></row></table><note>Fig. 4. Delisting rate of requested URLs, broken down by country. Delisting rates range between 23.4-51.7% with the Czech Republic having the highest delisting rate and Bulgaria the lowest.. Top 10 countries by volume of URLs requested under the RTBF. See the Appendix for a breakdown for all countries.</note></figure>
<figure xmlns="http://www.tei-c.org/ns/1.0" type="table" xml:id="tab_3"><head></head><label></label><figDesc>CDF of all requested and delisted URLs, ranked by the highest volume requester. The top thousand requesters generated 14.6% of URL requests and 20.8% of eventual delistings. of all requesters) generated 14.6% of requests and 20.8% of delistings. These mostly included law firms and reputation management agencies, as well as some requesters with a sizable online presence. Of the entities in this group, 17.1% resided in Germany, 16.0% in France, and 15.1% in the United Kingdom. The most prolific requester sought to delist 5,768 URLs. In the remaining long tail, 35.1% of requesters sought to delist only a single URL, and 75.2% five or fewer URLs. These results illustrate that while hundreds of thousands of Europeans rely on the RTBF to delist a handful of URLs, there are thousands of entities using the RTBF to alter hundreds of URLs about them or their clients that appears in search results.</figDesc><table><row><cell></cell><cell>100.0%</cell><cell></cell><cell></cell></row><row><cell>Percentage of URLs</cell><cell>0.0% 20.0% 40.0% 60.0% 80.0%</cell><cell cols="2">Requests Delistings</cell></row><row><cell></cell><cell>10 0</cell><cell>1 Number of requesters (ranked) 2 3 10 4</cell><cell>5</cell><cell>6</cell></row><row><cell cols="2">Fig. 5.</cell><cell></cell><cell></cell></row></table><note></note></figure>
<figure xmlns="http://www.tei-c.org/ns/1.0" type="table" xml:id="tab_4"><head>Table 6 .</head><label>6</label><figDesc>Breakdown of all requested URLs after January 2016 by the categories of requesting entities. Private individuals make up the bulk of requests.</figDesc><table><row><cell>Requesting</cell><cell cols="3">Requested Breakdown Delisting</cell></row><row><cell>entity</cell><cell>URLs</cell><cell></cell><cell>rate</cell></row><row><cell>Private individual</cell><cell>858,852</cell><cell>84.5%</cell><cell>44.7%</cell></row><row><cell>Minor</cell><cell>55,140</cell><cell>5.4%</cell><cell>78.0%</cell></row><row><cell>Non-governmental</cell><cell>41,213</cell><cell>4.1%</cell><cell>35.5%</cell></row><row><cell>public figure</cell><cell></cell><cell></cell><cell></cell></row><row><cell>Government official</cell><cell>33,937</cell><cell>3.3%</cell><cell>11.7%</cell></row><row><cell>or politician</cell><cell></cell><cell></cell><cell></cell></row><row><cell>Corporate entity</cell><cell>22,739</cell><cell>2.2%</cell><cell>0.0%</cell></row><row><cell>Deceased person</cell><cell>4,402</cell><cell>0.4%</cell><cell>27.2%</cell></row><row><cell cols="4">note that corporate entities never have content delisted</cell></row><row><cell>under the RTBF.</cell><cell></cell><cell></cell><cell></cell></row></table><note></note></figure>
<figure xmlns="http://www.tei-c.org/ns/1.0" type="table" xml:id="tab_5"><head>Table 7</head><label>7</label><figDesc>(e.g., facebook.fr, facebook.de). The other half includes directory sites that aggregate contact details and personal content from other sites, like 118712 and Profile Engine. Combined, the top 20 sites represent 11.2% of requested URLs. Delisting rates varied drastically based on site, ranging 12.1%-91.4%. We exclude www. prefixes from hostnames. We also omit 56,804 requested URLs during May 2014-Dec 2017 from this and all subsequent content analysis as they were not well-formed URLs.</figDesc><table><row><cell>3</cell></row></table><note>. Top hostnames requested for delisting during May 2014- Dec 2017 along with a description for content typically hosted on the domain. Social media (and its CDN equivalents), forums, and directory aggregation services dominate the list.</note></figure>
<figure xmlns="http://www.tei-c.org/ns/1.0" type="table" xml:id="tab_6"><head>Table 8 .Table 8</head><label>88</label><figDesc>Directories that display names, addresses, and other personal information made up 18.8% of requested URLs. Social media made up 13.9% of requested URLs. Delisting rates for</figDesc><table><row><cell cols="2">100.0%</cell><cell></cell><cell></cell></row><row><cell>Percentage of URLs</cell><cell>0.0% 20.0% 40.0% 60.0% 80.0%</cell><cell></cell><cell cols="2">Requests Delistings</cell></row><row><cell></cell><cell>10</cell><cell cols="2">10 1 Number of hostnames (ranked) 2 3 10 4</cell><cell>5</cell><cell>6</cell></row><row><cell cols="5">Fig. 6. CDF of all requested and delisted URLs, ranked by the</cell></row><row><cell cols="5">most frequently targeted hostnames. The top thousand host-</cell></row><row><cell cols="5">names received 40.8% of requests and 46.8% of delistings.</cell></row><row><cell cols="5">Category of site Requested URLs Breakdown Delisting rate</cell></row><row><cell cols="2">Directory</cell><cell>187,476</cell><cell>18.8%</cell><cell>51.0%</cell></row><row><cell>News</cell><cell></cell><cell>173,860</cell><cell>17.5%</cell><cell>32.2%</cell></row><row><cell cols="2">Social Media</cell><cell>138,007</cell><cell>13.9%</cell><cell>53.6%</cell></row><row><cell cols="2">Government</cell><cell>24,718</cell><cell>2.5%</cell><cell>19.5%</cell></row><row><cell cols="2">Miscellaneous</cell><cell>471,067</cell><cell>47.3%</cell><cell>44.9%</cell></row></table><note>. Breakdown of requested URLs during the two years from Jan 2016-Dec 2017 based on the category of site requested.</note></figure>
<figure xmlns="http://www.tei-c.org/ns/1.0" type="table" xml:id="tab_8"><head>Table 9 .</head><label>9</label><figDesc>Categories of sites requested by the top five requesting countries. Requesters from Italy and the United Kingdom are the most likely to target news media, compared to France and Germany where the major concern is personal information exposed via social networks and directory aggregators.</figDesc><table><row><cell>Country</cell><cell>Directory Social</cell><cell>News</cell><cell>Gov't</cell><cell>Misc</cell></row><row><cell>France</cell><cell cols="2">28.5% 17.5% 11.7%</cell><cell cols="2">1.7% 40.5%</cell></row><row><cell>Germany</cell><cell cols="2">20.8% 16.3% 10.3%</cell><cell cols="2">0.9% 51.7%</cell></row><row><cell>Italy</cell><cell cols="2">10.5% 10.3% 32.5%</cell><cell cols="2">2.1% 44.6%</cell></row><row><cell>Spain</cell><cell cols="4">20.1% 12.3% 18.6% 10.6% 38.4%</cell></row><row><cell>United Kingdom</cell><cell cols="2">14.9% 10.8% 25.2%</cell><cell cols="2">2.4% 46.7%</cell></row><row><cell cols="5">period of our dataset. The institutions represented pro-</cell></row><row><cell cols="5">vide news coverage to some of the most populous nations</cell></row><row><cell cols="5">in the European Union, including the United Kingdom,</cell></row><row><cell cols="5">Italy, and France. Delisting rates for the January 2016-</cell></row><row><cell cols="4">December 2017 period ranged from 18.1-40.5%.</cell><cell></cell></row></table><note></note></figure>
<figure xmlns="http://www.tei-c.org/ns/1.0" type="table" xml:id="tab_12"><head>Table 14 .</head><label>14</label><figDesc>Top 10 miscellaneous sites requested from Jan 2016-Dec 2017. We note that googleusercontent.com is a CDN for multiple types of content and that goo.gl is a URL shortener.</figDesc><table><row><cell>Hostname</cell><cell cols="3">Requested Delisting Requested URLs</cell></row><row><cell></cell><cell>URLs</cell><cell>rate</cell><cell>(all time)</cell></row><row><cell>flashback.org</cell><cell>5,649</cell><cell>7.3%</cell><cell>12,510</cell></row><row><cell>goo.gl</cell><cell>3,590</cell><cell>0.3%</cell><cell>2,673</cell></row><row><cell>linksunten.indymedia.org</cell><cell>2,646</cell><cell>59.5%</cell><cell>5,635</cell></row><row><cell>camgirl.gallery</cell><cell>1,771</cell><cell>9.2%</cell><cell>1,653</cell></row><row><cell>archive.is</cell><cell>1,730</cell><cell>17.2%</cell><cell>1,854</cell></row><row><cell>webcamrecordings.com</cell><cell>1,480</cell><cell>64.8%</cell><cell>1,262</cell></row><row><cell>lh3.googleusercontent.com</cell><cell>1,358</cell><cell>47.2%</cell><cell>2,198</cell></row><row><cell>pressreader.com</cell><cell>1,249</cell><cell>39.4%</cell><cell>1,819</cell></row><row><cell>sexescort1.com</cell><cell>1,174</cell><cell>16.6%</cell><cell>1,136</cell></row><row><cell>issuu.com</cell><cell>1,035</cell><cell>34.2%</cell><cell>2,407</cell></row></table><note></note></figure>
<figure xmlns="http://www.tei-c.org/ns/1.0" type="table" xml:id="tab_16"><head>Table 18 .</head><label>18</label><figDesc>Top 10 non-EU news hostnames targeted for delisting from Jan 2016-Dec 2017. These requests occurred an order of magnitude less frequently than EU news outlets.</figDesc><table><row><cell cols="4">Requested Delisting Requested URLs</cell></row><row><cell></cell><cell>URLs</cell><cell>rate</cell><cell>(all time)</cell></row><row><cell>bloomberg.com</cell><cell>107</cell><cell>25.5%</cell><cell>274</cell></row><row><cell>nydailynews.com</cell><cell>94</cell><cell>32.8%</cell><cell>143</cell></row><row><cell>ft.com</cell><cell>82</cell><cell>12.7%</cell><cell>196</cell></row><row><cell>nytimes.com</cell><cell>69</cell><cell>27.8%</cell><cell>199</cell></row><row><cell>huffingtonpost.com</cell><cell>58</cell><cell>38.0%</cell><cell>148</cell></row><row><cell>nypost.com</cell><cell>58</cell><cell>27.8%</cell><cell>134</cell></row><row><cell>reuters.com</cell><cell>47</cell><cell>16.7%</cell><cell>95</cell></row><row><cell>timesofindia.indiatimes.com</cell><cell>37</cell><cell>23.1%</cell><cell>68</cell></row><row><cell>vice.com</cell><cell>37</cell><cell>17.6%</cell><cell>103</cell></row><row><cell>washingtonpost.com</cell><cell>33</cell><cell>22.7%</cell><cell>71</cell></row></table><note></note></figure>
			<note xmlns="http://www.tei-c.org/ns/1.0" place="foot" n="1">At the time of the study, European country search services were determined by ccTLD, e.g., google.fr, google.no, etc.</note>
			<note xmlns="http://www.tei-c.org/ns/1.0" place="foot" n="2">We omit any requested URLs that are still pending review at the end of our collection window. Over time, this may introduce discrepancies between metrics from Google's Transparency Report and our report.</note>
		</body>
		<back>

			<div type="acknowledgement">
<div xmlns="http://www.tei-c.org/ns/1.0"><head>Acknowledgements</head><p>We thank Nina Taft, Beckett Madden-Woods, and Thibault Guiroy from Google and Luciano Floridi from</p></div>
			</div>

			<div type="annex">
<div xmlns="http://www.tei-c.org/ns/1.0"><head>Appendix</head> <ref type="table">Table 22</ref><p>. Types of sites requested per country for Jan 2016-Dec 2017, excluding countries with fewer than 1,000 requested URLs.</p></div>			</div>
			<div type="references">

				<listBibl>

<biblStruct xml:id="b0">
	<monogr>
		<title/>
		<author>
			<persName xmlns="http://www.tei-c.org/ns/1.0"><forename type="first">Google</forename><surname>Spain</surname></persName>
		</author>
		<author>
			<persName xmlns="http://www.tei-c.org/ns/1.0"><forename type="first">S</forename><forename type="middle">L</forename></persName>
		</author>
		<author>
			<persName xmlns="http://www.tei-c.org/ns/1.0"><forename type="first">Google</forename><surname>Inc</surname></persName>
		</author>
		<author>
			<persName xmlns="http://www.tei-c.org/ns/1.0"><forename type="first">;</forename><surname>Aepd)</surname></persName>
		</author>
		<author>
			<persName xmlns="http://www.tei-c.org/ns/1.0"><forename type="first">Mario</forename><forename type="middle">Costeja</forename><surname>González</surname></persName>
		</author>
		<ptr target="http://eur-lex.europa.eu/legal-content/EN/TXT/?uri=CELEX%3A62012CJ0131" />
		<imprint/>
	</monogr>
	<note type="report_type">v Agencia Española de Protección de Datos</note>
</biblStruct>

<biblStruct xml:id="b1">
	<analytic>
		<title level="a" type="main">The right to be forgotten across the pond</title>
		<author>
			<persName xmlns="http://www.tei-c.org/ns/1.0"><forename type="first">Meg</forename><forename type="middle">Leta</forename></persName>
		</author>
		<author>
			<persName xmlns="http://www.tei-c.org/ns/1.0"><forename type="first">Ambrose</forename></persName>
		</author>
		<author>
			<persName xmlns="http://www.tei-c.org/ns/1.0"><forename type="first">Jef</forename><surname>Ausloos</surname></persName>
		</author>
	</analytic>
	<monogr>
		<title level="j">Journal of Information Policy</title>
		<imprint>
			<date type="published" when="2013" />
		</imprint>
	</monogr>
</biblStruct>

<biblStruct xml:id="b2">
	<monogr>
		<title level="m" type="main">Article 29 Data Protection Working Party. Guidelines on the implementation of the Court of Justice of the European Union judgment on</title>
		<imprint>
			<publisher>Google Spain and Inc v</publisher>
		</imprint>
	</monogr>
</biblStruct>

<biblStruct xml:id="b3">
	<monogr>
		<title/>
		<author>
			<persName xmlns="http://www.tei-c.org/ns/1.0"><forename type="first">Mario</forename><forename type="middle">Costeja</forename><surname>Aepd)</surname></persName>
		</author>
		<author>
			<persName xmlns="http://www.tei-c.org/ns/1.0"><surname>González</surname></persName>
		</author>
		<idno>c-131/12</idno>
		<ptr target="http://ec.europa.eu/justice/data-protection/article-29/documentation/opinion-recommendation/files/2014/wp225_en.pdf" />
		<imprint>
			<date type="published" when="2014" />
		</imprint>
		<respStmt>
			<orgName>Agencia Española de Protección de Datos</orgName>
		</respStmt>
	</monogr>
</biblStruct>

<biblStruct xml:id="b4">
	<monogr>
		<title level="m" type="main">The &apos;right to be forgotten&apos;-worth remembering?</title>
		<author>
			<persName xmlns="http://www.tei-c.org/ns/1.0"><forename type="first">Jef</forename><surname>Ausloos</surname></persName>
		</author>
		<imprint>
			<date type="published" when="2012" />
		</imprint>
		<respStmt>
			<orgName>Computer Law &amp; Security Review</orgName>
		</respStmt>
	</monogr>
</biblStruct>

<biblStruct xml:id="b5">
	<analytic>
		<title level="a" type="main">Moving beyond untagging: photo privacy in a tagged world</title>
		<author>
			<persName xmlns="http://www.tei-c.org/ns/1.0"><forename type="first">Andrew</forename><surname>Besmer</surname></persName>
		</author>
		<author>
			<persName xmlns="http://www.tei-c.org/ns/1.0"><forename type="first">Heather</forename><surname>Richter Lipford</surname></persName>
		</author>
	</analytic>
	<monogr>
		<title level="m">Proceedings of the Conference on Human Factors in Computing Systems</title>
		<meeting>the Conference on Human Factors in Computing Systems</meeting>
		<imprint>
			<date type="published" when="2010" />
		</imprint>
	</monogr>
</biblStruct>

<biblStruct xml:id="b6">
	<monogr>
		<ptr target="http://ec.europa.eu/justice/data-protection/files/factsheets/factsheet_data_protection_en.pdf" />
		<title level="m">European Commision. Factsheet on the &quot;right to be forgotten&quot; ruling</title>
		<imprint>
			<date type="published" when="2016" />
		</imprint>
	</monogr>
</biblStruct>

<biblStruct xml:id="b7">
	<monogr>
		<title level="m" type="main">Searching for the right balance</title>
		<author>
			<persName xmlns="http://www.tei-c.org/ns/1.0"><forename type="first">David</forename><surname>Drummond</surname></persName>
		</author>
		<ptr target="https://europe.googleblog.com/2014/07/searching-for-right-balance.html" />
		<imprint/>
	</monogr>
</biblStruct>

<biblStruct xml:id="b8">
	<monogr>
		<title level="m" type="main">France fines google over &apos;right to be forgotten</title>
		<author>
			<persName xmlns="http://www.tei-c.org/ns/1.0"><forename type="first">Julia</forename><surname>Fioretti</surname></persName>
		</author>
		<ptr target="http://www.reuters.com/article/us-google-france-privacy-idUSKCN0WQ1WX" />
		<imprint>
			<date type="published" when="2016" />
		</imprint>
	</monogr>
</biblStruct>

<biblStruct xml:id="b9">
	<monogr>
		<title level="m" type="main">Adapting our approach to the european right to be forgotten</title>
		<author>
			<persName xmlns="http://www.tei-c.org/ns/1.0"><forename type="first">Peter</forename><surname>Fleischer</surname></persName>
		</author>
		<ptr target="https://www.blog.google/topics/google-europe/adapting-our-approach-to-european-rig/" />
		<imprint>
			<date type="published" when="2016" />
		</imprint>
	</monogr>
</biblStruct>

<biblStruct xml:id="b10">
	<analytic>
		<title level="a" type="main">the right to be forgotten&quot;: a philosophical view</title>
		<author>
			<persName xmlns="http://www.tei-c.org/ns/1.0"><forename type="first">Lucianoi</forename><surname>Floridi</surname></persName>
		</author>
	</analytic>
	<monogr>
		<title level="j">Jahrbuch für Recht und Ethik-Annual Review of Law and Ethics</title>
		<imprint>
			<biblScope unit="volume">23</biblScope>
			<biblScope unit="issue">1</biblScope>
			<biblScope unit="page" from="30" to="45" />
			<date type="published" when="2015" />
		</imprint>
	</monogr>
</biblStruct>

<biblStruct xml:id="b11">
	<monogr>
		<title level="m" type="main">Google search index removal form</title>
		<author>
			<persName xmlns="http://www.tei-c.org/ns/1.0"><surname>Google</surname></persName>
		</author>
		<ptr target="https://support.google.com/legal/contact/lr_eudpa?product=websearch" />
		<imprint/>
	</monogr>
</biblStruct>

<biblStruct xml:id="b12">
	<monogr>
		<title level="m" type="main">Search removals under european privacy law</title>
		<author>
			<persName xmlns="http://www.tei-c.org/ns/1.0"><surname>Google</surname></persName>
		</author>
		<ptr target="https://transparencyreport.google.com/eu-privacy/overview" />
		<imprint/>
	</monogr>
</biblStruct>

<biblStruct xml:id="b13">
	<analytic>
		<title/>
		<ptr target="https://transparencyreport.google.com/eu-privacy/overview" />
	</analytic>
	<monogr>
		<title level="j">Google. Transparency Report</title>
		<imprint>
			<date type="published" when="2018" />
		</imprint>
	</monogr>
</biblStruct>

<biblStruct xml:id="b14">
	<analytic>
		<title level="a" type="main">The right to obscurity: How we can implement the google spain decision</title>
		<author>
			<persName xmlns="http://www.tei-c.org/ns/1.0"><forename type="first">David</forename><surname>Hoffman</surname></persName>
		</author>
		<author>
			<persName xmlns="http://www.tei-c.org/ns/1.0"><forename type="first">Paula</forename><surname>Bruening</surname></persName>
		</author>
		<author>
			<persName xmlns="http://www.tei-c.org/ns/1.0"><forename type="first">Sophia</forename><surname>Carter</surname></persName>
		</author>
	</analytic>
	<monogr>
		<title level="j">North Carolina Journal of Law &amp; Technology</title>
		<imprint>
			<date type="published" when="2015" />
		</imprint>
	</monogr>
</biblStruct>

<biblStruct xml:id="b15">
	<analytic>
		<title level="a" type="main">Multiparty access control for online social networks: model and mechanisms</title>
		<author>
			<persName xmlns="http://www.tei-c.org/ns/1.0"><forename type="first">Hongxin</forename><surname>Hu</surname></persName>
		</author>
		<author>
			<persName xmlns="http://www.tei-c.org/ns/1.0"><forename type="first">Gail-Joon</forename><surname>Ahn</surname></persName>
		</author>
		<author>
			<persName xmlns="http://www.tei-c.org/ns/1.0"><forename type="first">Jan</forename><surname>Jorgensen</surname></persName>
		</author>
	</analytic>
	<monogr>
		<title level="j">IEEE Transactions on Knowledge and Data Engineering</title>
		<imprint>
			<date type="published" when="2013" />
		</imprint>
	</monogr>
</biblStruct>

<biblStruct xml:id="b16">
	<analytic>
		<title level="a" type="main">Federico Maggi, and Sotiris Ioannidis. Face/off: Preventing privacy leakage from photos in social networks</title>
		<author>
			<persName xmlns="http://www.tei-c.org/ns/1.0"><forename type="first">Panagiotis</forename><surname>Ilia</surname></persName>
		</author>
		<author>
			<persName xmlns="http://www.tei-c.org/ns/1.0"><forename type="first">Iasonas</forename><surname>Polakis</surname></persName>
		</author>
		<author>
			<persName xmlns="http://www.tei-c.org/ns/1.0"><forename type="first">Elias</forename><surname>Athanasopoulos</surname></persName>
		</author>
	</analytic>
	<monogr>
		<title level="m">Proceedings of the Conference on Computer and Communications Security</title>
		<meeting>the Conference on Computer and Communications Security</meeting>
		<imprint>
			<date type="published" when="2015" />
		</imprint>
	</monogr>
</biblStruct>

<biblStruct xml:id="b17">
	<monogr>
		<title level="m" type="main">International Telecommunication Union. Percentage of individuals using the Internet</title>
		<ptr target="https://www.itu.int/en/ITU-D/Statistics/Pages/stat/default.aspx" />
		<imprint>
			<date type="published" when="2017" />
		</imprint>
	</monogr>
</biblStruct>

<biblStruct xml:id="b18">
	<monogr>
		<title level="m" type="main">Dear google: open letter from 80 academics on &apos;right to be forgotten</title>
		<author>
			<persName xmlns="http://www.tei-c.org/ns/1.0"><forename type="first">Jemima</forename><surname>Kiss</surname></persName>
		</author>
		<ptr target="https://www.theguardian.com/technology/2015/may/14/dear-google-open-letter-from-80-academics-on-right-to-be-forgotten" />
		<imprint>
			<date type="published" when="2015" />
		</imprint>
	</monogr>
</biblStruct>

<biblStruct xml:id="b19">
	<analytic>
		<title level="a" type="main">We&apos;re in it together: interpersonal management of disclosure in social network services</title>
		<author>
			<persName xmlns="http://www.tei-c.org/ns/1.0"><forename type="first">Airi</forename><surname>Lampinen</surname></persName>
		</author>
		<author>
			<persName xmlns="http://www.tei-c.org/ns/1.0"><forename type="first">Vilma</forename><surname>Lehtinen</surname></persName>
		</author>
		<author>
			<persName xmlns="http://www.tei-c.org/ns/1.0"><forename type="first">Asko</forename><surname>Lehmuskallio</surname></persName>
		</author>
		<author>
			<persName xmlns="http://www.tei-c.org/ns/1.0"><forename type="first">Sakari</forename><surname>Tamminen</surname></persName>
		</author>
	</analytic>
	<monogr>
		<title level="m">Proceedings of the conference on human factors in computing systems</title>
		<meeting>the conference on human factors in computing systems</meeting>
		<imprint>
			<date type="published" when="2011" />
		</imprint>
	</monogr>
</biblStruct>

<biblStruct xml:id="b20">
	<monogr>
		<title level="m" type="main">Content removal requests report</title>
		<author>
			<persName xmlns="http://www.tei-c.org/ns/1.0"><surname>Microsoft</surname></persName>
		</author>
		<ptr target="https://www.microsoft.com/en-us/about/corporate-responsibility/crrr" />
		<imprint>
			<date type="published" when="2016" />
		</imprint>
	</monogr>
</biblStruct>

<biblStruct xml:id="b21">
	<monogr>
		<title level="m" type="main">Turkey&apos;s court of constitution officially recognizes right to be forgotten</title>
		<author>
			<persName xmlns="http://www.tei-c.org/ns/1.0"><forename type="first">Bensu</forename><surname>Begüm Yavuzdoğan Okumuş</surname></persName>
		</author>
		<author>
			<persName xmlns="http://www.tei-c.org/ns/1.0"><surname>Aydin</surname></persName>
		</author>
		<ptr target="http://gun.av.tr/turkeys-court-of-constitution-officially-recognizes-right-to-be-forgotten/" />
		<imprint>
			<date type="published" when="2016" />
		</imprint>
	</monogr>
</biblStruct>

<biblStruct xml:id="b22">
	<monogr>
		<title level="m" type="main">Academic commentary: Google spain</title>
		<author>
			<persName xmlns="http://www.tei-c.org/ns/1.0"><forename type="first">Julia</forename><surname>Powles</surname></persName>
		</author>
		<author>
			<persName xmlns="http://www.tei-c.org/ns/1.0"><forename type="first">Rebekah</forename><surname>Larsen</surname></persName>
		</author>
		<ptr target="http://www.cambridge-code.org/googlespain.html" />
		<imprint>
			<date type="published" when="2016" />
		</imprint>
	</monogr>
</biblStruct>

<biblStruct xml:id="b23">
	<monogr>
		<title level="m" type="main">French court refers &apos;right to be forgotten</title>
		<author>
			<persName xmlns="http://www.tei-c.org/ns/1.0"><forename type="first">Mathieu</forename><surname>Rosemain</surname></persName>
		</author>
		<author>
			<persName xmlns="http://www.tei-c.org/ns/1.0"><forename type="first">Julia</forename><surname>Fioretti</surname></persName>
		</author>
		<ptr target="http://www.reuters.com/article/us-google-litigation-idUSKBN1A41AS" />
		<imprint>
			<date type="published" when="2017" />
		</imprint>
	</monogr>
	<note>dispute to top eu court</note>
</biblStruct>

<biblStruct xml:id="b24">
	<analytic>
		<title level="a" type="main">The right to be forgotten</title>
		<author>
			<persName xmlns="http://www.tei-c.org/ns/1.0"><forename type="first">Jeffrey</forename><surname>Rosen</surname></persName>
		</author>
	</analytic>
	<monogr>
		<title level="j">Stanford Law Review Online</title>
		<imprint>
			<date type="published" when="2011" />
		</imprint>
	</monogr>
</biblStruct>

<biblStruct xml:id="b25">
	<monogr>
		<title level="m" type="main">Russia&apos;s &apos;right to be forgotten&apos; bill comes into effect</title>
		<author>
			<persName xmlns="http://www.tei-c.org/ns/1.0"><surname>Rt</surname></persName>
		</author>
		<ptr target="https://www.rt.com/politics/327681-russia-internet-delete-personal/" />
		<imprint>
			<date type="published" when="2016" />
		</imprint>
	</monogr>
</biblStruct>

<biblStruct xml:id="b26">
	<analytic>
		<title level="a" type="main">unFriendly: Multi-Party Privacy Risks in Social Networks</title>
		<author>
			<persName xmlns="http://www.tei-c.org/ns/1.0"><forename type="first">Kurt</forename><surname>Thomas</surname></persName>
		</author>
		<author>
			<persName xmlns="http://www.tei-c.org/ns/1.0"><forename type="first">Chris</forename><surname>Grier</surname></persName>
		</author>
		<author>
			<persName xmlns="http://www.tei-c.org/ns/1.0"><forename type="first">David</forename><forename type="middle">M</forename><surname>Nicol</surname></persName>
		</author>
	</analytic>
	<monogr>
		<title level="m">Proceedings of the Privacy Enhancing Technologies Symposium</title>
		<meeting>the Privacy Enhancing Technologies Symposium</meeting>
		<imprint>
			<date type="published" when="2010" />
		</imprint>
	</monogr>
</biblStruct>

<biblStruct xml:id="b27">
	<monogr>
		<title level="m" type="main">United Nations, Department of Economic and Social Affairs, Population Division</title>
		<ptr target="https://esa.un.org/unpd/wpp" />
		<imprint>
			<date type="published" when="2017" />
		</imprint>
	</monogr>
</biblStruct>

<biblStruct xml:id="b28">
	<analytic>
		<title level="a" type="main">The right to be forgotten in the media: A data-driven study</title>
		<author>
			<persName xmlns="http://www.tei-c.org/ns/1.0"><forename type="first">Minhui</forename><surname>Xue</surname></persName>
		</author>
		<author>
			<persName xmlns="http://www.tei-c.org/ns/1.0"><forename type="first">Gabriel</forename><surname>Magno</surname></persName>
		</author>
		<author>
			<persName xmlns="http://www.tei-c.org/ns/1.0"><forename type="first">Evandro</forename><surname>Cunha</surname></persName>
		</author>
		<author>
			<persName xmlns="http://www.tei-c.org/ns/1.0"><forename type="first">Virgilio</forename><surname>Almeida</surname></persName>
		</author>
		<author>
			<persName xmlns="http://www.tei-c.org/ns/1.0"><forename type="first">Keith W</forename><surname>Ross</surname></persName>
		</author>
	</analytic>
	<monogr>
		<title level="m">Proceedings on Privacy Enhancing Technologies</title>
		<meeting>on Privacy Enhancing Technologies</meeting>
		<imprint>
			<date type="published" when="2016" />
		</imprint>
	</monogr>
</biblStruct>

				</listBibl>
			</div>
		</back>
	</text>
</TEI>
