<?xml version="1.0" encoding="UTF-8"?>
<TEI xml:space="preserve" xmlns="http://www.tei-c.org/ns/1.0" 
xmlns:xsi="http://www.w3.org/2001/XMLSchema-instance" 
xsi:schemaLocation="http://www.tei-c.org/ns/1.0 /Users/cindy/tmp/grobid-0.6.1/grobid-home/schemas/xsd/Grobid.xsd"
 xmlns:xlink="http://www.w3.org/1999/xlink">
	<teiHeader xml:lang="fr">
		<fileDesc>
			<titleStmt>
				<title level="a" type="main">Méthode générale pour l&apos;estimation du risque basée sur la comparaison d&apos;</title>
			</titleStmt>
			<publicationStmt>
				<publisher/>
				<availability status="unknown"><licence/></availability>
			</publicationStmt>
			<sourceDesc>
				<biblStruct>
					<analytic>
					</analytic>
					<monogr>
						<imprint>
							<date/>
						</imprint>
					</monogr>
				</biblStruct>
			</sourceDesc>
		</fileDesc>
		<encodingDesc>
			<appInfo>
				<application version="0.6.1" ident="GROBID" when="2021-01-31T12:43+0000">
					<desc>GROBID - A machine learning software for extracting information from scholarly documents</desc>
					<ref target="https://github.com/kermitt2/grobid"/>
				</application>
			</appInfo>
		</encodingDesc>
		<profileDesc>
			<textClass>
				<keywords>
					<term>Estimation du risque</term>
					<term>estimation intention conducteur</term>
					<term>compréhension de situation</term>
					<term>systèmes d&apos;aide à la conduite</term>
					<term>sécurité aux intersections</term>
				</keywords>
			</textClass>
			<abstract>
				<p>Méthode générale pour l&apos;estimation du risque basée sur la comparaison d&apos;intentions, et application aux intersections Résumé : Ces travaux abordent le problème de l&apos;estimation du risque sous un angle nouveau : nous proposons une structure de raisonnement pour analyser les scènes routières et le risque de collision à un niveau sémantique, contrairement aux approches classiques qui raisonnent au niveau des trajectoires. Le risque est calculé en estimant les intentions des conducteurs et en détectant les conits, sans avoir à prédire les trajectoires futures des véhicules. Plus précisément, la détection des situations dangereuses est basée sur la comparaison entre ce que les conducteurs ont l&apos;intention de faire et ce que les conducteurs devraient faire d&apos;après les règles de la circulation. Ce raisonnement est réalisé de manière probabiliste an de prendre en compte les incertitudes sur les mesures capteur et les ambigüités sur l&apos;interprétation de la scène. En théorie ce raisonnement peut être appliqué à tout type de scène routière ; dans ce document nous présentons son application aux intersections. Le modèle proposé prend en compte l&apos;inuence que la man÷uvre d&apos;un véhicule exerce sur la man÷uvre des autres véhicules. Il incorpore aussi des informations sur l&apos;inuence de la géométrie et topologie de l&apos;intersection sur le comportement d&apos;un véhicule. L&apos;approche proposée a été validée par des tests en environnement réel avec des véhicules communicants, ainsi qu&apos;en simulation. Les résultats montrent que l&apos;algorithme est capable de détecter les situations dangereuses et qu&apos;il est compatible avec des applications sécuritaires tempsréel.</p>
			</abstract>
		</profileDesc>
	</teiHeader>
	<text xml:lang="fr">
		<body>
<div xmlns="http://www.tei-c.org/ns/1.0"><head>Introduction</head><p>Active safety systems are increasingly present in commercial vehicles, as part of a global eort to make roads safer. The purpose of such systems is to avoid or mitigate accidents through driver warnings or direct actions on the commands of the vehicles (braking, steering). At an algorithmic level, active safety functions rely on four processing steps: detect and track relevant entities in the environment (object assessment step), establish the relationship between these entities for a better understanding of the current situation (situation assessment step), estimate the level of danger of the current situation (risk assessment step), and decide on the best course of action in order to promote safety (decision making step) <ref type="bibr" target="#b0">[1]</ref>.</p><p>The contribution of this work concerns the second step. While classic approaches evaluate the risk of a trac situation by predicting the future trajectories of vehicles and detecting collisions between them, we propose to reason on risk at a semantic level. In the proposed framework, risk is assessed by estimating the intentions of drivers and detecting conicts between them.</p><p>Trac rules are explicitly represented in our model, which makes it possible to estimate both what drivers intend to do and what they are expected to do. Conicts are then identied by comparing intentions and expectations. This novel formulation of risk reects the fact that most road accidents are caused by driver error <ref type="bibr" target="#b1">[2]</ref>, and has the advantage that it does not require to predict the future trajectories of vehicles.</p><p>The remainder of this report is organized as follows. Section 2 reviews related work. Section 3 describes the proposed approach for risk assessment for general trac situations. Section 4 describes the application of this general framework to the specic case of road intersections.</p><p>Section 5 presents results obtained in simulation for a two-way-stop cross intersection, and in eld trials with passenger vehicles negotiating a T-shaped give-way intersection.</p></div>
<div xmlns="http://www.tei-c.org/ns/1.0"><head n="2">Related work</head><p>Risk estimation approaches can be classied in three main families.</p></div>
<div xmlns="http://www.tei-c.org/ns/1.0"><head n="2.1">Knowledge-Based Systems</head><p>An intuitive approach is to dene a set of rules which detect danger based on the context and on the current observations of the state of the vehicles.</p><p>The rules can be simple heuristics on acceptable speeds in specic locations <ref type="bibr" target="#b2">[3]</ref>, or can include more advanced concepts such as the semantics of the location, weather conditions or the level of fatigue of the driver <ref type="bibr" target="#b3">[4]</ref>.</p><p>Because context is explicitly taken into account in KBS, they can be applied to a large number of scenarios. However an established limitation of these systems is their inability to account for uncertainties (both on the data and on the model), which results in instabilities in the output.</p></div>
<div xmlns="http://www.tei-c.org/ns/1.0"><head n="2.2">Data mining</head><p>An alternative is to use accident databases to learn typical collision patterns between two vehicles. This way potentially dangerous congurations can be identied when they occur again.</p><p>Neural Networks and Support Vector Machines have been used in the past to map the relationship between vehicles states (input) and collision risk (output) directly <ref type="bibr" target="#b4">[5,</ref><ref type="bibr" target="#b5">6]</ref>.</p><p>However obtaining the data to learn from remains an issue, since real data is not available and simulations will not be representative of real accident situations. Another limitation is that these techniques learn collision patterns between pairs of vehicles without putting them in context with the other vehicles. Since the relationships between the dierent vehicles in the scene are not modeled, dangerous situations involving more than two vehicles will be detected very late (e.g. vehicle A preparing to overtake vehicle B, while vehicle C is driving on the same road but in the opposite direction).</p></div>
<div xmlns="http://www.tei-c.org/ns/1.0"><head n="2.3">Trajectory prediction</head><p>By far the most popular approaches to risk estimation are based on trajectory prediction. The idea is to use a motion model to predict the possible future trajectories of each vehicle in the scene, and then to look for intersections between pairs of trajectories to detect future collisions.</p><p>Extensive research has been conducted on trajectory prediction. The most common solution is to rely on purely physical models (dynamic or kinematic) of the motion of a vehicle <ref type="bibr" target="#b6">[7,</ref><ref type="bibr" target="#b7">8,</ref><ref type="bibr" target="#b8">9,</ref><ref type="bibr" target="#b9">10,</ref><ref type="bibr" target="#b11">11,</ref><ref type="bibr" target="#b12">12]</ref>, however those cannot reason at a high level about the situation and therefore are limited to short-term collision prediction. Long-term prediction can be improved by reasoning at a maneuver level instead of a purely physical level, and by taking into account the constraints imposed by the road network on the motion of vehicles. One strategy is to rst identify the maneuver intention of each driver and to then generate trajectories corresponding to that maneuver intention on the current road layout. For this purpose, Aoude et. al. <ref type="bibr" target="#b13">[13,</ref><ref type="bibr" target="#b14">14]</ref> used a combination of Support Vector Machines and Bayesian Filtering for maneuver intention estimation, and Rapidly-exploring Random Trees for trajectory generation. As an alternative, Laugier et. al. <ref type="bibr" target="#b15">[15]</ref> proposed to combine Hidden Markov Models and Gaussian Processes. Another solution is to use Monte-Carlo simulation to explore the dierent possible realizations of a maneuver by sampling on the input variables <ref type="bibr" target="#b16">[16]</ref>. Other works propose integrated frameworks based on Markov State Space Models (MSSM) which explicitly represent the maneuver intention of drivers and allow the prediction of future trajectories without the need of a separate maneuver intention estimation step <ref type="bibr" target="#b17">[17,</ref><ref type="bibr" target="#b18">18,</ref><ref type="bibr" target="#b19">19]</ref>.</p><p>The main limitation of approaches based on trajectory prediction is their high computational cost. For advanced motion models, which take into account the local shape of the road layout and the dependencies between the motion of dierent vehicles, the cost of computing all the possible future trajectories and the probability that they intersect is not compatible with realtime safety applications. The classic solution to reduce the complexity and the computation time is to assume independence between vehicles. However this leads to misinterpretations of trac situations and to an overestimation of the risk <ref type="bibr" target="#b20">[20]</ref>.</p></div>
<div xmlns="http://www.tei-c.org/ns/1.0"><head n="3">Proposed approach for general trac situations</head><p>To our knowledge, only two motion models have been proposed in the literature which take into account the mutual dependencies between the vehicles <ref type="bibr" target="#b17">[17,</ref><ref type="bibr" target="#b18">18]</ref>. Both are based on MSSMs and suer from the limitations mentioned in the previous section, i.e. the cost of predicting trajectories using such models is prohibitive for risk estimation and incompatible with real-time safety applications. As an alternative we propose a novel approach to risk estimation which is also based on MSSMs but does not rely on trajectory prediction to estimate the risk of a situation.</p></div>
<div xmlns="http://www.tei-c.org/ns/1.0"><head n="3.1">Principle and examples</head><p>We propose to detect dangerous situations by comparing what drivers intend to do with what drivers are expected to do according to the trac rules. In this situation the driver of vehicle A is expected to either adapt its speed to the new speed of vehicle B, or to change lanes. If the intention of the driver does not match the expectation, e.g.</p><p>if the driver intends to keep the same speed, the situation becomes dangerous. Example 2. Vehicle A is approaching a give-way intersection, vehicle B is approaching the same intersection and has the right-of-way. In this situation the driver of vehicle A is expected to yield to vehicle B if the time gap before vehicle B reaches the intersection is too short for vehicle A to execute its maneuver. If the intention of the driver does not match the expectation, e.g. if the driver intends to proceed in the intersection while the time gap is too short, the situation becomes dangerous.</p><p>This novel approach to risk assessment reects the fact that most road accidents are caused by driver error <ref type="bibr" target="#b1">[2]</ref>, and matches the intuitive notion that dangerous situations are situations where drivers are acting dierently from what is expected of them.</p></div>
<div xmlns="http://www.tei-c.org/ns/1.0"><head n="3.2">Implementation</head><p>As explained above, the proposed approach relies on the estimation of:</p><p>1. The maneuver that a driver intends to perform 2. The maneuver that is expected of the driver The former is already explicitly represented as a variable in the classic MSSM. The latter is implicitly encoded in the classic MSSM, in the multi-vehicle dependencies. In the proposed MSSM, what is expected of the driver is made explicit by dening an additional variable. The dierences between the two models are illustrated graphically in <ref type="figure" target="#fig_0">Fig. 1 and Fig. 2</ref>, and explained in more detail below.</p><p>In the classic MSSM ( <ref type="figure" target="#fig_0">Fig. 1)</ref>, the motion of a vehicle is typically modeled based on three layers of abstraction:</p><p>The highest level corresponds to the maneuver performed by the vehicle (e.g. overtake, turn right at the intersection). The variables at this level are discrete and hidden (not observable).</p><p>We call I the conjunction of these variables. I n t therefore represents the maneuver being performed by vehicle n at time t. We call it I as Intention, since the maneuver performed by a vehicle reects the intended maneuver of the driver. This level corresponds to the physical state of the vehicle (e.g. position, speed). The variables at this level are hidden (not observable).</p><p>We call Φ the conjunction of these variables. Φ n t therefore represents the physical state of vehicle n at time t.</p><p>The lowest level corresponds to the measurements available (e.g. measurement of the vehicle's position). The variables at this level are observable. They often correspond to a noisy version of a subset of the physical variables.</p><p>We call Z the conjunction of these variables. Z n t therefore represents the measurements of the state of vehicle n at time t.</p><p>In this model, what a driver is expected to do is implicitly encoded in the multi-vehicle dependencies: it is assumed that the current maneuver intention of the driver is dependent on the previous situational context, i.e. on the maneuver intention and physical state of the other vehicles (see bold arrows in <ref type="figure" target="#fig_0">Fig. 1</ref>). For example, it is assumed that a vehicle driving on the highway will -with a high probability -slow down or change lanes if the vehicle in front starts braking. Similarly, it is assumed that a driver approaching an intersection will -with a high probability -yield to vehicles with right-of-way.</p><p>In the proposed MSSM ( <ref type="figure" target="#fig_1">Fig. 2)</ref>, what a driver is expected to do is explicitly represented by the expected maneuver E n t . E n t is a conjunction of variables analogous to the intended maneuver I n t : every variable in the conjunction I n t has an equivalent in the conjunction E n t . As can be seen in the graph, the expected maneuver E n t is derived from the previous situational context and has an inuence on the intended maneuver I n t .</p><p>In both the classic MSSM and the proposed MSSM, the dependencies between the vehicles are modeled by making the current intended maneuver I n t dependent on the previous situational context. The dierence is that the dependency is not direct in the proposed MSSM: the expected maneuver E n t is inserted as an intermediate. intend to do (I t ) and what they are expected to do (E t ). The risk of a situation is computed based on the probability that intention and expectation do not match, given the measurements:</p><formula xml:id="formula_0">P ([I n t = E n t ]|Z 0:t )<label>(1)</label></formula><p>Based on Eq. 1, a variety of safety-oriented applications can be derived.</p></div>
<div xmlns="http://www.tei-c.org/ns/1.0"><head n="3.3.1">Detection of hazardous vehicles</head><p>A hazard probability can be computed for every vehicle in the scene using Eq. 1. Subsequently, actions can be triggered depending on the value of the risk. An example ADAS application would be to warn all the drivers in the area when the risk is higher than a predened threshold, i.e. if:</p><formula xml:id="formula_1">∃n ∈ N : P ([I n t = E n t ]|Z 0:t ) &gt; λ (2)</formula><p>The warning message could be adapted to the level of danger, so that the driver is aware of the urgency of the situation. If autonomous braking is considered, the deceleration could be adapted to the risk value.</p></div>
<div xmlns="http://www.tei-c.org/ns/1.0"><head n="3.3.2">Risk of a specic maneuver</head><p>The risk of a specic maneuver I n t can be computed for a vehicle n:</p><formula xml:id="formula_2">P ( N m=1 [I m t = E m t ]|I n t Z 0:t )<label>(3)</label></formula><p>This is an important feature for autonomous driving, but also for ADAS. One application is to nd the best escape maneuver in a dangerous situation. Another one is to assist the driver for tasks such as changing lanes on the highway or negotiating an intersection by computing the risk of each possible maneuver and informing the driver about how safe each maneuver is.</p></div>
<div xmlns="http://www.tei-c.org/ns/1.0"><head n="3.3.3">Other applications</head><p>The proposed model can be used to estimate the intended maneuver of a driver, or to predict future trajectories. These are useful features for numerous applications which need to reason about trac situations <ref type="bibr" target="#b21">[21]</ref>.</p></div>
<div xmlns="http://www.tei-c.org/ns/1.0"><head n="4">Application to road intersections</head><p>The model presented in the previous section could in theory be applied to any trac situations, by dening the variables I n t , E n t , Z n t , and Φ n t accordingly. This section presents its application to unsignalized road intersections, i.e. intersections ruled by anything but trac lights (stop,</p><p>give-way, priority to the right). More specically we address accidents caused by trac sign The description of the algorithm follows the Bayesian Programming formalism <ref type="bibr" target="#b22">[22]</ref>: rst the variables are dened, then the proposed joint distribution, the parametric forms, and nally the calculation of risk.</p></div>
<div xmlns="http://www.tei-c.org/ns/1.0"><head n="4.1">Variable denition</head><p>This section proposes denitions for the intended maneuver I n t , the expected maneuver E n t , the physical state Φ n t , and the measurements Z n t , in the context of road intersections.</p></div>
<div xmlns="http://www.tei-c.org/ns/1.0"><head n="4.1.1">Intended maneuver</head><p>As was mentioned above, the focus of this work is on errors in the longitudinal execution of the maneuver. Since we want to be able to reason on the lateral motion and on the longitudinal motion separately, we make a distinction between the lateral and longitudinal components of a maneuver in our specication of the intended maneuver I n t .</p><p>Lateral component: For the lateral component we exploit the fact that intersections are highly structured areas where the lateral motion of vehicles is constrained by the geometry and the topology of the intersection. It is assumed that a digital map of the road network is available.</p><p>From this digital map we extract a set of courses, where a course is dened for each authorized maneuver at the intersection as the typical path that is followed by a vehicle when executing that particular maneuver. The concept of a course is illustrated in <ref type="figure" target="#fig_2">Fig. 3</ref>. The variable representing the lateral component of a maneuver is dened as:</p><formula xml:id="formula_3">Ic n t ∈ {c i } i=1:N C :</formula><p>the driver's intended lateral motion, which will also be called the driver's intended course in the context of road intersections. It corresponds to the course followed by vehicle n at time t. {c i } i=1:N C is the set of possible courses at the intersection, extracted from the digital map.</p><p>Longitudinal component: For the longitudinal component we exploit the fact that intersections are highly structured areas where the longitudinal motion of vehicles is constrained by the geometry and the topology of the intersection as well as by the trac rules. For a vehicle n at time t we dene two possible intentions with respect to the motion in the longitudinal direction: go and stop. The variable representing the longitudinal component of a maneuver is dened as: Inria Intention-Aware Risk Estimation for General Trac Situations, and Application to Intersection Safety9</p><p>Is n t ∈ {go, stop}: the driver's intended longitudinal motion, which will also be called the driver's intention to stop in the context of road intersections. It corresponds to the driver's intention regarding the longitudinal execution of the maneuver.</p><p>Is n t = go means that the driver intends to adapt its speed to the layout of the intersection only. In other words, the driver intends to negotiate the intersection as if there were no constraints from the trac rules (stop, give-way). This is typically the case for vehicles which have priority: drivers will adapt their speed to the topology and the geometry of the intersection (slowing down to make a turn) but will not slow down to stop or yield to another vehicle.</p><p>Is n t = stop means that the driver intends to adapt its speed to the layout of the intersection (similarly to Is n t = go), but will also adapt his speed so that he can stop at the intersection.</p><p>Typically, this behavior will be adopted by vehicles approaching a stop intersection with the intention to respect the stop, and by vehicles which do not have the right-of-way and intend to yield to another vehicle.</p></div>
<div xmlns="http://www.tei-c.org/ns/1.0"><head n="4.1.2">Expected maneuver E n t</head><p>In the general framework presented in Sec. 3, each variable in the conjunction I n t has an equivalent in the conjunction E n t . The purpose is twofold: to model the inuences of the surrounding vehicles on the maneuver performed by a vehicle, and to compute the risk based on the probability that the expected maneuver and the intended maneuver do not match.</p><p>If this principle is applied to our problem, the expected maneuver E n t should contain two variables: the expected lateral motion (analogous to Ic n t ) and the expected longitudinal motion (analogous to Is n t ). However in our case it is not necessary to include an expected lateral motion variable, for two reasons. The rst reason is that in the context of road intersections the dependencies between the vehicles mostly concern the longitudinal motion: whether a driver will stop or not at the intersection is inuenced by the presence of other vehicles, but the course followed by a driver is not. Therefore it is reasonable to assume independence between the lateral motion of vehicles. The second reason is that, as mentioned earlier, this work addresses risks in the longitudinal direction only.</p><p>For a vehicle n at time t we dene the following variable:</p><p>Es n t ∈ {go, stop}: the expected longitudinal motion, which will also be called the expectation to stop in the context of road intersections. It corresponds to the expected longitudinal motion of the vehicle according to the trac rules. Es n t = go means that the driver should adapt his speed to the layout of the intersection only.</p><p>Es n t = stop means that the driver should adapt his speed to the layout of the intersection, and should also adapt his speed so that he can stop at the intersection.</p></div>
<div xmlns="http://www.tei-c.org/ns/1.0"><head n="4.1.3">Measurements Z n t</head><p>In this work, the following measurements of the state of a vehicle n ∈ N at time t are available:  </p><formula xml:id="formula_4">P m n t = (Xm n t Y m n t θm n t ) ∈ R 3 :</formula></div>
<div xmlns="http://www.tei-c.org/ns/1.0"><head n="4.1.5">Summary and notations</head><p>The variables of our MSSM were dened by adapting the general model proposed in Sec. 3 to the context of road intersections. The following variables were dened for a vehicle n ∈ N at time t:</p><p>For the intended maneuver:</p><formula xml:id="formula_5">I n t = (Ic n t Is n t )</formula><p>For the expected maneuver: E n t = Es n t For the measurements: Z n t = (P m n t Sm n t )</p><p>For the physical state:</p><formula xml:id="formula_6">Φ n t = (P n t S n t )</formula><p>The variables Z n t and Φ n t were dened according to the measurements available, and the variables I n t and E n t were dened with the objective to detect dangerous situations at a road intersection by comparing driver intention and driver expectation, as illustrated in <ref type="figure">Fig. 4</ref> with some example scenarios.</p><p>In the next sections we carry on with the specication of the model, still following the Bayesian Programming formalism. For more clarity in the equations, in the remainder of this report a bold symbol will be used to represent the conjunction of variables for all the vehicles in the scene.</p><p>For example, for a variable X:</p><formula xml:id="formula_7">X (X 1 ...X N )<label>(4)</label></formula><p>with X n the variable associated with vehicle n.</p><p>Inria <ref type="figure">Figure 4</ref>: Detection of dangerous situations by comparing intention I n t and expectation E n t :</p><p>example scenarios.</p></div>
<div xmlns="http://www.tei-c.org/ns/1.0"><head n="4.2">Joint distribution</head><p>For the general model proposed in <ref type="figure" target="#fig_1">Fig. 2</ref>, the joint distribution over all the vehicles is as follows:</p><formula xml:id="formula_8">P (E 0:T I 0:T Φ 0:T Z 0:T ) = P (E 0 I 0 Φ 0 Z 0 ) × T t=1 × N n=1 P (E n t |I t−1 Φ t−1 ) × P (I n t |Φ n t−1 I n t−1 E n t ) ×P (Φ n t |Φ n t−1 I n t−1 I n t ) × P (Z n t |Φ n t )<label>(5)</label></formula><p>In this section we adapt this general model to road intersection situations, with the variables dened in the previous section. We start by making the following classic independence assumptions:</p><p>For the intended maneuver: The current intended lateral motion and intended longitudinal motion are conditionally independent given (Φ n t−1 I n t−1 E n t ). Therefore the following simplication is obtained:</p><formula xml:id="formula_9">P (I n t |Φ n t−1 I n t−1 E n t ) = P (Ic n t |Φ n t−1 I n t−1 E n t ) × P (Is n t |Φ n t−1 I n t−1 E n t )<label>(6)</label></formula><p>For the physical state: The current pose and current speed are conditionally independent</p><p>given (Φ n t−1 I n t−1 I n t ). Therefore the following simplication is obtained:</p><formula xml:id="formula_10">P (Φ n t |Φ n t−1 I n t−1 I n t ) = P (P n t |Φ n t−1 I n t−1 I n t ) × P (S n t |Φ n t−1 I n t−1 I n t )<label>(7)</label></formula><p>For the measurements: A classic sensor model is used, i.e. the measurements are conditionally independent given the physical quantities they are associated with. Therefore the following simplication is obtained:</p><formula xml:id="formula_11">P (Z n t |Φ n t ) = P (P m n t |P n t ) × P (Sm n t |S n t )<label>(8)</label></formula><p>After applying these independence assumptions, and taking into account that E n t = Es n t , the joint distribution (Eq. 5) becomes:</p><formula xml:id="formula_12">P (E 0:T I 0:T Φ 0:T Z 0:T ) = P (E 0 I 0 Φ 0 Z 0 ) × T t=1 × N n=1 [P (Es n t |I t−1 Φ t−1 ) × P (Ic n t |Φ n t−1 I n t−1 Es n t ) × P (Is n t |Φ n t−1 I n t−1 Es n t ) × P (P n t |Φ n t−1 I n t−1 I n t ) × P (S n t |Φ n t−1 I n t−1 I n t ) ×P (P m n t |P n t ) × P (Sm n t |S n t )]<label>(9)</label></formula></div>
<div xmlns="http://www.tei-c.org/ns/1.0"><head n="4.3">Parametric forms</head><p>In this section the parametric forms of the conditional probability terms in Eq. 9 are described, along with the hypotheses they build on.</p></div>
<div xmlns="http://www.tei-c.org/ns/1.0"><head n="4.3.1">Expected longitudinal motion Es n t</head><p>The expected longitudinal motion of a vehicle is derived from the previous intended course, pose and speed of all the vehicles in the scene:</p><formula xml:id="formula_13">P (Es n t |I t−1 Φ t−1 ) = P (Es n t |Ic t−1 P t−1 S t−1 )<label>(10)</label></formula><p>What is expected of vehicles on the road is regulated by trac rules, but a lot is left to the judgment of drivers. If we take as an example give-way intersections in France, the rules specify that the driver which does not have the right-of-way must yield to vehicles driving on the other road(s) and make sure there is no danger before entering the intersection <ref type="bibr" target="#b23">[23]</ref>. There exists no formula to calculate whether it is legal or not for a driver to enter an intersection at time t in a specic context. Instead, our expectation model is based on typical driver behavior, i.e. on a statistical analysis of what drivers consider to be acceptable. The necessity for a vehicle to stop given the context is derived using probabilistic gap acceptance models <ref type="bibr" target="#b24">[24,</ref><ref type="bibr" target="#b25">25]</ref>:</p><formula xml:id="formula_14">P ([Es n t = stop]|[Ic t−1 = c t−1 ][P t−1 = p t−1 ][S t−1 = s t−1 ]) = f (c t−1 , p t−1 , s t−1 ) (11)</formula><p>with c t−1 the conjunction of courses for the N vehicles in the scene, p t−1 the conjunction of positions for the N vehicles in the scene, s t−1 the conjunction of speeds for the N vehicles in the scene, and f a function which computes the probability that the gap available for vehicle n to execute its maneuver is sucient given the previous situational context (c t−1 , p t−1 , s t−1 ). For a vehicle n heading towards a give-way intersection, the calculation is detailed below: i. Project forward (or backward) the position of vehicle n until the time t n when it reaches the intersection, using the vehicle's previous state (c n t−1 , p n t−1 , s n t−1 ) and a constant speed model.</p><p>ii. Let V ROW be the set of vehicles whose maneuvers have the right-of-way w.r.t. the maneuver of vehicle n. iii. Find the vehicle k ∈ V ROW which is the most likely to cause vehicle n to stop, by nding the smallest positive time gap available for vehicle n to execute its maneuver:</p><formula xml:id="formula_15">   k = arg min m∈V ROW (t m − t n ), f or t m − t n ≥ 0 g min = t k − t n<label>(12)</label></formula><p>iv. The necessity for vehicle n to stop at the intersection is calculated as the probability that the gap g min is not sucient, using a probabilistic gap acceptance model ( <ref type="bibr" target="#b24">[24]</ref> for merging cases, <ref type="bibr" target="#b25">[25]</ref> for left turn across path cases).</p><p>For a vehicle approaching a stop intersection the calculation is similar, except the probability that the vehicle is expected to stop is set to 1 until it reaches the intersection (i.e. P ([Es n t = stop]|Ic t−1 P t−1 S t−1 ) = 1), and after that point the last two steps of the calculation above are used (i.e. steps 3 and 4).</p><p>This context-aware reasoning about the necessity for a vehicle to stop at the intersection will allow us to detect vehicles running stop signs, or vehicles entering an intersection when they should have waited for another vehicle to pass (as illustrated earlier in <ref type="figure">Fig. 4</ref>).</p></div>
<div xmlns="http://www.tei-c.org/ns/1.0"><head n="4.3.2">Intended longitudinal motion Is n t</head><p>A number of dierent strategies could be applied for the intended longitudinal motion model, to model drivers' habits in terms of compliance with trac rules. In this work, the evolution model is based on the comparison between the previous intention Is n t−1 and the current expectation Es n t :</p><formula xml:id="formula_16">P (Is n t |Φ n t−1 I n t−1 Es n t ) = P (Is n t |Is n t−1 Es n t )<label>(13)</label></formula><p>If the driver's intention at time t − 1 coincides with what is currently expected of him, it is assumed that the driver will comply with a probability P comply . Otherwise a uniform prior (0.5)</p><p>is assumed: The probability P comply is set to P comply = 0.9 to reect our assumption that chances are high that the driver will comply, but ideally it should be learned from data.</p><formula xml:id="formula_17">Is n t−1</formula></div>
<div xmlns="http://www.tei-c.org/ns/1.0"><head n="4.3.3">Intended lateral motion Ic n t</head><p>In the general case of a vehicle driving from point A to point B on the road network, the lateral motion will change with time as one maneuver is performed after another. In this work the focus is on road intersections, and the possible lateral motions were dened as a set of possible courses. Courses cover the entire maneuver at the intersection (approaching phase + execution inside the intersection + exit phase), and there is no reason to believe that a driver will change his mind about the course he wants to follow. For this reason, it is assumed that the probability of a course at time t is dependent on the previous intended course only <ref type="bibr">(Eq. 14)</ref> and that drivers keep the same intention between two timesteps with probability P same , all the other courses being equally probable (Eq. 15).</p><formula xml:id="formula_18">P (Is n t |Φ n t−1 I n t−1 Es n t ) = P (Ic n t |Ic n t−1 )<label>(14)</label></formula><formula xml:id="formula_19">P ([Ic n t = c n t ]|[Ic n t−1 = c n t−1 ]) = P same if c n t = c n t−1 1.0−Psame N C −1 otherwise<label>(15)</label></formula><p>The value of P same was set manually to P same = 0.9 to indicate that drivers rarely change their intended course, but should ideally be learned from data.</p></div>
<div xmlns="http://www.tei-c.org/ns/1.0"><head n="4.3.4">Pose P n t</head><p>It is assumed that a vehicle performing a maneuver will follow the course corresponding to that maneuver. The evolution of the pose of a vehicle is computed from its previous pose, previous speed, and current intended course:</p><formula xml:id="formula_20">P (P n t |Φ n t−1 I n t ) = P (P n t |P n t−1 S n t−1 Ic n t )<label>(16)</label></formula><p>The likelihood of a pose is dened as a trivariate normal distribution with no correlation between</p><p>x, y and θ:</p><formula xml:id="formula_21">P (P n t |[P n t−1 = p n t−1 ][S n t−1 = s n t−1 ][Ic n t = c n t−1 ]) = N (µ xyθ (p n t−1 , s n t−1 , c n t−1 ), σ xyθ )<label>(17)</label></formula><p>where</p><formula xml:id="formula_22">µ xyθ (p n t−1 , s n t−1 , c n t−1 )</formula><p>is a function which computes the mean pose (µ x , µ y , µ θ ), and σ xyθ = (σ x , σ y , σ θ ) is the standard deviation.</p><p>The mean pose of the vehicle is computed from the previous pose, the previous speed, and the current maneuver intention as the average between two poses: the rst one is obtained through a constant velocity model, the second one is obtained by projecting the rst one orthogonally on the exemplar path. This average provides a compromise between the current pose of the vehicle and the ideal pose that the vehicle would have if following the exemplar path.</p></div>
<div xmlns="http://www.tei-c.org/ns/1.0"><head n="4.3.5">Speed S n t</head><p>It is assumed that drivers adapt their speed to their intentions and to the geometry of the road.</p><p>The evolution of the speed of a vehicle is computed from its previous speed, previous pose, and current intended maneuver:</p><formula xml:id="formula_23">P (S n t |Φ n t−1 I n t ) = P (S n t |S n t−1 P n t−1 Ic n t Is n t )<label>(18)</label></formula><p>The distribution on S n t is assumed normal and dened as:</p><formula xml:id="formula_24">P (S n t |[S n t−1 = s n t−1 ][P n t−1 = p n t−1 ][Ic n where µ s (s n t−1 , p n t−1 , c n t , is n t )</formula><p>is a function which computes the mean speed and σ s (</p><formula xml:id="formula_25">s n t−1 , p n t−1 , c n t , is n t )</formula><p>is a function which computes the standard deviation.</p><p>The mean speed is computed as a function of the previous speed, the previous pose, the current course intention, and the current intention to stop, using a set of typical speed proles. These speed proles are created based on generic speed proles of vehicles negotiating intersections found in the literature <ref type="bibr" target="#b26">[26]</ref>. These generic speed proles are automatically modied in our algorithm to match the speed limit and the geometry of the intersection of interest (e.g. the speed is made dependent on the curvature of the course). Moreover the calculation of the mean speed accounts for some variations in the driving styles, by taking into account the previous speed of the vehicle s n t−1 . The predicted speed prole will therefore adapt to sporty drivers as well as to more relaxed drivers.</p></div>
<div xmlns="http://www.tei-c.org/ns/1.0"><head n="4.3.6">Measured pose P m n t</head><p>A classic sensor model is assumed, with a trivariate normal distribution centered on the true state and with no correlation between x, y and θ:</p><formula xml:id="formula_26">P (P m n t |[P n t = p n t ]) = N (p n t , σ xyθ )<label>(20)</label></formula><p>4.3.7 Measured speed Sm n t A classic sensor model is assumed, with a normal distribution centered on the true state:</p><formula xml:id="formula_27">P (Sm n t |[S n t = s n t ]) = N (s n t , σ s )<label>(21)</label></formula></div>
<div xmlns="http://www.tei-c.org/ns/1.0"><head n="4.3.8">Summary</head><p>Throughout this section a number of independence assumptions were made. As a result the joint distribution in Eq. 9 becomes:</p><formula xml:id="formula_28">P (E 0:T I 0:T Φ 0:T Z 0:T ) = P (E 0 I 0 Φ 0 Z 0 ) × T t=1 × N n=1 [P (Es n t |Ic t−1 P t−1 S t−1 ) × P (Ic n t |Ic n t−1 ) × P (Is n t |Is n t−1 Es n t ) × P (P n t |P n t−1 S n t−1 Ic n t ) × P (S n t |S n t−1 P n t−1 Ic n t Is n t ) ×P (P m n t |P n t ) × P (Sm n t |S n t )]<label>(22)</label></formula></div>
<div xmlns="http://www.tei-c.org/ns/1.0"><head n="4.4">Bayesian risk estimation</head><p>The equation for risk estimation is given in Eq. 1 for general trac situations. When applied to our problem, the principle of comparing intention and expectation leads to computing the risk based on the probability that a driver does not intend to stop at the intersection while he is expected to: </p><p>Exact inference on such a non-linear non-Gaussian model is not tractable. Here, approximate inference is performed using the classic bootstrap lter <ref type="bibr" target="#b27">[27]</ref>. For two vehicles, we found that a good compromise between computation time and quality of the estimation was achieved for a number of particles N particles = 400.</p></div>
<div xmlns="http://www.tei-c.org/ns/1.0"><head n="5">Results</head></div>
<div xmlns="http://www.tei-c.org/ns/1.0"><head n="5.1">Evaluation strategy</head><p>Evaluating the performance of risk assessment algorithms is not straightforward: the ground truth of the risk of a situation is not available, therefore the evaluation cannot be conducted on the output of the algorithm directly. Instead it is generally conducted at the application level by applying a threshold on the risk value to separate dangerous and non-dangerous situations.</p><p>The algorithm is then evaluated based on: </p><formula xml:id="formula_30">T prediction = t collision − t detection<label>(24)</label></formula><p>with t collision the time at which the collision happens and t detection the earliest time when the situation is classied as dangerous by the algorithm. Throughout this section, dangerous and non-dangerous situations are classied using the hazard probability criterion introduced in Sec. 3.3.1. The idea is to compute a hazard probability Inria Intention-Aware Risk Estimation for General Trac Situations, and Application to Intersection Safety17 for every vehicle in the scene by comparing the driver's intention Is n t with the expectation Es n t .</p><p>Subsequently a situation is classied as dangerous if the hazard probability is higher than a threshold for at least one vehicle, i.e. i: ∃n ∈ N : P ([Is n t = go][Es n t = stop]|Pm 0:t Sm 0:t ) &gt; λ <ref type="bibr" target="#b25">(25)</ref> The threshold λ is set with the double objective to detect dangerous situations as early as possible and to avoid false alarms in non-dangerous situations. After a recall and precision analysis, λ = 0.3 was found to be the optimal value and was used in all the experiments.</p><p>Tests were run both in simulation and with real vehicles, and the results are reported in the next two sections.</p></div>
<div xmlns="http://www.tei-c.org/ns/1.0"><head n="5.2">Simulations</head></div>
<div xmlns="http://www.tei-c.org/ns/1.0"><head n="5.2.1">Scenarios</head><p>The approach was evaluated in simulation at a two-way stop intersection for seven collision scenarios. The scenarios are illustrated in The same number of instances was simulated for equivalent non-dangerous scenarios. Trajectories were generated for the same congurations as in <ref type="figure" target="#fig_6">Fig. 5</ref>, this time without violating the trac rules and with a safety distance of 3 seconds: the vehicles were always at least 3 seconds apart when passing the point where their paths intersected.</p></div>
<div xmlns="http://www.tei-c.org/ns/1.0"><head n="5.2.2">Results</head><p>There were no false alarms and no missed detections.</p><p>Collision prediction horizon: <ref type="figure" target="#fig_10">Fig. 6</ref> shows the percentage of detected collisions as a function of the time remaining before the collision, for the 240 dangerous tests. The graph show that every collision in the dataset was predicted at least 0.6 s before it occurred, and that a majority of collisions were predicted between 2 s and 3 s ahead of time. In 80% of the cases the algorithm was able to predict collisions at least 2 s before they occurred. This opens possibilities for accident avoidance and mitigation, by triggering relevant actions on a vehicle after a danger has been detected <ref type="bibr" target="#b28">[28]</ref>.   path. The graph shows that 100% of the collisions are predicted at least 1.5 s before they occur for crossing and merging maneuvers. This means that all the collisions which were detected less than 1.5 s in advance in the previous graphs ( <ref type="figure" target="#fig_10">Fig. 6 and Fig. 7</ref>) correspond to left turn across path maneuvers. These results highlight the fact that collisions caused by a priority violation during a left turn across path maneuver are more dicult to predict than other collisions. Indeed, contrary to crossing and merging maneuvers there is no marking on the road to indicate where a vehicle making a left turn across path should stop to yield to a vehicle with right-of-way. As a result there is a lot of variation in the way vehicles execute a left turn across path maneuver, and this makes it more challenging to estimate the intentions of drivers. The high variation in driver behavior during left turn across path maneuvers has been pointed out in the past by other works <ref type="bibr" target="#b25">[25]</ref>.   </p></div>
<div xmlns="http://www.tei-c.org/ns/1.0"><head n="5.3">Field trials</head></div>
<div xmlns="http://www.tei-c.org/ns/1.0"><head n="5.3.2">Scenarios</head><p>Experiments were conducted at a T-shaped give-way intersection for two collision scenarios. The scenarios are illustrated in <ref type="figure" target="#fig_13">Fig. 9</ref>. All of them involve a Priority Vehicle (PV) driving on the main road and an Other Vehicle (OV) performing a dangerous maneuver. In these scenarios, emergency braking is the only way to avoid an accident, therefore we expect the application to issue a warning as early as possible.</p><p>Non-dangerous tests were also run, using the same congurations as in <ref type="figure" target="#fig_13">Fig. 9</ref> but this time without violating the trac rules.</p><p>In total 90 dangerous and 20 non-dangerous tests were run. We alternated between 6 dierent drivers both for the PV and the OV. In order to generate some diversity in the scenario instances, the drivers of the OV were not given precise instructions about the execution of the maneuvers; they were told to execute the maneuver in a manner that they felt was dangerous or nondangerous. Out of the 90 dangerous trials, 60 were performed with the warning system running on the PV, and 30 with the warning system running on the OV.</p></div>
<div xmlns="http://www.tei-c.org/ns/1.0"><head n="5.3.3">Results</head><p>In the 20 non-dangerous tests there was no false alarm, i.e. no warning was ever triggered by the system.</p><p>For every of the 90 dangerous tests, the system was able to issue a warning early enough that the driver avoided the collision by braking. <ref type="figure" target="#fig_0">Fig. 10</ref> shows a sample dangerous left turn across path scenario during which we recorded the view from inside the PV. The danger is detected as soon as the OV starts to execute the left turn. The driver of the PV receives a warning indicating that a dangerous situation was detected and that the danger comes from a vehicle on the left side.</p><p>Since we did not create real collisions, the statistical analysis about the collision prediction horizon that was performed on the simulated data cannot be performed on the real data. However, the eld trials proved that our approach can operate with success in real-life situations where passenger vehicles share data via a Vehicle-to-Vehicle wireless link. computed as the probability that intentions and expectations do not match, given the available observations. As opposed to state art approaches relying on trajectory prediction the proposed approach reasons on risk at a semantic level. As a result it can run in real-time without having to assume independence between vehicles.</p><p>This general framework was implemented and tested in the context of unsignalized road intersections. The necessity for a driver to stop at an intersection is represented in the model, as well as the driver's intention to comply. In order to compute the risk, inference on these two variables is performed given measurements of the pose and speed of all the vehicles in the scene.</p><p>The model takes into account the mutual inuences between the maneuvers performed by the vehicles, and can be used with an arbitrary number of vehicles. It models the inuence of the topology and the geometry of the intersection on the behavior of a vehicle (position, speed), and therefore can automatically adapt to any intersection layout.</p><p>Tests were conducted in simulation for collision scenarios at a two-way stop intersection, and with passenger vehicles equipped with o-the-shelf Vehicle-to-Vehicle communication modems at a T-shaped give-way intersection. The results show that the algorithm is able to detect dangerous situations in real-time for dierent types of collision scenarios and dierent driving styles.</p><p>In order to show the applicability of the comparing intentions and expectations risk estimation algorithm, future work will include the implementation of that approach in the context of highway driving. Another line of research will be the addition of learning components so that the model adapts to dierent drivers.</p></div><figure xmlns="http://www.tei-c.org/ns/1.0" xml:id="fig_0"><head>Figure 1 :</head><label>1</label><figDesc>Graphical representation of a classic MSSM. Bold arrows represent multi-vehicle dependencies, i.e. the inuences of the other vehicles on vehicle n. Example 1. Vehicle A is following vehicle B on the highway, then vehicle B starts braking.</figDesc></figure>
<figure xmlns="http://www.tei-c.org/ns/1.0" xml:id="fig_1"><head>Figure 2 :</head><label>2</label><figDesc>Graphical representation of the proposed MSSM. Bold arrows represent multi-vehicle dependencies, i.e. the inuences of the other vehicles on vehicle n.</figDesc></figure>
<figure xmlns="http://www.tei-c.org/ns/1.0" xml:id="fig_2"><head>Figure 3 :</head><label>3</label><figDesc>Illustrative example for the "course" concept. The courses originating from one road are displayed as blue arrows. violations. Driver error in the lateral direction (such as hazardous lane changes) is not addressed in this work.</figDesc></figure>
<figure xmlns="http://www.tei-c.org/ns/1.0" xml:id="fig_3"><head></head><label></label><figDesc>the measured pose, i.e. the position and orientation of the vehicle in the Universal Transverse Mercator (UTM) coordinate system. Sm n t ∈ R: the measured speed of the vehicle.For the experimental validation (see Sec. 5.3), this information originates from the vehicles' proprioceptive sensors and is shared via Vehicle-to-Vehicle wireless communication. However, the method can be applied independently of the type of sensors that are used to observe the scene.4.1.4 Physical state Φ n tBased on the available measurements (see previous section), the following variables are selected to represent the physical state of a vehicle n ∈ N at time t: P n t = (X n t Y n t θ n t ) ∈ R : the true pose of the vehicle.</figDesc></figure>
<figure xmlns="http://www.tei-c.org/ns/1.0" xml:id="fig_4"><head></head><label></label><figDesc>: the true speed of the vehicle.</figDesc></figure>
<figure xmlns="http://www.tei-c.org/ns/1.0" xml:id="fig_5"><head></head><label></label><figDesc>For each vehicle m ∈ V ROW project forward (or backward) the position of vehicle m until the time t m when it reaches the intersection, using the vehicle's previous state (c m t−1 , p m t−1 , s m t−1 ) and a constant speed model.</figDesc></figure>
<figure xmlns="http://www.tei-c.org/ns/1.0" xml:id="fig_6"><head>Figure 5 :</head><label>5</label><figDesc>Simulated collision scenarios. For each scenario the maneuver of the Other Vehicle (OV) is shown in dotted red and the maneuver of the Priority Vehicle (PV) is shown in plain green. Collisions occur where the maneuvers intersect. P ([Is n t = go][Es n t = stop]|Pm 0:t Sm 0:t )</figDesc></figure>
<figure xmlns="http://www.tei-c.org/ns/1.0" xml:id="fig_7"><head>Fig. 5 .</head><label>5</label><figDesc>All of them involve a Priority Vehicle (PV)driving on the main road and an Other Vehicle (OV) performing a dangerous maneuver. These scenarios were selected because they cover 70% of all accident scenarios at road intersections in Europe<ref type="bibr" target="#b1">[2]</ref>. Four maneuvers are considered for the OV: merging right, merging left, crossing, and left turn across path. For each of these maneuvers except for the last one, there is a priority violation scenario and a stop violation scenario. A priority violation scenario is a situation where the OV stops at the stop line but then proceeds into the intersection when it should have yielded to the PV, causing an accident 1 . A stop violation scenario is a situation where the OV does not stop at the stop sign, causing an accident 2 . There is no stop violation scenario for the left turn across path maneuver since the regulation does not require the OV to stop when executing this maneuver. A total of 240 instances of these scenarios were simulated, by varying the speed proles of the OV and the synchronization between the trajectories of the two vehicles..</figDesc></figure>
<figure xmlns="http://www.tei-c.org/ns/1.0" xml:id="fig_8"><head></head><label></label><figDesc>Such accidents are typically caused by the driver of the OV failing to notice the PV, or misjudging the speed and distance of the PV<ref type="bibr" target="#b1">[2]</ref>.</figDesc></figure>
<figure xmlns="http://www.tei-c.org/ns/1.0" xml:id="fig_9"><head>2</head><label></label><figDesc>Such accidents are typically caused by the driver of the OV failing to notice the presence of the stop sign, or choosing to ignore it<ref type="bibr" target="#b1">[2]</ref>.</figDesc></figure>
<figure xmlns="http://www.tei-c.org/ns/1.0" xml:id="fig_10"><head>Figure 6 :</head><label>6</label><figDesc>Percentage of detected collisions (over 240 collision instances) as a function of the time remaining before the collision. Impact of the type of violation: In order to analyze the inuence of the type of violation on the performance of our algorithm, results for priority violation scenarios are compared with results for stop violation scenarios in Fig. 7. On average, collisions which are caused by a stop violation are detected 1 s earlier than the ones caused by a priority violation. All of them are detected more than 1.5 s before the crash, against 0.6 s for priority violations. This is explained by the fact the OV's intention to violate the stop is given away by the evolution of the vehicle's speed while it is approaching the intersection, while priority violations can be detected only as the OV accelerates to enter the intersection. Impact of the type of maneuver: In order to analyze the inuence of the type of maneuver executed by the OV on the performance of our algorithm, results for the four maneuvers present in our dataset are compared in Fig. 8: merging right, merging left, crossing, and left turn across</figDesc></figure>
<figure xmlns="http://www.tei-c.org/ns/1.0" xml:id="fig_11"><head>5. 3 . 1 Figure 7 :</head><label>317</label><figDesc>Experimental setup Two passenger vehicles were equipped with o-the-shelf Vehicle-to-Vehicle communication modems (802.11p) and shared their pose and speed information at a rate of 10 Hz. In each vehicle the pose and speed information was obtained via a GPS + IMU unit with a precision of σ = 2m for the position. In its current non-optimized state the risk estimation algorithm runs at 10 Hz Inria Comparison of the performance for priority violations scenarios and stop violations scenarios.</figDesc></figure>
<figure xmlns="http://www.tei-c.org/ns/1.0" xml:id="fig_12"><head>Figure 8 :</head><label>8</label><figDesc>Comparison of the performance for the dierent types of maneuver executed by the OV.</figDesc></figure>
<figure xmlns="http://www.tei-c.org/ns/1.0" xml:id="fig_13"><head>Figure 9 :</head><label>9</label><figDesc>Test scenarios for the eld trials. For each scenario the maneuver of the Other Vehicle (OV) is shown in dotted red and the maneuver of the Priority Vehicle (PV) is shown in plain green. on a dedicated dual core 2.26 GHz processor PC. The test vehicles were not equipped with autonomous emergency braking functions. Instead, an auditory and a visual warning were triggered whenever the algorithm detected a dangerous situation.</figDesc></figure>
<figure xmlns="http://www.tei-c.org/ns/1.0" xml:id="fig_14"><head>InriaFigure 10 :</head><label>10</label><figDesc>Dangerous situation detected during the eld trials (view from inside the Priority Vehicle). 6 Conclusions In this work a probabilistic framework was proposed to reason about the motion of vehicles and the associated risk in general trac situations. The intentions of drivers are explicitly modeled, as well as what the trac rules expect of drivers in the current situation. Risk is then</figDesc></figure>
<figure xmlns="http://www.tei-c.org/ns/1.0" type="table" xml:id="tab_0"><head></head><label></label><figDesc>Aware Risk Estimation for General Trac Situations, and Application to Intersection Safety7 3.3 Applications Modeling explicitly what is expected of a vehicle at time t, as proposed above, creates new possibilities for the estimation of the risk of a situation. Instead of using the MSSM to predict the future trajectories of the vehicles, we propose to use it to jointly infer what drivers currently</figDesc><table /><note>The previous situational context inuences what the driver is expected to do, which in turn inuences what the driver intends to do.Inria Intention-</note></figure>
<figure xmlns="http://www.tei-c.org/ns/1.0" type="table" xml:id="tab_1"><head></head><label></label><figDesc>The denitions of Es n t = go and Es n t = stop are analogous to the denitions provided for Is n</figDesc><table /><note>t = go and Is n t = stop in the previous section; the only dierence is that is corresponds to what the driver should do (according to the trac rules) instead of what he intends to do:</note></figure>
<figure xmlns="http://www.tei-c.org/ns/1.0" type="table" xml:id="tab_3"><head></head><label></label><figDesc>The collision prediction horizon, i.e. how early before a collision the algorithm is able to classify the situation as dangerous. The collision prediction horizon T prediction is dened as:</figDesc><table><row><cell>1. The rate of false alarms, i.e. non-dangerous situations classied as dangerous by the</cell></row><row><cell>algorithm,</cell></row><row><cell>2. The rate of missed detections, i.e. dangerous situations classied as non-dangerous by the</cell></row><row><cell>algorithm,</cell></row><row><cell>3.</cell></row></table><note></note></figure>
			<note xmlns="http://www.tei-c.org/ns/1.0" place="foot">RR n°8379</note>
			<note xmlns="http://www.tei-c.org/ns/1.0" place="foot">t = c n t ][Is n t = is n t ]) = N (µ s (s n t−1 , p n t−1 , c n t , is n t ), σ s (s n t−1 , p n t−1 , c n t , is n t ))(19)Inria</note>
		</body>
		<back>
			<div type="references">

				<listBibl>

<biblStruct xml:id="b0">
	<analytic>
		<title level="a" type="main">An introduction to multisensor data fusion</title>
		<author>
			<persName xmlns="http://www.tei-c.org/ns/1.0"><forename type="first">D</forename><surname>Hall</surname></persName>
		</author>
		<author>
			<persName xmlns="http://www.tei-c.org/ns/1.0"><forename type="first">J</forename><surname>Llinas</surname></persName>
		</author>
	</analytic>
	<monogr>
		<title level="j">Proceedings of the IEEE</title>
		<imprint>
			<biblScope unit="volume">85</biblScope>
			<biblScope unit="issue">1</biblScope>
			<biblScope unit="page">623</biblScope>
			<date type="published" when="1997" />
		</imprint>
	</monogr>
</biblStruct>

<biblStruct xml:id="b1">
	<analytic>
		<title level="a" type="main">Accident causation and pre-accidental driving situations -In-depth accident causation analysis</title>
	</analytic>
	<monogr>
		<title level="m">TRACE project</title>
		<imprint>
			<date type="published" when="2008" />
		</imprint>
	</monogr>
</biblStruct>

<biblStruct xml:id="b2">
	<analytic>
		<title level="a" type="main">Vehicle to vehicle communications applied to road intersection safety, eld results</title>
		<author>
			<persName xmlns="http://www.tei-c.org/ns/1.0"><forename type="first">J</forename><surname>Ibañez-Guzmán</surname></persName>
		</author>
		<author>
			<persName xmlns="http://www.tei-c.org/ns/1.0"><forename type="first">S</forename><surname>Lefèvre</surname></persName>
		</author>
		<author>
			<persName xmlns="http://www.tei-c.org/ns/1.0"><forename type="first">A</forename><surname>Mokkadem</surname></persName>
		</author>
		<author>
			<persName xmlns="http://www.tei-c.org/ns/1.0"><forename type="first">S</forename><surname>Rodhain</surname></persName>
		</author>
	</analytic>
	<monogr>
		<title level="m">Proc. IEEE International Conference on Intelligent Transportation Systems</title>
		<meeting>IEEE International Conference on Intelligent Transportation Systems</meeting>
		<imprint>
			<date type="published" when="2010" />
			<biblScope unit="page">192197</biblScope>
		</imprint>
	</monogr>
</biblStruct>

<biblStruct xml:id="b3">
	<analytic>
		<title level="a" type="main">Improving vehicle safety using context based detection of risk</title>
		<author>
			<persName xmlns="http://www.tei-c.org/ns/1.0"><forename type="first">S</forename><surname>Worrall</surname></persName>
		</author>
		<author>
			<persName xmlns="http://www.tei-c.org/ns/1.0"><forename type="first">D</forename><surname>Orchansky</surname></persName>
		</author>
		<author>
			<persName xmlns="http://www.tei-c.org/ns/1.0"><forename type="first">F</forename><surname>Masson</surname></persName>
		</author>
		<author>
			<persName xmlns="http://www.tei-c.org/ns/1.0"><forename type="first">E</forename><surname>Nebot</surname></persName>
		</author>
	</analytic>
	<monogr>
		<title level="m">Proc. IEEE Intelligent Transportation Systems Conference</title>
		<meeting>IEEE Intelligent Transportation Systems Conference</meeting>
		<imprint>
			<date type="published" when="2010" />
			<biblScope unit="page">379385</biblScope>
		</imprint>
	</monogr>
</biblStruct>

<biblStruct xml:id="b4">
	<analytic>
		<title level="a" type="main">Risk assessment algorithms based on recursive neural networks</title>
		<author>
			<persName xmlns="http://www.tei-c.org/ns/1.0"><forename type="first">A</forename><surname>Chinea</surname></persName>
		</author>
		<author>
			<persName xmlns="http://www.tei-c.org/ns/1.0"><forename type="first">M</forename><surname>Parent</surname></persName>
		</author>
	</analytic>
	<monogr>
		<title level="m">Proc. International Joint Conference on Neural Networks</title>
		<meeting>International Joint Conference on Neural Networks</meeting>
		<imprint>
			<date type="published" when="2007" />
			<biblScope unit="page">14341440</biblScope>
		</imprint>
	</monogr>
</biblStruct>

<biblStruct xml:id="b5">
	<analytic>
		<title level="a" type="main">Collision pattern modeling and real-time collision detection at road intersections</title>
		<author>
			<persName xmlns="http://www.tei-c.org/ns/1.0"><forename type="first">F</forename><forename type="middle">D</forename><surname>Salim</surname></persName>
		</author>
		<author>
			<persName xmlns="http://www.tei-c.org/ns/1.0"><forename type="first">S</forename><forename type="middle">W</forename><surname>Loke</surname></persName>
		</author>
		<author>
			<persName xmlns="http://www.tei-c.org/ns/1.0"><forename type="first">A</forename><surname>Rakotonirainy</surname></persName>
		</author>
		<author>
			<persName xmlns="http://www.tei-c.org/ns/1.0"><forename type="first">B</forename><surname>Srinivasan</surname></persName>
		</author>
		<author>
			<persName xmlns="http://www.tei-c.org/ns/1.0"><forename type="first">S</forename><surname>Krishnaswamy</surname></persName>
		</author>
	</analytic>
	<monogr>
		<title level="m">Proc. IEEE Intelligent Transportation Systems Conference</title>
		<meeting>IEEE Intelligent Transportation Systems Conference</meeting>
		<imprint>
			<date type="published" when="2007" />
			<biblScope unit="page">161166</biblScope>
		</imprint>
	</monogr>
</biblStruct>

<biblStruct xml:id="b6">
	<analytic>
		<title level="a" type="main">Real time trajectory prediction for collision risk estimation between vehicles</title>
		<author>
			<persName xmlns="http://www.tei-c.org/ns/1.0"><forename type="first">S</forename><surname>Ammoun</surname></persName>
		</author>
		<author>
			<persName xmlns="http://www.tei-c.org/ns/1.0"><forename type="first">F</forename><surname>Nashashibi</surname></persName>
		</author>
	</analytic>
	<monogr>
		<title level="m">Proc. IEEE Intelligent Computer Communication and Processing</title>
		<meeting>IEEE Intelligent Computer Communication and essing</meeting>
		<imprint>
			<date type="published" when="2009" />
			<biblScope unit="page">417422</biblScope>
		</imprint>
	</monogr>
</biblStruct>

<biblStruct xml:id="b7">
	<analytic>
		<title level="a" type="main">Recognition of dangerous situations within a cooperative group of vehicles</title>
		<author>
			<persName xmlns="http://www.tei-c.org/ns/1.0"><forename type="first">T</forename><surname>Batz</surname></persName>
		</author>
		<author>
			<persName xmlns="http://www.tei-c.org/ns/1.0"><forename type="first">K</forename><surname>Watson</surname></persName>
		</author>
		<author>
			<persName xmlns="http://www.tei-c.org/ns/1.0"><forename type="first">J</forename><surname>Beyerer</surname></persName>
		</author>
	</analytic>
	<monogr>
		<title level="m">Proc. IEEE Intelligent Vehicles Symposium</title>
		<meeting>IEEE Intelligent Vehicles Symposium</meeting>
		<imprint>
			<date type="published" when="2009" />
			<biblScope unit="page">907912</biblScope>
		</imprint>
	</monogr>
</biblStruct>

<biblStruct xml:id="b8">
	<analytic>
		<title level="a" type="main">Model-based threat assessment for avoiding arbitrary vehicle collisions</title>
		<author>
			<persName xmlns="http://www.tei-c.org/ns/1.0"><forename type="first">M</forename><surname>Brännström</surname></persName>
		</author>
		<author>
			<persName xmlns="http://www.tei-c.org/ns/1.0"><forename type="first">E</forename><surname>Coelingh</surname></persName>
		</author>
		<author>
			<persName xmlns="http://www.tei-c.org/ns/1.0"><forename type="first">J</forename><surname>Sjöberg</surname></persName>
		</author>
	</analytic>
	<monogr>
		<title level="j">IEEE Transactions on Intelligent Transportation Systems</title>
		<imprint>
			<biblScope unit="volume">11</biblScope>
			<biblScope unit="issue">3</biblScope>
			<biblScope unit="page">658669</biblScope>
			<date type="published" when="2010" />
		</imprint>
	</monogr>
</biblStruct>

<biblStruct xml:id="b9">
	<monogr>
		<author>
			<persName xmlns="http://www.tei-c.org/ns/1.0"><forename type="first">A</forename><surname>Eidehall</surname></persName>
		</author>
		<author>
			<persName xmlns="http://www.tei-c.org/ns/1.0"><forename type="first">L</forename><surname>Petersson</surname></persName>
		</author>
		<title level="m">Statistical threat assessment for general road scenes using</title>
		<imprint/>
	</monogr>
</biblStruct>

<biblStruct xml:id="b10">
	<analytic>
		<title/>
		<author>
			<persName xmlns="http://www.tei-c.org/ns/1.0"><forename type="first">Monte</forename><surname>Carlo</surname></persName>
		</author>
	</analytic>
	<monogr>
		<title level="j">IEEE Transactions on Intelligent Transportation Systems</title>
		<imprint>
			<biblScope unit="volume">9</biblScope>
			<biblScope unit="issue">1</biblScope>
			<biblScope unit="page">137147</biblScope>
			<date type="published" when="2008" />
		</imprint>
	</monogr>
</biblStruct>

<biblStruct xml:id="b11">
	<analytic>
		<title level="a" type="main">A multilevel collision mitigation approach: situation assessment, decision making, and performance tradeos</title>
		<author>
			<persName xmlns="http://www.tei-c.org/ns/1.0"><forename type="first">J</forename><surname>Hillenbrand</surname></persName>
		</author>
		<author>
			<persName xmlns="http://www.tei-c.org/ns/1.0"><forename type="first">A</forename><forename type="middle">M</forename><surname>Spieker</surname></persName>
		</author>
		<author>
			<persName xmlns="http://www.tei-c.org/ns/1.0"><forename type="first">K</forename><surname>Kroschel</surname></persName>
		</author>
	</analytic>
	<monogr>
		<title level="j">IEEE Transactions on Intelligent Transportation Systems</title>
		<imprint>
			<biblScope unit="volume">7</biblScope>
			<biblScope unit="issue">4</biblScope>
			<biblScope unit="page">528540</biblScope>
			<date type="published" when="2006" />
		</imprint>
	</monogr>
</biblStruct>

<biblStruct xml:id="b12">
	<analytic>
		<title level="a" type="main">Sensor fusion for predicting vehicles&apos; path for collision avoidance systems</title>
		<author>
			<persName xmlns="http://www.tei-c.org/ns/1.0"><forename type="first">A</forename><surname>Polychronopoulos</surname></persName>
		</author>
		<author>
			<persName xmlns="http://www.tei-c.org/ns/1.0"><forename type="first">M</forename><surname>Tsogas</surname></persName>
		</author>
		<author>
			<persName xmlns="http://www.tei-c.org/ns/1.0"><forename type="first">A</forename><surname>Amditis</surname></persName>
		</author>
		<author>
			<persName xmlns="http://www.tei-c.org/ns/1.0"><forename type="first">L</forename><surname>Andreone</surname></persName>
		</author>
	</analytic>
	<monogr>
		<title level="j">IEEE Transactions on Intelligent Transportation Systems</title>
		<imprint>
			<biblScope unit="volume">8</biblScope>
			<biblScope unit="issue">3</biblScope>
			<biblScope unit="page">549562</biblScope>
			<date type="published" when="2007" />
		</imprint>
	</monogr>
</biblStruct>

<biblStruct xml:id="b13">
	<analytic>
		<title level="a" type="main">Threat-aware path planning in uncertain urban environments</title>
		<author>
			<persName xmlns="http://www.tei-c.org/ns/1.0"><forename type="first">G</forename><forename type="middle">S</forename><surname>Aoude</surname></persName>
		</author>
		<author>
			<persName xmlns="http://www.tei-c.org/ns/1.0"><forename type="first">B</forename><forename type="middle">D</forename><surname>Luders</surname></persName>
		</author>
		<author>
			<persName xmlns="http://www.tei-c.org/ns/1.0"><forename type="first">D</forename><forename type="middle">S</forename><surname>Levine</surname></persName>
		</author>
		<author>
			<persName xmlns="http://www.tei-c.org/ns/1.0"><forename type="first">J</forename><forename type="middle">P</forename><surname>How</surname></persName>
		</author>
	</analytic>
	<monogr>
		<title level="m">Proc. IEEE/RSJ International Conference on Intelligent Robots and Systems</title>
		<meeting>IEEE/RSJ International Conference on Intelligent Robots and Systems</meeting>
		<imprint>
			<date type="published" when="2010" />
			<biblScope unit="page">60586063</biblScope>
		</imprint>
	</monogr>
</biblStruct>

<biblStruct xml:id="b14">
	<analytic>
		<title level="a" type="main">Threat assessment design for driver assistance system at intersections</title>
		<author>
			<persName xmlns="http://www.tei-c.org/ns/1.0"><forename type="first">G</forename><forename type="middle">S</forename><surname>Aoude</surname></persName>
		</author>
		<author>
			<persName xmlns="http://www.tei-c.org/ns/1.0"><forename type="first">B</forename><forename type="middle">D</forename><surname>Luders</surname></persName>
		</author>
		<author>
			<persName xmlns="http://www.tei-c.org/ns/1.0"><forename type="first">K</forename><forename type="middle">K H</forename><surname>Lee</surname></persName>
		</author>
		<author>
			<persName xmlns="http://www.tei-c.org/ns/1.0"><forename type="first">D</forename><forename type="middle">S</forename><surname>Levine</surname></persName>
		</author>
		<author>
			<persName xmlns="http://www.tei-c.org/ns/1.0"><forename type="first">J</forename><forename type="middle">P</forename><surname>How</surname></persName>
		</author>
	</analytic>
	<monogr>
		<title level="m">Proc. IEEE Intelligent Transportation Systems Conference</title>
		<meeting>IEEE Intelligent Transportation Systems Conference</meeting>
		<imprint>
			<date type="published" when="2010" />
			<biblScope unit="page">2530</biblScope>
		</imprint>
	</monogr>
</biblStruct>

<biblStruct xml:id="b15">
	<analytic>
		<title level="a" type="main">Probabilistic analysis of dynamic scenes and collision risks assessment to improve driving safety</title>
		<author>
			<persName xmlns="http://www.tei-c.org/ns/1.0"><forename type="first">C</forename><surname>Laugier</surname></persName>
		</author>
		<author>
			<persName xmlns="http://www.tei-c.org/ns/1.0"><forename type="first">I</forename><surname>Paromtchik</surname></persName>
		</author>
		<author>
			<persName xmlns="http://www.tei-c.org/ns/1.0"><forename type="first">M</forename><surname>Perrollaz</surname></persName>
		</author>
		<author>
			<persName xmlns="http://www.tei-c.org/ns/1.0"><forename type="first">M</forename><surname>Yong</surname></persName>
		</author>
		<author>
			<persName xmlns="http://www.tei-c.org/ns/1.0"><forename type="first">J</forename><surname>Yoder</surname></persName>
		</author>
		<author>
			<persName xmlns="http://www.tei-c.org/ns/1.0"><forename type="first">C</forename><surname>Tay</surname></persName>
		</author>
		<author>
			<persName xmlns="http://www.tei-c.org/ns/1.0"><forename type="first">K</forename><surname>Mekhnacha</surname></persName>
		</author>
		<author>
			<persName xmlns="http://www.tei-c.org/ns/1.0"><forename type="first">A</forename><surname>Negre</surname></persName>
		</author>
	</analytic>
	<monogr>
		<title level="j">IEEE Intelligent Transportation Systems Magazine</title>
		<imprint>
			<biblScope unit="volume">3</biblScope>
			<biblScope unit="issue">4</biblScope>
			<biblScope unit="page">419</biblScope>
			<date type="published" when="2011" />
		</imprint>
	</monogr>
</biblStruct>

<biblStruct xml:id="b16">
	<analytic>
		<title level="a" type="main">Comparison of Markov chain abstraction and Monte Carlo simulation for the safety assessment of autonomous cars</title>
		<author>
			<persName xmlns="http://www.tei-c.org/ns/1.0"><forename type="first">M</forename><surname>Altho</surname></persName>
		</author>
		<author>
			<persName xmlns="http://www.tei-c.org/ns/1.0"><forename type="first">A</forename><surname>Mergel</surname></persName>
		</author>
	</analytic>
	<monogr>
		<title level="j">IEEE Transactions on Intelligent Transportation Systems</title>
		<imprint>
			<biblScope unit="volume">12</biblScope>
			<biblScope unit="issue">4</biblScope>
			<biblScope unit="page">12371247</biblScope>
			<date type="published" when="2011" />
		</imprint>
	</monogr>
</biblStruct>

<biblStruct xml:id="b17">
	<analytic>
		<title level="a" type="main">Estimation of multivehicle dynamics by considering contextual information</title>
		<author>
			<persName xmlns="http://www.tei-c.org/ns/1.0"><forename type="first">G</forename><surname>Agamennoni</surname></persName>
		</author>
		<author>
			<persName xmlns="http://www.tei-c.org/ns/1.0"><forename type="first">J</forename><forename type="middle">I</forename><surname>Nieto</surname></persName>
		</author>
		<author>
			<persName xmlns="http://www.tei-c.org/ns/1.0"><forename type="first">E</forename><forename type="middle">M</forename><surname>Nebot</surname></persName>
		</author>
	</analytic>
	<monogr>
		<title level="j">IEEE Transactions on Robotics</title>
		<imprint>
			<biblScope unit="volume">28</biblScope>
			<biblScope unit="issue">4</biblScope>
			<date type="published" when="2012" />
		</imprint>
	</monogr>
	<note>Inria</note>
</biblStruct>

<biblStruct xml:id="b18">
	<analytic>
		<title level="a" type="main">A probabilistic model for estimating driver behaviors and vehicle trajectories in trac environments</title>
		<author>
			<persName xmlns="http://www.tei-c.org/ns/1.0"><forename type="first">T</forename><surname>Gindele</surname></persName>
		</author>
		<author>
			<persName xmlns="http://www.tei-c.org/ns/1.0"><forename type="first">S</forename><surname>Brechtel</surname></persName>
		</author>
		<author>
			<persName xmlns="http://www.tei-c.org/ns/1.0"><forename type="first">R</forename><surname>Dillmann</surname></persName>
		</author>
	</analytic>
	<monogr>
		<title level="m">Proc. IEEE Intelligent Transportation Systems Conference</title>
		<meeting>IEEE Intelligent Transportation Systems Conference</meeting>
		<imprint>
			<date type="published" when="2010" />
			<biblScope unit="page">16251631</biblScope>
		</imprint>
	</monogr>
</biblStruct>

<biblStruct xml:id="b19">
	<analytic>
		<title level="a" type="main">Graphical models for driver behavior recognition in a Smart-Car</title>
		<author>
			<persName xmlns="http://www.tei-c.org/ns/1.0"><forename type="first">N</forename><surname>Oliver</surname></persName>
		</author>
		<author>
			<persName xmlns="http://www.tei-c.org/ns/1.0"><forename type="first">A</forename><forename type="middle">P</forename><surname>Pentland</surname></persName>
		</author>
	</analytic>
	<monogr>
		<title level="m">Proc. IEEE Intelligent Vehicles Symposium</title>
		<meeting>IEEE Intelligent Vehicles Symposium</meeting>
		<imprint>
			<date type="published" when="2000" />
			<biblScope unit="page">712</biblScope>
		</imprint>
	</monogr>
</biblStruct>

<biblStruct xml:id="b20">
	<analytic>
		<title level="a" type="main">Risk assessment at road intersections: comparing intention and expectation</title>
		<author>
			<persName xmlns="http://www.tei-c.org/ns/1.0"><forename type="first">S</forename><surname>Lefèvre</surname></persName>
		</author>
		<author>
			<persName xmlns="http://www.tei-c.org/ns/1.0"><forename type="first">C</forename><surname>Laugier</surname></persName>
		</author>
		<author>
			<persName xmlns="http://www.tei-c.org/ns/1.0"><forename type="first">J</forename><surname>Ibañez-Guzmán</surname></persName>
		</author>
	</analytic>
	<monogr>
		<title level="m">Proc. IEEE Intelligent Vehicles Symposium</title>
		<meeting>IEEE Intelligent Vehicles Symposium</meeting>
		<imprint>
			<date type="published" when="2012" />
			<biblScope unit="page">165171</biblScope>
		</imprint>
	</monogr>
</biblStruct>

<biblStruct xml:id="b21">
	<analytic>
		<title level="a" type="main">The MIT-Cornell collision and why it happened</title>
		<author>
			<persName xmlns="http://www.tei-c.org/ns/1.0"><forename type="first">L</forename><surname>Fletcher</surname></persName>
		</author>
		<author>
			<persName xmlns="http://www.tei-c.org/ns/1.0"><forename type="first">S</forename><surname>Teller</surname></persName>
		</author>
		<author>
			<persName xmlns="http://www.tei-c.org/ns/1.0"><forename type="first">E</forename><surname>Olson</surname></persName>
		</author>
		<author>
			<persName xmlns="http://www.tei-c.org/ns/1.0"><forename type="first">D</forename><surname>Moore</surname></persName>
		</author>
		<author>
			<persName xmlns="http://www.tei-c.org/ns/1.0"><forename type="first">Y</forename><surname>Kuwata</surname></persName>
		</author>
		<author>
			<persName xmlns="http://www.tei-c.org/ns/1.0"><forename type="first">J</forename><surname>How</surname></persName>
		</author>
		<author>
			<persName xmlns="http://www.tei-c.org/ns/1.0"><forename type="first">J</forename><surname>Leonard</surname></persName>
		</author>
		<author>
			<persName xmlns="http://www.tei-c.org/ns/1.0"><forename type="first">I</forename><surname>Miller</surname></persName>
		</author>
		<author>
			<persName xmlns="http://www.tei-c.org/ns/1.0"><forename type="first">M</forename><surname>Campbell</surname></persName>
		</author>
		<author>
			<persName xmlns="http://www.tei-c.org/ns/1.0"><forename type="first">D</forename><surname>Huttenlocher</surname></persName>
		</author>
		<author>
			<persName xmlns="http://www.tei-c.org/ns/1.0"><forename type="first">A</forename><surname>Nathan</surname></persName>
		</author>
		<author>
			<persName xmlns="http://www.tei-c.org/ns/1.0"><forename type="first">F</forename><surname>Kline</surname></persName>
		</author>
	</analytic>
	<monogr>
		<title level="j">Journal of Field Robotics</title>
		<imprint>
			<biblScope unit="volume">25</biblScope>
			<biblScope unit="page">775807</biblScope>
			<date type="published" when="2008" />
		</imprint>
	</monogr>
</biblStruct>

<biblStruct xml:id="b22">
	<analytic>
		<title level="a" type="main">Bayesian robot programming</title>
		<author>
			<persName xmlns="http://www.tei-c.org/ns/1.0"><forename type="first">O</forename><surname>Lebeltel</surname></persName>
		</author>
		<author>
			<persName xmlns="http://www.tei-c.org/ns/1.0"><forename type="first">P</forename><surname>Bessiere</surname></persName>
		</author>
		<author>
			<persName xmlns="http://www.tei-c.org/ns/1.0"><forename type="first">J</forename><surname>Diard</surname></persName>
		</author>
		<author>
			<persName xmlns="http://www.tei-c.org/ns/1.0"><forename type="first">E</forename><surname>Mazer</surname></persName>
		</author>
	</analytic>
	<monogr>
		<title level="j">Autonomous Robots</title>
		<imprint>
			<biblScope unit="volume">16</biblScope>
			<biblScope unit="issue">1</biblScope>
			<biblScope unit="page">4979</biblScope>
			<date type="published" when="2004" />
		</imprint>
	</monogr>
</biblStruct>

<biblStruct xml:id="b23">
	<monogr>
		<title level="m" type="main">Code de la route français -Article R415-7</title>
		<ptr target="http://www.legifrance.gouv.fr" />
		<imprint>
			<date type="published" when="2012-12-05" />
		</imprint>
	</monogr>
</biblStruct>

<biblStruct xml:id="b24">
	<analytic>
		<title level="a" type="main">Intersection approach speed and accident probability</title>
		<author>
			<persName xmlns="http://www.tei-c.org/ns/1.0"><forename type="first">A</forename><surname>Spek</surname></persName>
		</author>
		<author>
			<persName xmlns="http://www.tei-c.org/ns/1.0"><forename type="first">P</forename><surname>Wieringa</surname></persName>
		</author>
		<author>
			<persName xmlns="http://www.tei-c.org/ns/1.0"><forename type="first">W</forename><surname>Janssen</surname></persName>
		</author>
	</analytic>
	<monogr>
		<title level="j">Transportation Research Part F: Trac Psychology and Behaviour</title>
		<imprint>
			<biblScope unit="volume">9</biblScope>
			<biblScope unit="issue">2</biblScope>
			<biblScope unit="page">155171</biblScope>
			<date type="published" when="2006" />
		</imprint>
	</monogr>
</biblStruct>

<biblStruct xml:id="b25">
	<analytic>
		<title level="a" type="main">Gap acceptance for vehicles turning left across on-coming trac: implications for intersection decision support design</title>
		<author>
			<persName xmlns="http://www.tei-c.org/ns/1.0"><forename type="first">D</forename><forename type="middle">R</forename><surname>Ragland</surname></persName>
		</author>
		<author>
			<persName xmlns="http://www.tei-c.org/ns/1.0"><forename type="first">A</forename><surname>Soa</surname></persName>
		</author>
		<author>
			<persName xmlns="http://www.tei-c.org/ns/1.0"><forename type="first">S</forename><forename type="middle">E</forename><surname>Shladover</surname></persName>
		</author>
		<author>
			<persName xmlns="http://www.tei-c.org/ns/1.0"><forename type="first">J</forename><forename type="middle">A</forename><surname>Misener</surname></persName>
		</author>
	</analytic>
	<monogr>
		<title level="m">Proc. Transportation Research Board Annual Meeting</title>
		<meeting>Transportation Research Board Annual Meeting</meeting>
		<imprint>
			<date type="published" when="2006" />
		</imprint>
	</monogr>
</biblStruct>

<biblStruct xml:id="b26">
	<analytic>
		<title level="a" type="main">Driver braking behavior during intersection approaches and implications for warning strategies for driver assistant systems</title>
		<author>
			<persName xmlns="http://www.tei-c.org/ns/1.0"><forename type="first">H</forename><surname>Berndt</surname></persName>
		</author>
		<author>
			<persName xmlns="http://www.tei-c.org/ns/1.0"><forename type="first">S</forename><surname>Wender</surname></persName>
		</author>
		<author>
			<persName xmlns="http://www.tei-c.org/ns/1.0"><forename type="first">K</forename><surname>Dietmayer</surname></persName>
		</author>
	</analytic>
	<monogr>
		<title level="m">Proc. IEEE Intelligent Vehicles Symposium</title>
		<meeting>IEEE Intelligent Vehicles Symposium</meeting>
		<imprint>
			<date type="published" when="2007" />
			<biblScope unit="page">245251</biblScope>
		</imprint>
	</monogr>
</biblStruct>

<biblStruct xml:id="b27">
	<analytic>
		<title level="a" type="main">A tutorial on particle lters for online nonlinear/non-Gaussian Bayesian tracking</title>
		<author>
			<persName xmlns="http://www.tei-c.org/ns/1.0"><forename type="first">M</forename><forename type="middle">S</forename><surname>Arulampalam</surname></persName>
		</author>
		<author>
			<persName xmlns="http://www.tei-c.org/ns/1.0"><forename type="first">S</forename><surname>Maskell</surname></persName>
		</author>
		<author>
			<persName xmlns="http://www.tei-c.org/ns/1.0"><forename type="first">N</forename><surname>Gordon</surname></persName>
		</author>
		<author>
			<persName xmlns="http://www.tei-c.org/ns/1.0"><forename type="first">T</forename><surname>Clapp</surname></persName>
		</author>
	</analytic>
	<monogr>
		<title level="j">IEEE Transactions on Signal Processing</title>
		<imprint>
			<biblScope unit="volume">50</biblScope>
			<biblScope unit="issue">2</biblScope>
			<biblScope unit="page">174188</biblScope>
			<date type="published" when="2002" />
		</imprint>
	</monogr>
</biblStruct>

<biblStruct xml:id="b28">
	<analytic>
		<title level="a" type="main">Evaluating risk at road intersections by detecting conicting intentions</title>
		<author>
			<persName xmlns="http://www.tei-c.org/ns/1.0"><forename type="first">S</forename><surname>Lefèvre</surname></persName>
		</author>
		<author>
			<persName xmlns="http://www.tei-c.org/ns/1.0"><forename type="first">C</forename><surname>Laugier</surname></persName>
		</author>
		<author>
			<persName xmlns="http://www.tei-c.org/ns/1.0"><forename type="first">J</forename><surname>Ibañez-Guzmán</surname></persName>
		</author>
	</analytic>
	<monogr>
		<title level="m">Proc. IEEE/RSJ International Conference on Intelligent Robots and Systems</title>
		<meeting>IEEE/RSJ International Conference on Intelligent Robots and Systems</meeting>
		<imprint>
			<date type="published" when="2012" />
			<biblScope unit="page">48414846</biblScope>
		</imprint>
	</monogr>
</biblStruct>

				</listBibl>
			</div>
		</back>
	</text>
</TEI>
