<?xml version="1.0" encoding="UTF-8"?>
<TEI xml:space="preserve" xmlns="http://www.tei-c.org/ns/1.0" 
xmlns:xsi="http://www.w3.org/2001/XMLSchema-instance" 
xsi:schemaLocation="http://www.tei-c.org/ns/1.0 /Users/cindy/tmp/grobid-0.6.1/grobid-home/schemas/xsd/Grobid.xsd"
 xmlns:xlink="http://www.w3.org/1999/xlink">
	<teiHeader xml:lang="en">
		<fileDesc>
			<titleStmt>
				<title level="a" type="main">CRITICAL LEARNING PERIODS IN DEEP NETWORKS</title>
			</titleStmt>
			<publicationStmt>
				<publisher/>
				<availability status="unknown"><licence/></availability>
				<date type="published" when="2019-02-25">25 Feb 2019</date>
			</publicationStmt>
			<sourceDesc>
				<biblStruct>
					<analytic>
						<author>
							<persName xmlns="http://www.tei-c.org/ns/1.0"><forename type="first">Alessandro</forename><surname>Achille</surname></persName>
							<email>achille@cs.ucla.edu</email>
						</author>
						<author>
							<persName xmlns="http://www.tei-c.org/ns/1.0"><forename type="first">Matteo</forename><surname>Rovere</surname></persName>
							<email>mrovere@bwh.harvard.edu</email>
						</author>
						<author>
							<persName xmlns="http://www.tei-c.org/ns/1.0"><forename type="first">Stefano</forename><surname>Soatto</surname></persName>
							<email>soatto@cs.ucla.edu</email>
						</author>
						<author>
							<affiliation key="aff0">
								<orgName type="department">Department of Computer Science</orgName>
								<orgName type="institution">University of California</orgName>
								<address>
									<settlement>Los Angeles</settlement>
								</address>
							</affiliation>
						</author>
						<author>
							<affiliation key="aff1">
								<orgName type="department">Ann Romney Center for Neurologic Diseases Brigham and Women&apos;s Hospital and Harvard Medical School</orgName>
							</affiliation>
						</author>
						<author>
							<affiliation key="aff2">
								<orgName type="department">Department of Computer Science</orgName>
								<orgName type="institution">University of California</orgName>
								<address>
									<settlement>Los Angeles</settlement>
								</address>
							</affiliation>
						</author>
						<title level="a" type="main">CRITICAL LEARNING PERIODS IN DEEP NETWORKS</title>
					</analytic>
					<monogr>
						<imprint>
							<date type="published" when="2019-02-25">25 Feb 2019</date>
						</imprint>
					</monogr>
					<idno type="arXiv">arXiv:1711.08856v3[cs.LG]</idno>
				</biblStruct>
			</sourceDesc>
		</fileDesc>
		<encodingDesc>
			<appInfo>
				<application version="0.6.1" ident="GROBID" when="2021-01-31T12:43+0000">
					<desc>GROBID - A machine learning software for extracting information from scholarly documents</desc>
					<ref target="https://github.com/kermitt2/grobid"/>
				</application>
			</appInfo>
		</encodingDesc>
		<profileDesc>
			<abstract>
				<p>Similar to humans and animals, deep artificial neural networks exhibit critical periods during which a temporary stimulus deficit can impair the development of a skill. The extent of the impairment depends on the onset and length of the deficit window, as in animal models, and on the size of the neural network. Deficits that do not affect low-level statistics, such as vertical flipping of the images, have no lasting effect on performance and can be overcome with further training. To better understand this phenomenon, we use the Fisher Information of the weights to measure the effective connectivity between layers of a network during training. Counterintuitively, information rises rapidly in the early phases of training, and then decreases, preventing redistribution of information resources in a phenomenon we refer to as a loss of &quot;Information Plasticity&quot;. Our analysis suggests that the first few epochs are critical for the creation of strong connections that are optimal relative to the input data distribution. Once such strong connections are created, they do not appear to change during additional training. These findings suggest that the initial learning transient, under-scrutinized compared to asymptotic behavior, plays a key role in determining the outcome of the training process. Our findings, combined with recent theoretical results in the literature, also suggest that forgetting (decrease of information in the weights) is critical to achieving invariance and disentanglement in representation learning. Finally, critical periods are not restricted to biological systems, but can emerge naturally in learning systems, whether biological or artificial, due to fundamental constrains arising from learning dynamics and information processing.</p>
			</abstract>
		</profileDesc>
	</teiHeader>
	<text xml:lang="en">
		<body>
<div xmlns="http://www.tei-c.org/ns/1.0"><head n="1">INTRODUCTION</head><p>Critical periods are time windows of early post-natal development during which sensory deficits can lead to permanent skill impairment <ref type="bibr" target="#b12">(Kandel et al., 2013)</ref>. Researchers have documented critical periods affecting a range of species and systems, from visual acuity in kittens <ref type="bibr" target="#b35">(Wiesel &amp; Hubel, 1963b;</ref><ref type="bibr" target="#b33">Wiesel, 1982)</ref> to song learning in birds <ref type="bibr" target="#b18">(Konishi, 1985)</ref>. Uncorrected eye defects (e.g., strabismus, cataracts) during the critical period for visual development lead to amblyopia in one in fifty adults.</p><p>The cause of critical periods is ascribed to the biochemical modulation of windows of neuronal plasticity <ref type="bibr" target="#b10">(Hensch, 2004)</ref>. In this paper, however, we show that deep neural networks (DNNs), while completely devoid of such regulations, respond to sensory deficits in ways similar to those observed in humans and animal models. This surprising result suggests that critical periods may arise from information processing, rather than biochemical, phenomena.</p><p>We propose using the information in the weights, measured by an efficient approximation of the Fisher Information, to study critical period phenomena in DNNs. We show that, counterintuitively, the information in the weights does not increase monotonically during training. Instead, a rapid growth in information ("memorization phase") is followed by a reduction of information ("reorganization" or "forgetting" phase), even as classification performance keeps increasing. This behavior is consistent across different tasks and network architectures. Critical periods are centered in the memorization phase. Performance is permanently impaired if the deficit is not corrected early enough, regardless of how much additional training is performed. As in animal models, critical periods coincide with the early learning phase during which test accuracy would rapidly increase in the absence of deficits (dashed). (B) For comparison, we report acuity for kittens monocularly deprived since birth and tested at the time of eye-opening (solid), and normal development visual acuity in kittens as a function of age (dashed) <ref type="bibr" target="#b7">(Giffin &amp; Mitchell, 1978;</ref><ref type="bibr" target="#b23">Mitchell, 1988)</ref>.</p><p>artificial neural networks (ANNs) are only loosely inspired by biological systems <ref type="bibr">(Hassabis et al., 2017)</ref>.</p><p>Most studies to date have focused either on the behavior of networks at convergence (Representation Learning) or on the asymptotic properties of the numerical scheme used to get there (Optimization). The role of the initial transient, especially its effect in biasing the network towards "good" regions of the complex and high-dimensional optimization problem, is rarely addressed. To study this initial learning phase of ANNs, we replicate experiments performed in animal models and find that the responses to early deficits are remarkably similar, despite the large underlying differences between the two systems. In particular, we show that the quality of the solution depends only minimally on the final, relatively well-understood, phase of the training process or on its very first epochs; instead, it depends critically on the period prior to initial convergence.</p><p>In animals, sensory deficits introduced during critical periods induce changes in the architecture of the corresponding areas <ref type="bibr" target="#b4">(Daw, 2014;</ref><ref type="bibr" target="#b34">Wiesel &amp; Hubel, 1963a;</ref><ref type="bibr" target="#b9">Hendrickson et al., 1987)</ref>. To determine whether a similar phenomenon exists in ANNs, we compute the Fisher Information of the weights of the network as a proxy to measure its "effective connectivity", that is, the density of connections that are effectively used by the network in order to solve the task. Like others before us <ref type="bibr" target="#b28">(Shwartz-Ziv &amp; Tishby, 2017)</ref>, we observe two distinct phases during the training, first a "learning phase" in which the Fisher Information of the weights increases as the network learns from the data, followed by a "consolidation" or "compression" phase in which the Fisher Information decreases and stabilizes. Sensitivity to critical-period-inducing deficits is maximal exactly when the Fisher Information peaks.</p><p>A layer-wise analysis of the network's effective connectivity shows that, in the tasks and deficits we consider, the hierarchy of low-level and high-level features in the training data is a key aspect behind the observed phenomena. In particular, our experiments suggest that the existence of critical periods in deep neural networks depends on the inability of the network to change its effective connectivity pattern in order to process different information (in response to deficit removal). We call this phenomenon, which is not mediated by any external factors, a loss of the "Information Plasticity" of the network.</p></div>
<div xmlns="http://www.tei-c.org/ns/1.0"><head n="2">RELATED WORK</head></div>
<div xmlns="http://www.tei-c.org/ns/1.0"><head>DEEP ARTIFICIAL NEURAL NETWORKS EXHIBIT CRITICAL PERIODS</head><p>A notable example of critical period-inducing deficit, which also commonly affects humans, is amblyopia (reduced visual acuity in one eye) caused unilateral cataracts during infancy or childhood <ref type="bibr">(Vaegan &amp; Taylor, 1979;</ref><ref type="bibr" target="#b32">von Noorden, 1981)</ref>: Even after surgical correction of the cataracts, the <ref type="figure">Figure 2</ref>: Sensitivity of learning phase: (C) Final test accuracy of a DNN as a function of the onset of a short 40-epoch deficit. The decrease in the final performance can be used to measure the sensitivity to deficits. The most sensitive epochs corresponds to the early rapid learning phase, before the test error (dashed line) begins to plateau. Afterwards, the network is largely unaffected by the temporary deficit. (D) This can be compared with changes in the degree of functional disconnection (normalized numbers of V1 monocular cells disconnected from the contralateral eye) as a function of the kittens' age at the onset of a 10-12-day deficit window <ref type="bibr" target="#b26">(Olson &amp; Freeman, 1980)</ref>. Dashed lines are as in A and B respectively. ability of the patients to regain normal acuity in the affected eye depends both on the duration of the deficit and on its age of onset, with earlier and longer deficits causing more severe effects.</p><p>In order to replicate this experimental setup in ANNs, we train a standard convolutional network (CNN) to classify objects in small 32 ⇥ 32 RGB images from the CIFAR-10 dataset <ref type="bibr" target="#b19">(Krizhevsky &amp; Hinton, 2009)</ref> in 10 classes. To simulate the effect of cataracts, for the first t 0 epochs the images in the dataset are downsampled to 8⇥8 and then upsampled back to 32⇥32 using bilinear interpolation, in practice blurring the image and destroying small-scale details. After that, the training continues for 300 more epochs, giving the network enough time to converge and ensuring it is exposed to the same number of uncorrupted images as in the control (t 0 = 0) experiment.</p><p>In <ref type="figure" target="#fig_0">Figure 1</ref>, we graph the final performance of the network (described in Materials and Methods) as a function of the epoch at which the deficit is corrected (t ).We clearly observe the existence of a critical period for this deficit in the ANN: if the blur is not removed within the first 60 epochs, the final performance is severely decreased when compared to the baseline (from a test error of ⇠6.4%, [In this plot it is 8%, it is 6.4% for the resnet later. We can swap the plots or change the text] in the absence of a deficit, to more than 18% when the blur is present over 140 epochs, a ⇠300% increase). The profile of the curve is also strikingly similar to the one obtained in kittens monocularly deprived from near birth and whose visual acuity upon eye-opening was tested and plotted against the length of the deficit window <ref type="bibr" target="#b23">(Mitchell, 1988)</ref>. Just like in humans and animal models (where critical periods are characteristic of early development), the critical period in the DNN also arises during the initial rapid learning phase. At this stage, the network is quickly learning a solution before the test error plateaus and the longer asymptotic convergence phase begins.</p><p>Sensitivity to deficit. To quantify more accurately the sensitivity of the ANN to image blurring throughout its early learning phase, we introduced the deficit in a short constant window (40 epochs), starting at different epochs, and then measured the decrease in the ANN's final performance compared to the baseline. In <ref type="figure">Figure 2</ref>, we plot the final testing error of the network against the epoch of onset of the deficit. We observe that the network's sensitivity to blurring peaks in the central part of the early rapid learning phase (around 30 epochs), while later deficits produce little or no effect. A similar experiment was also performed on kittens by Olson and Freeman, using a window of 10-12 days during which the animals were monocularly deprived and using it to "scan" the first 4 months after birth to obtain a sensitivity profile <ref type="bibr" target="#b26">(Olson &amp; Freeman, 1980)</ref>. We subsequently evaluated the effect of other training data modifications: a more drastic deprivation where the input is substituted with random noise, simulating complete sensory deprivation, and two "high-level" modifications of the training data: vertical flipping of the input image and permutation <ref type="figure" target="#fig_0">Figure 1</ref>: DNNs exhibit critical periods. (A) Final accuracy achieved by a CNN trained with a cataract-like deficit as a function of the training epoch N at which the deficit is removed (solid line). Performance is permanently impaired if the deficit is not corrected early enough, regardless of how much additional training is performed. As in animal models, critical periods coincide with the early learning phase during which, in the absence of deficits, test accuracy would rapidly increase (dashed). (B) For comparison, we report acuity for kittens monocularly deprived since birth and tested at the time of eye-opening (solid), and normal visual acuity development (in kittens) as a function of their age (dashed) <ref type="bibr" target="#b7">(Giffin &amp; Mitchell, 1978;</ref><ref type="bibr" target="#b23">Mitchell, 1988)</ref>. Sensitivity during learning: (C) Final test accuracy of a DNN as a function of the onset of a short 40-epoch deficit. The decrease in the final performance can be used to measure the sensitivity to deficits. The most sensitive epochs corresponds to the early rapid learning phase, before the test error (dashed line) begins to plateau. Afterwards, the network is largely unaffected by the temporary deficit. (D) This can be compared with changes in the degree of functional disconnection (normalized numbers of V1 monocular cells disconnected from the contralateral eye) as a function of the kittens' age at the onset of a 10-12-day deficit window <ref type="bibr" target="#b26">(Olson &amp; Freeman, 1980)</ref>. Dashed lines are as in A and B respectively, up to a re-scaling of the y-axis.</p><p>Our findings, described in Section 2, indicate that the early transient is critical in determining the final solution of the optimization associated with training an artificial neural network. In particular, the effects of sensory deficits during a critical period cannot be overcome, no matter how much additional training is performed. Yet most theoretical studies have focused on the network behavior after convergence (Representation Learning) or on the asymptotic properties of the optimization scheme used for training (SGD).</p><p>To study this early phase, in Section 3, we use the Fisher Information to quantify the effective connectivity of a network during training, and introduce the notion of Information Plasticity in learning. Information Plasticity is maximal during the memorization phase, and decreases in the reorganization phase. We show that deficit sensitivity during critical periods correlates strongly with the effective connectivity.</p><p>In Section 4 we discuss our contribution in relation to previous work. When considered in conjunction with recent results on representation learning <ref type="bibr" target="#b0">(Achille &amp; Soatto, 2018)</ref>, our findings indicate that forgetting (reducing information in the weights) is critical to achieving invariance to nuisance variability as well as independence of the components of the representation, but comes at the price of reduced adaptability later in the training. We also hypothesize that the loss of physical connectivity in biology (neural plasticity) could be a consequence, rather than a cause, of the loss of Information Plasticity, which depends on how the information is distributed throughout a network during the early stages of learning. These results also shed light on the common practice of pre-training a model on a task and then fine-tune it for another, one of the most rudimentary forms of transfer learning. Our experiments show that, rather than helpful, pre-training can be detrimental, even if the tasks are similar (e.g., same labels, slightly blurred images).</p></div>
<div xmlns="http://www.tei-c.org/ns/1.0"><head n="2">EXPERIMENTS</head><p>A notable example of critical period-related deficit, commonly affecting humans, is amblyopia (reduced visual acuity in one eye) caused by cataracts during infancy or childhood <ref type="bibr" target="#b31">(Taylor et al., 1979;</ref><ref type="bibr"></ref> Published as a conference paper at ICLR 2019 </p><formula xml:id="formula_0">n = 1 n = 2 n = 3</formula><p>Figure 2: (Left) High-level perturbations do not induce a critical period. When the deficit only affects high-level features (vertical flip of the image) or the last layer of the CNN (label permutation), the network does not exhibit critical periods (test accuracy remains largely flat). On the other hand, a sensory deprivation-like deficit (image is replaced by random noise) does cause a deficit, but the effect is less severe than in the case of image blur. (Right) Dependence of the critical period profile on the network's depth. Adding more convolutional layers increases the effect of the deficit during its critical period (shown here is the decrease in test accuracy due to the deficit with respect to the test accuracy reached without deficits).</p><p>von <ref type="bibr" target="#b32">Noorden, 1981)</ref>. Even after surgical correction of cataracts, the ability of the patients to regain normal acuity in the affected eye depends both on the duration of the deficit and on its age of onset, with earlier and longer deficits causing more severe effects. In this section, we aim to study the effects of similar deficits in DNNs. To do so, we train a standard All-CNN architecture based on Springenberg et al. <ref type="formula">2014</ref>(see Appendix A) to classify objects in small 32 × 32 images from the CIFAR-10 dataset <ref type="bibr" target="#b19">(Krizhevsky &amp; Hinton, 2009)</ref>. We train with SGD using an exponential annealing schedule for the learning rate. To simulate the effect of cataracts, for the first t epochs the images in the dataset are downsampled to 8 × 8 and then upsampled back to 32 × 32 using bilinear interpolation, in practice blurring the image and destroying small-scale details. After that, the training continues for 160 more epochs, giving the network time to converge and ensuring it is exposed to the same number of uncorrupted images as in the control (t 0 = 0) experiment.</p><p>DNNs exhibit critical periods: In <ref type="figure" target="#fig_0">Figure 1</ref>, we plot the final performance of a network affected by the deficit as a function of the epoch t 0 at which the deficit is corrected. We can readily observe the existence of a critical period: If the blur is not removed within the first 40-60 epochs, the final performance is severely decreased when compared to the baseline (up to a threefold increase in error). The decrease in performance follows trends commonly observed in animals, and may be qualitatively compared, for example, to the loss of visual acuity observed in kittens monocularly deprived from birth as a function of the length of the deficit <ref type="bibr" target="#b23">(Mitchell, 1988)</ref>.</p><p>We can measure more accurately the sensitivity to a blur deficit during learning by introducing the deficit in a short window of constant length (40 epochs), starting at different epochs, and then measure the decrease in the DNN's final performance compared to the baseline <ref type="figure" target="#fig_0">(Figure 1</ref>). Doing this, we observe that the sensitivity to the deficit peaks in the central part of the early rapid learning phase (at around 30 epochs), while introducing the deficit later produces little or no effect. A similar experiment performed on kittens, using a window of 10-12 days during which the animals are monocularly deprived, again shows a remarkable similarity between the profiles of the sensitivity curves <ref type="bibr" target="#b26">(Olson &amp; Freeman, 1980)</ref>.</p><p>High-level deficits are not associated with a critical period: A natural question is whether any change in the input data distribution will have a corresponding critical period for learning. This is not the case for neuronal networks, which remain plastic enough to adapt to high-level changes in sensory processing (Daw, 2014). For example, it is well-reported that even adult humans can rapidly adapt to certain drastic changes, such as the inversion of the visual field <ref type="bibr" target="#b30">(Stratton, 1896;</ref><ref type="bibr" target="#b17">Kohler, 1964)</ref>. In <ref type="figure">Figure 2</ref>, we observe that DNNs are also largely unaffected by high-level deficits -such as vertical flipping of the image, or random permutation of the output labels: After deficit correction, the network quickly recovers its baseline performance. This hints at a finer interplay between the</p><p>We employed this method, instead of a simpler Gaussian blur, since it has a very similar effect and makes the quantification of information loss clearer.</p><p>2 See Appendix C for details on how to compare different models and deficits.  Effect of an image blur deficit in a ResNet architecture trained on CIFAR-10 with learning rate annealing and (Center) in a deep fully-connected network trained on MNIST with a fixed learning rate. Different architectures, using different optimization methods and trained on different datasets, still exhibit qualitatively similar critical period behavior. (Right) Same experiment as in <ref type="figure" target="#fig_0">Figure 1</ref>, but using a fixed learning rate instead of an annealing scheme. Although the time scale of the critical period is longer, the trends are similar, supporting the notion that critical periods cannot be explained solely in terms of the loss landscape of the optimization. (Bottom Left) Networks trained without weight decay have shorter and sharper critical periods. Gradually increasing the weight decay makes the critical period longer, until the point where it stops training properly. (Bottom Right) When using a different optimization method (Adam) we obtain similar results as with standard SGD.</p><p>structure of the data distribution and the optimization algorithm, resulting in the existence of a critical period.</p></div>
<div xmlns="http://www.tei-c.org/ns/1.0"><head>Sensory deprivation:</head><p>We now apply to the network a more drastic deficit, where each image is replaced by white noise. <ref type="figure">Figure 2</ref> shows hows this extreme deficit exhibits a remarkably less severe effect than the one obtained by only blurring images: Training the network with white noise does not provide any information on the natural images, and results in milder effects than those caused by a deficit (e.g., image blur), which instead conveys some information, but leads the network to (incorrectly) learn that no fine structure is present in the images. A similar effect has been observed in animals, where a period of early sensory deprivation (dark-rearing) can lengthen the critical period and thus cause less severe effects than those documented in light-reared animals <ref type="bibr" target="#b25">(Mower, 1991)</ref>. We refer the reader to Appendix C for a more detailed comparison between sensory deprivation and training on white noise.</p><p>Architecture, depth, and learning rate annealing: <ref type="figure" target="#fig_1">Figure 3</ref> shows that a fully-connected network trained on the MNIST digit classification dataset also shows a critical period for the image blur deficit. Therefore, the convolutional structure is not necessary, nor is the use of natural images. Similarly, a ResNet-18 trained on CIFAR-10 also has a critical period, which is also remarkably sharper than the one found in a standard convolutional network <ref type="figure" target="#fig_0">(Figure 1</ref>). This is especially interesting, since ResNets allow for easier backpropagation of gradients to the lower layers, thus suggesting that the critical period is not caused by vanishing gradients. However, <ref type="figure">Figure 2</ref> (Right) shows that the presence of a critical period does indeed depend critically on the depth of the network. In <ref type="figure" target="#fig_1">Figure 3</ref>, we confirm that a critical period exists even when the network is trained with a constant learning rate, and therefore cannot be explained by an annealed learning rate in later epochs.</p><p>Optimization method and weight decay: <ref type="figure" target="#fig_1">Figure 3</ref> (Bottom Right) shows that when using Adam as the optimization scheme, which renormalizes the gradients using a running mean of their first two moments, we still observe a critical period similar to that of standard SGD. However, changing the  , showing two distinct phases of training: First, information sharply increases, but once test performance starts to plateau (green line), the information in the weights decreases during a "consolidation" phase. Eventually less information is stored, yet test accuracy improves slightly (green line). The weights' Fisher Information correlates strongly with the networks sensitivity to critical periods, computed as in <ref type="figure" target="#fig_0">Figure 1</ref> using both a window size of 40 and 60, and fitted here to the Fisher Information using a simple exponential fit. (Center) Recalling the connection between FIM ad connectivity, we may compare it to synaptic density during development in the visual cortex of macaques <ref type="bibr" target="#b27">(Rakic et al., 1986)</ref>. Here too, a rapid increase in connectivity is followed by elimination of synapses (pruning) continuing throughout life. (Right) Effects of a critical period-inducing blurring deficit on the Fisher Information: The impaired network uses more information to solve the task, compared to training in the absence of a deficit, since it is forced to memorize the labels case by case.</p><p>hyperparameters of the optimization can change the shape of the critical period: In <ref type="figure" target="#fig_1">Figure 3</ref> (Bottom Left) we show that increasing weight decay makes critical periods longer and less sharp. This can be explained as it both slows the convergence of the network, and it limits the ability of higher layers to change to overcome the deficit, thus encouraging lower layers to also learn new features.</p></div>
<div xmlns="http://www.tei-c.org/ns/1.0"><head n="3">FISHER INFORMATION ANALYSIS</head><p>We have established empirically that, in animals and DNNs alike, the initial phases of training are critical to the outcome of the training process. In animals, this strongly relates to changes in the brain architecture of the areas associated with the deficit <ref type="bibr" target="#b4">(Daw, 2014)</ref>. This is inevitably different in artificial networks, since their connectivity is formally fixed at all times during training. However, not all the connections are equally useful to the network: Consider a network encoding the approximate posterior distribution p w (y|x), parameterized by the weights w, of the task variable y given an input image x. The dependency of the final output from a specific connection can be estimated by perturbing the corresponding weight and looking at the magnitude of the change in the final distribution. Specifically, given a perturbation w = w + δw of the weights, the discrepancy between the p w (y|x) and the perturbed network output p w (y|x) can be measured by their Kullback-Leibler divergence, which, to second-order approximation, is given by:</p><formula xml:id="formula_1">E x KL( p w (y|x) p w (y|x) ) = δw • F δw + o(δw 2 )</formula><p>, where the expectation over x is computed using the empirical data distributionQ(x) given by the dataset, and</p><formula xml:id="formula_2">F := E x∼Q(x) E y∼pw(y|x) [∇ w log p w (y|x)∇ w log p w (y|x) T</formula><p>] is the Fisher Information Matrix (FIM). The FIM can thus be considered a local metric measuring how much the perturbation of a single weight (or a combination of weights) affects the output of the network <ref type="bibr" target="#b1">(Amari &amp; Nagaoka, 2000)</ref>. In particular, weights with low Fisher Information can be changed or "pruned" with little effect on the network's performance. This suggests that the Fisher Information can be used as a measure of the effective connectivity of a DNN, or, more generally, of the "synaptic strength" of a connection <ref type="bibr" target="#b15">(Kirkpatrick et al., 2017)</ref>. Finally, the FIM is also a semidefinite approximation of the Hessian of the loss function <ref type="bibr" target="#b21">(Martens, 2014)</ref> and hence of the curvature of the loss landscape at a particular point w during training, providing an elegant connection between the FIM and the optimization procedure <ref type="bibr" target="#b1">(Amari &amp; Nagaoka, 2000)</ref>, which we will also employ later.</p><p>Published as a conference paper at ICLR 2019 Unfortunately, the full FIM is too large to compute. Rather, we use its trace to measure the global or layer-wise connection strength, which we can compute efficiently using (Appendix A):</p><formula xml:id="formula_3">tr(F ) = E x∼Q(x) E y∼pw(y|x) [ ∇ w log p w (y|x) 2 ].</formula><p>In order to capture the behavior of the off-diagonal terms, we also tried computing the logdeterminant of the full matrix using the Kronecker-Factorized approximation of Martens &amp; Grosse (2015), but we observed the same qualitative trend as the trace. Since the FIM is a local measure, it is very sensitive to the irregularities of the loss landscape. Therefore, in this section we mainly use ResNets, which have a relatively smooth landscape <ref type="bibr" target="#b20">(Li et al., 2018)</ref>. For other architectures we use instead a more robust estimator of the FIM based on the injection of noise in the weights <ref type="bibr" target="#b0">(Achille &amp; Soatto, 2018)</ref>, also described in Appendix A.</p><p>Two phases of learning: As its name suggests, the FIM can be thought as a measure of the quantity of information about the training data that is contained in the model <ref type="bibr" target="#b6">(Fisher, 1925)</ref>. Based on this, one would expect the overall strength of the connections to increase monotonically as we acquire information from experience. However, this is not the case: While during an initial phase the network acquires information about the data, which results in a large increase in the strength of the connections, once the performance in the task begins to plateau, the network starts decreasing the overall strength of its connections. However, this does not correspond to a reduction in performance, rather, performance keeps slowly improving. This can be seen as a "forgetting, or "compression" phase, during which redundant connections are eliminated and non-relevant variability in the data is discarded. It is well-established how the elimination ("pruning") of unnecessary synapses is a fundamental process during learning and brain development <ref type="bibr" target="#b27">(Rakic et al., 1986)</ref>  <ref type="figure" target="#fig_2">(Figure 4</ref>, Center); in <ref type="figure" target="#fig_2">Figure 4</ref> (Left) an analogous phenomenon is clearly and quantitatively shown for DNNs. Strikingly, these changes in the connection strength are closely related to the sensitivity to criticalperiod-inducing deficits such as image blur, computed using the "sliding window" method as in <ref type="figure" target="#fig_0">Figure 1</ref>. In <ref type="figure" target="#fig_2">Figure 4</ref> we see that the sensitivity closely follows the trend of the FIM. This is remarkable since the FIM is a local quantity computed at a single point during the training of a network in the absence of deficit, while sensitivity during a critical period is computed, using test data, at the end of the impaired network training. <ref type="figure" target="#fig_2">Figure 4</ref> (Right) further emphasizes the effect of deficits on the FIM: in the presence of a deficit, the FIM grows and remains substantially higher even after the deficit is removed. This may be attributed to the fact that, when the data are so corrupted that classification is impossible, the network is forced to memorize the labels, therefore increasing the quantity of information needed to perform the same task.</p><p>Layer-wise effects of deficits: A layer-wise analysis of the FIM sheds further light on how the deficit affects the network. When the network (in this case All-CNN, which has a clearer division among layers than ResNet) is trained without deficits, the most important connections are in the intermediate layers ( <ref type="figure">Figure 5</ref>, Left), which can process the input CIFAR-10 image at the most informative intermediate scale. However, if the network is initially trained on blurred data ( <ref type="figure">Figure 5</ref>, top right), the strength of the connections is dominated by the top layer (Layer 6). This is to be expected, since the low-level and mid-level structures of the images are destroyed, making the lower layers ineffective. However, if the deficit is removed early in the training <ref type="figure">(Figure 5, top center)</ref>, the network manages to "reorganize", reducing the information contained in the last layer, and, at the same time, increasing the information in the intermediate layers. We refer to these phenomena as changes in "Information Plasticity". If, however, the data change occurs after the consolidation phase, the network is unable to change its effective connectivity: The connection strength of each layer remains substantially constant. The network has lost its Information Plasticity and is past its critical period.</p></div>
<div xmlns="http://www.tei-c.org/ns/1.0"><head>Critical periods as bottleneck crossings:</head><p>The analysis of the FIM also sheds light on the geometry of the loss function and the learning dynamics. Since the FIM can be interpreted as the local curvature of the residual landscape, <ref type="figure" target="#fig_2">Fig. 4</ref> shows that learning entails crossing bottlenecks: In the initial phase the network enters regions of high curvature (high Fisher Information), and once consolidation begins, the curvature decreases, allowing it to cross the bottleneck and enter the valley below. If the statistics change after crossing the bottleneck, the network is trapped. In this interpretation, the early phases of convergence are critical in leading the network towards the "right" final valley. The end of critical periods comes after the network has crossed all bottlenecks (and thus learned the features) and entered a wide valley (region of the weight space with low curvature, or low Fisher Information). Epoch Norm. Info in Weights <ref type="figure">Figure 5</ref>: Normalized quantity of information contained in the weights of each layer as a function of the training epoch. (Top Left) In the absence of deficits, the network relies mostly on the middle layers (3-4-5) to solve the task. (Top Right) In the presence of an image blur deficit until epoch 100, more resources are allocated to the higher layers (6-7) rather than to the middle layers. The blur deficit destroys low-and mid-level features processed by those layers, leaving only the global features of the image, which are processed by the higher layers. Even if the deficit is removed, the middle layers remain underdeveloped. (Top Center) When the deficit is removed at an earlier epoch, the layers can partially reconfigure (notice, e.g., the fast loss of information of layer 6), resulting in less severe long-term consequences. We refer to the redistribution of information and the relative changes in effective connectivity as "Information Plasticity". (Bottom row) Same plots, but using a vertical flip deficit, which does not induce a critical period. As expected, the quantity of information in the layers is not affected.</p></div>
<div xmlns="http://www.tei-c.org/ns/1.0"><head n="4">DISCUSSION AND RELATED WORK</head><p>Critical periods have thus far been considered an exclusively biological phenomenon. At the same time, the analysis of DNNs has focused on asymptotic properties and neglected the initial transient behavior. To the best of our knowledge, we are the first to show that artificial neural networks exhibit critical period phenomena, and to highlight the critical role of the transient in determining the asymptotic performance of the network. Inspired by the role of synaptic connectivity in modulating critical periods, we introduce the use of Fisher Information to study this initial phase. We show that the initial sensitivity to deficits closely follows changes in the FIM, both global, as the network first rapidly increases and then decreases the amount of stored information, and layer-wise, as the network "reorganizes" its effective connectivity in order to optimally process information.</p><p>Our work naturally relates to the extensive literature on critical periods in biology. Despite artificial networks being an extremely reductionist approximation of neuronal networks, they exhibit behaviors that are qualitatively similar to the critical periods observed in human and animal models. Our information analysis shows that the initial rapid memorization phase is followed by a loss of Information Plasticity which, counterintuitively, further improves the performance. On the other hand, when combined with the analysis of <ref type="bibr" target="#b0">Achille &amp; Soatto (2018)</ref> this suggests that a "forgetting" phase may be desirable, or even necessary, in order to learn robust, nuisance-invariant representations.</p><p>The existence of two distinct phases of training has been observed and discussed by <ref type="bibr" target="#b28">Shwartz-Ziv &amp; Tishby (2017)</ref>, although their analysis builds on the (Shannon) information of the activations, rather than the <ref type="bibr">(Fisher)</ref> information in the weights. On a multi-layer perceptron (MLP), Shwartz-Ziv &amp; Tishby (2017) empirically link the two phases to a sudden increase in the gradients' covariance. It may be tempting to compare these results with our Fisher Information analysis. However, it must be noted that the FIM is computed using the gradients with respect to the model prediction, not to the ground truth label, leading to important qualitative differences. In <ref type="figure">Figure 6</ref>, we show that the covariance and norm of the gradients exhibit no clear trends during training with and without deficits, and, therefore, unlike the FIM, do not correlate with the sensitivity to critical periods. Nonetheless, Published as a conference paper at ICLR 2019 a connection between our FIM analysis and the information in the activations can be established based on the work of <ref type="bibr" target="#b0">Achille &amp; Soatto (2018)</ref>, which shows that the FIM of the weights can be used to bound the information in the activations. In fact, we may intuitively expect that "pruning" of connections naturally leads to loss of information in the corresponding activations. Thus, our analysis corroborates and expands on some of the claims of <ref type="bibr" target="#b28">Shwartz-Ziv &amp; Tishby (2017)</ref>, while using an independent framework.</p><p>Aside from being more closely related to the deficit sensitivity during critical periods, Fisher Information also has a number of technical advantages: Its diagonal is simple to estimate, even on modern state-of-the-art architectures and compelling datasets, and it is less sensitive to the choice estimator of mutual information, avoiding some of the most common criticism of the use of information quantities in the analysis of deep learning models. Finally, the FIM allows us to probe fine changes in the effective connectivity across the layers of the network <ref type="figure">(Figure 5</ref>), which are not visible in <ref type="bibr" target="#b28">Shwartz-Ziv &amp; Tishby (2017)</ref>.</p><p>A complete analysis of the activations should account not only for the amount of information (both task-and nuisance-related), but also for its accessibility, e.g., how easily task-related information can be extracted by a linear classifier. Following a similar idea, <ref type="bibr" target="#b24">Montavon et al. (2011)</ref> studied the layer-wise, or "spatial" (but not temporal) evolution of the simplicity of the representation by performing a principal component analysis (PCA) of a radial basis function (RBF) kernel embedding of each layer representation. They showed that, on a multi-layer perceptron, task-relevant information increasingly concentrate on the first principal components of the representation's embedding, implying that they become more easily "accessible" layer after layer, while nuisance information (when codified at all) is encoded in the remaining components. In our work, instead, we focus on the temporal evolution of the weights. However, it is important to notice how a network with simpler weights (as measured by the FIM) also requires a simpler smooth representation (as measured, e.g., by the RBF embedding) in order to operate properly, since it needs to be resistant to perturbations of the weights. Thus our analysis is wholly compatible with the intuitions of <ref type="bibr" target="#b24">Montavon et al. (2011)</ref>. It would be interesting to study the joint spatio-temporal evolution of the network using both frameworks at once.</p><p>One advantage of focusing on the information of the weights rather than on the activations, or the behavior of the network, is to have a readout of the "effective connectivity" during critical periods, which can be compared to similar readouts in animals. In fact, "behavioral" readouts upon deficit removal, both in artificial and neuronal networks, can potentially be confounded by deficit-coping changes at different levels of the visual pathways <ref type="bibr" target="#b4">(Daw, 2014;</ref><ref type="bibr" target="#b16">Knudsen, 2004)</ref>. On the other hand, deficits in deprived animals correlate strongly with the abnormalities in the circuitry of the visual pathways, which we characterize in DNNs using the FIM to study its "effective connectivity", i.e., the connections that are actually employed by the network to solve the task. Sensitivity to critical periods and the trace of the Fisher Information peak at the same epochs, in accord with the evidence that skill development and critical periods in neuronal networks are modulated by changes (generally experience-dependent) in synaptic plasticity <ref type="bibr" target="#b16">(Knudsen, 2004;</ref><ref type="bibr" target="#b10">Hensch, 2004)</ref>. Our layer-wise analysis of the Fisher Information ( <ref type="figure">Figure 5</ref>) also shows that visual deficits reinforce higher layers to the detriment of intermediate layers, leaving low-level layers virtually untouched. If the deficit is removed after the critical period ends, the network is not able to reverse these effects. Although the two systems are radically different, a similar response can be found in the visual pathways of animal models: Lower levels (e.g., retina, lateral geniculate nucleus) and higher-level visual areas (e.g., V2 and post-V2) show little remodeling upon deprivation, while most changes happen in different layers of V1 <ref type="bibr" target="#b34">(Wiesel &amp; Hubel, 1963a;</ref><ref type="bibr" target="#b9">Hendrickson et al., 1987</ref>).</p><p>An insightful interpretation of critical periods in animal models was proposed by <ref type="bibr" target="#b16">Knudsen (2004)</ref>: The initial connections of neuronal networks are unstable and easily modified (highly plastic), but as more "samples" are observed, they change and reach a more stable configuration which is difficult to modify. Learning can, however, still happen within the newly created connectivity pattern. This is largely compatible with our findings: Sensitivity to critical-period-inducing deficits peaks when connections are remodeled <ref type="figure" target="#fig_2">(Figure 4, Left)</ref>, and different connectivity profiles are observed in networks trained with and without a deficit ( <ref type="figure">Figure 5</ref>). Moreover, high-level deficits such as image-flipping and label permutation, which do not require radical restructuring of the network's connections in order to be corrected, do not exhibit a critical period.</p><p>Published as a conference paper at ICLR 2019 Applying a deficit at the beginning of the training may be compared to the common practice of pre-training, which is generally found to improve the performance of the network. <ref type="bibr" target="#b5">Erhan et al. (2010)</ref> study the somewhat related, but now seldom used, practice of layer-wise unsupervised pretraining, and suggest that it may act as a regularizer by moving the weights of the network towards an area of the loss landscape closer to the attractors for good solutions, and also that early examples have a stronger effect in steering the network towards particular solutions. Here, we have shown that pre-training on blurred data can have the opposite effect; i.e., it can severely decrease the final performance of the network. However, in our case, interpreting the deficits effect as moving the network close to a bad attractor is difficult to reconcile with the smooth transition observed in the critical periods since the network would either converge to this attractor, and thus have low accuracy, or escape completely.</p><p>Instead, we can reconcile our experiments with the geometry of the loss function by introducing a different explanation based on the interpretation of the FIM as an approximation of the local curvature. <ref type="figure" target="#fig_2">Figure 4</ref> suggests that SGD encounters two different phases during the network training: At first, the network moves towards high-curvature regions of the loss landscape, while in the second phase the curvature decreases and the network eventually converges to a flat minimum (as observed in <ref type="bibr" target="#b13">Keskar et al. (2017)</ref>). We can interpret these as the network crossing narrow bottlenecks during its training in order to learn useful features, before eventually entering a flat region of the loss surface once learning is completed and ending up trapped there. When combining this assumption with our deficit sensitivity analysis, we can hypothesize that the critical period occurs precisely upon crossing of this bottleneck. It is also worth noticing how there is evidence that convergence to flat minima (minima with low curvature) in a DNN correlates with a good generalization performance <ref type="bibr" target="#b11">(Hochreiter &amp; Schmidhuber, 1997;</ref><ref type="bibr" target="#b20">Li et al., 2018;</ref><ref type="bibr" target="#b3">Chaudhari et al., 2017;</ref><ref type="bibr" target="#b13">Keskar et al., 2017)</ref>. Indeed, using this interpretation, <ref type="figure" target="#fig_2">Figure 4</ref> (Right) tells us that networks more affected by the deficit converge to sharper minima. However, we have also found that the performance of the network is already mostly determined during the early "sensitive" phase. The final sharpness at convergence may thus be an epiphenomenon rather than the cause of good generalization.</p></div>
<div xmlns="http://www.tei-c.org/ns/1.0"><head>CONCLUSION</head><p>Our goal in this paper is not so much to investigate the human (or animal) brain through artificial networks, but rather to understand fundamental information processing phenomena, both in their biological and artificial implementations. It is also not our goal to suggest that, since they both exhibit critical periods, DNNs are necessarily a valid model of neurobiological information processing, although recent work has emphasized this aspect. We engage in an "Artificial Neuroscience" exercise in part to address a technological need to develop "explainable" artificial intelligence systems whose behavior can be understood and predicted. While traditionally well-understood mathematical models were used by neuroscientists to study biological phenomena, information processing in modern artificial networks is often just as poorly understood as in biology, so we chose to exploit well-known biological phenomena as probes to study information processing in artificial networks.</p><p>Conversely, it would also be interesting to explore ways to test whether biological networks prune connections as a consequence of a loss of Information Plasticity, rather than as a cause. The mechanisms underlying network reconfiguration during learning and development might be an evolutionary outcome obtained under the pressure of fundamental information processing phenomena.</p><p>Published as a conference paper at ICLR 2019</p></div>
<div xmlns="http://www.tei-c.org/ns/1.0"><head>A DETAILS OF THE EXPERIMENTS</head></div>
<div xmlns="http://www.tei-c.org/ns/1.0"><head>A.1 ARCHITECTURES AND TRAINING</head><p>In all of the experiments, unless otherwise stated, we use the following All-CNN architecture, adapted from Springenberg et al. <ref type="formula">(2014):</ref>conv -conv <ref type="bibr">96 -conv 192 s2 -conv 192 -conv 192 -conv 192 s2 -conv 192 -conv1 192 -conv1 10 -avg. pooling -softmax</ref> where each conv block consists of a 3 × 3 convolution, batch normalization and ReLU activations. conv1 denotes a 1 × 1 convolution. The network is trained with SGD, with a batch size of 128, learning rate starting from 0.05 and decaying smoothly by a factor of .97 at each epoch. We also use weight decay with coefficient 0.001. In the experiments with a fixed learning rate, we fix the learning rate to 0.001, which we find to allow convergence without excessive overfitting. For the ResNet experiments, we use the ResNet-18 architecture from <ref type="bibr" target="#b8">He et al. (2016)</ref> with initial learning rate 0.1, learning rate decay .97 per epoch, and weight decay 0.0005. When training with Adam, we use a learning rate of 0.001 and weight decay 0.0001.</p><p>When experimenting with varying network depths, we use the following architecture:</p><formula xml:id="formula_4">conv 96 -[conv 96 • 2 i−1 -conv 96 • 2 i s2] n i=1 -conv 96 • 2 n -conv1 96 • 2 n -conv1 10</formula><p>In order to avoid interferences between the annealing scheme and the architecture, in these experiments we fix the learning rate to 0.001.</p><p>The Fully Connected network used for the MNIST experiments has hidden layers of size <ref type="bibr">[2500,</ref><ref type="bibr">2000,</ref><ref type="bibr">1500,</ref><ref type="bibr">1000,</ref><ref type="bibr">500]</ref>. All hidden layers use batch normalization followed by ReLU activations. We fix the learning rate to 0.005. Weight decay is not used. We use data augmentation with random translations up to 4 pixels and random horizontal flipping. For MNIST, we pad the images with zeros to bring them to size 32 × 32.</p></div>
<div xmlns="http://www.tei-c.org/ns/1.0"><head>A.2 APPROXIMATIONS OF THE FISHER INFORMATION MATRIX</head><p>To compute the trace of the Fisher Information Matrix, we use the following expression derived directly from the definition:</p><formula xml:id="formula_5">tr(F ) = E x∼Q(x) E y∼pw(y|x) [tr(∇ w log p w (y|x)∇ w log p w (y|x) T )] = E x∼Q(x) E y∼pw(y|x) [ ∇ w log p w (y|x) 2 ],</formula><p>where the input image x is sampled from the dataset, while the label y is sampled from the output posterior. Expectations are approximated by Monte-Carlo sampling. Notice, however, that this expression depends only on the local gradients of the loss with respect to the weights at a point w = w 0 , so it can be noisy when the loss landscape is highly irregular. This is not a problem for ResNets <ref type="bibr" target="#b20">(Li et al. (2018)</ref>), but for other architectures we use a different technique, proposed in <ref type="bibr" target="#b0">Achille &amp; Soatto (2018)</ref>. More in detail, let L(w) be the standard cross-entropy loss. Given the current weights w 0 of the network, we find the diagonal matrix Σ that minimizes:</p><formula xml:id="formula_6">L = E w∼N (w0,Σ) [L(w)] − β log |Σ|,</formula><p>where β is a parameter that controls the smoothness of the approximation. Notice that L can be minimized efficiently using the method in <ref type="bibr" target="#b14">Kingma et al. (2015)</ref>. To see how this relates to the Fisher Information Matrix, assume that L(w) can be approximated locally in w 0 as L(w) = L 0 + a • w + w • Hw. We can then rewrite L as:</p><formula xml:id="formula_7">L = L 0 + tr(ΣH) − β log |Σ|.</formula><p>Taking the derivative with respect to Σ, and setting it to zero, we obtain Σ ii = β/H ii . We can then use Σ to estimate the trace of the Hessian, and hence of the Fisher information.</p><p>Published as a conference paper at ICLR 2019</p></div>
<div xmlns="http://www.tei-c.org/ns/1.0"><head>A.3 CURVE FITTING</head><p>Fitting of sensitivity curves and synaptic density profiles from the literature was performed using:</p><formula xml:id="formula_8">f (t) = e −(t−d)/τ1 − ke −(t−d)/τ2</formula><p>as the fitting equation, where t is the age at the time of sampling and τ 1 , τ 2 , k and d are unconstrained parameters <ref type="bibr" target="#b2">(Banks et al., 1975)</ref>.</p><p>The exponential fit of the sensitivity to the Fisher Information trace uses the expression</p><formula xml:id="formula_9">F (t) = a exp(cS k (t)) + b,</formula><p>where a, b and c are unconstrained parameters, F (t) is the Fisher Information trace at epoch t of the training of a network without deficits and S k is the sensitivity computed using a window of size k. S k (t) is the increase in the final test error over a baseline when the network is trained in the presence of a deficit between epochs t and t + k. <ref type="figure">Figure 6</ref>: Log of the norm of the gradient means (solid line) and standard deviation (dashed line) during training when: (Left) No deficit is present, (Center) a blur deficit is present until epoch 70, and (Right) a deficit is present until the last epoch. Notice that the presence of a deficit does not decrease the magnitude of the gradients propagated to the first layers during the last epochs, rather it seems to increase it, suggesting that vanishing gradients are not the cause of the critical period for the blurring deficit. Epoch Norm. Info in Weights <ref type="figure">Figure 7</ref>: Same plot as in <ref type="figure">Figure 5</ref>, but for a noise deficit. Unlike with blur, much more resources are allocated to the lower layers rather than to the higher layers. This may explain why it is easier for the network to reconfigure itself in order to solve the task after the deficit is removed. <ref type="figure">Figure 8</ref>: Visualization of the filters of the first layer of the network used for the experiment in <ref type="figure" target="#fig_0">Figure 1</ref>. In the absence of a deficit, the network learns high-frequency filters, as seen by the fact that many filters are not smooth (first picture). However, when a blurring deficit is present, the network learns only smooth filters corresponding to the lower frequencies of the input (third picture). If the deficit is removed after the end of the critical period, the network does not manage to learn high-frequency filters (second picture).</p></div>
<div xmlns="http://www.tei-c.org/ns/1.0"><head>B ADDITIONAL PLOTS</head></div>
<div xmlns="http://www.tei-c.org/ns/1.0"><head>C EXPERIMENTAL DESIGN AND COMPARISON WITH ANIMAL MODELS</head><p>Critical periods are task-and deficit-specific. The specific task we address is visual acuity, but the performance is necessarily measured through different mechanisms in animals and Artificial Neural Networks. In animals, visual acuity is traditionally tested by the ability to discriminate between black-and-white contrast gratings (with varying spatial frequency) and a uniform gray field. The outcome of such tests generally correlates well with the ability of the animal to use the eye to solve other visual tasks relying on acuity. Convolutional Neural Networks, on the other hand, have a very different sensory processing mechanism (based on heavily quantized data), which may trivialize such a test. Rather, we directly measure the performance of the network on an high-level task, specifically image classification, for which CNNs are optimized.</p><p>We chose to simulate cataracts in our DNN experiments, a deficit which allows us to explore its complex interactions with the structure of the data and the architecture of the network. Unfortunately, while the overall trends of cataract-induced critical periods have been studied and understood in animal models, there is not enough data to confidently regress sensibility curves comparable to those obtained in DNNs. For this reason, in <ref type="figure" target="#fig_0">Figure 1</ref> we compare the performance loss in a DNN trained in the presence of a cataract-like deficit with the results obtained from monocularly deprived kittens, which exhibit similar trends and are one of the most common experimental paradigms in the visual neurosciences.</p><p>Simulating complete visual deprivation in a neural network is not as simple as feeding a constant stimulus: A network presented with a constant blank input will rapidly become trivial and thus unable to train on new data. This is to be expected, since a blank input is a perfectly predictable stimulus and thus the network can quickly learn the (trivial) solution to the task. We instead wanted to model an uninformative stimulus, akin to noise. Moreover, even when the eyes are sutured or maintained in the darkness, there will be background excitation of photoreceptors that is best modeled as noise. To account for this, we simulate sensory deprivation by replacing the input images with a dataset composed of (uninformative) random Gaussian noise. This way the network is trained on solving the highly non-trivial task of memorizing the association between the many (but finite) noise patterns and their corresponding labels.</p></div><figure xmlns="http://www.tei-c.org/ns/1.0" xml:id="fig_0"><head>Figure 1 :</head><label>1</label><figDesc>DNNs exhibit critical periods. (A) Final accuracy achieved by a CNN trained with a cataract-like deficit as a function of the training epoch N at which deficit is removed (solid line).</figDesc></figure>
<figure xmlns="http://www.tei-c.org/ns/1.0" xml:id="fig_1"><head>Figure 3 :</head><label>3</label><figDesc>Critical periods in different DNN architectures and optimization schemes. (Left)</figDesc></figure>
<figure xmlns="http://www.tei-c.org/ns/1.0" xml:id="fig_2"><head>Figure 4 :</head><label>4</label><figDesc>Critical periods in DNNs are traced back to changes in the Fisher Information. (Left) Trace of the Fisher Information of the network weights as a function of the training epoch (blue line)</figDesc></figure>
			<note xmlns="http://www.tei-c.org/ns/1.0" place="foot" n="1">We employed this method, instead of a simpler Gaussian blur, since it has a very similar effect and makes the quantification of information loss clearer.</note>
		</body>
		<back>

			<div type="acknowledgement">
<div xmlns="http://www.tei-c.org/ns/1.0"><head>ACKNOWLEDGEMENTS</head><p>We thank the anonymous reviewers for their thoughtful feedback, and for suggesting new experiments and relevant literature. Supported by ONR N00014-17-1-2072, ARO W911NF-17-1-0304, AFOSR FA9550-15-1-0229 and FA8650-11-1-7156.</p></div>
			</div>

			<div type="references">

				<listBibl>

<biblStruct xml:id="b0">
	<analytic>
		<title level="a" type="main">Emergence of invariance and disentanglement in deep representations</title>
		<author>
			<persName xmlns="http://www.tei-c.org/ns/1.0"><forename type="first">Alessandro</forename><surname>Achille</surname></persName>
		</author>
		<author>
			<persName xmlns="http://www.tei-c.org/ns/1.0"><forename type="first">Stefano</forename><surname>Soatto</surname></persName>
		</author>
	</analytic>
	<monogr>
		<title level="j">Journal of Machine Learning Research</title>
		<imprint>
			<biblScope unit="volume">19</biblScope>
			<biblScope unit="issue">1</biblScope>
			<biblScope unit="page" from="1947" to="1980" />
			<date type="published" when="2018" />
		</imprint>
	</monogr>
	<note>Published as a conference paper at ICLR 2019</note>
</biblStruct>

<biblStruct xml:id="b1">
	<analytic>
		<title level="a" type="main">Methods of information geometry</title>
		<author>
			<persName xmlns="http://www.tei-c.org/ns/1.0"><forename type="first">Hiroshi</forename><surname>Shun-Ichi Amari</surname></persName>
		</author>
		<author>
			<persName xmlns="http://www.tei-c.org/ns/1.0"><surname>Nagaoka</surname></persName>
		</author>
	</analytic>
	<monogr>
		<title level="j">Translations of Mathematical Monographs</title>
		<imprint>
			<biblScope unit="volume">191</biblScope>
			<date type="published" when="2000" />
			<publisher>American Mathematical Society and Oxford University Press</publisher>
		</imprint>
	</monogr>
</biblStruct>

<biblStruct xml:id="b2">
	<analytic>
		<title level="a" type="main">Sensitive period for the development of human binocular vision</title>
		<author>
			<persName xmlns="http://www.tei-c.org/ns/1.0"><forename type="first">S</forename><surname>Martin</surname></persName>
		</author>
		<author>
			<persName xmlns="http://www.tei-c.org/ns/1.0"><surname>Banks</surname></persName>
		</author>
		<author>
			<persName xmlns="http://www.tei-c.org/ns/1.0"><forename type="first">Robert</forename><forename type="middle">D</forename><surname>Richard N Aslin</surname></persName>
		</author>
		<author>
			<persName xmlns="http://www.tei-c.org/ns/1.0"><surname>Letson</surname></persName>
		</author>
	</analytic>
	<monogr>
		<title level="j">Science</title>
		<imprint>
			<biblScope unit="volume">190</biblScope>
			<biblScope unit="issue">4215</biblScope>
			<biblScope unit="page" from="675" to="677" />
			<date type="published" when="1975" />
		</imprint>
	</monogr>
</biblStruct>

<biblStruct xml:id="b3">
	<analytic>
		<title level="a" type="main">Entropy-sgd: Biasing gradient descent into wide valleys</title>
		<author>
			<persName xmlns="http://www.tei-c.org/ns/1.0"><forename type="first">Pratik</forename><surname>Chaudhari</surname></persName>
		</author>
		<author>
			<persName xmlns="http://www.tei-c.org/ns/1.0"><forename type="first">Anna</forename><surname>Choromanska</surname></persName>
		</author>
		<author>
			<persName xmlns="http://www.tei-c.org/ns/1.0"><forename type="first">Stefano</forename><surname>Soatto</surname></persName>
		</author>
		<author>
			<persName xmlns="http://www.tei-c.org/ns/1.0"><forename type="first">Yann</forename><surname>Lecun</surname></persName>
		</author>
		<author>
			<persName xmlns="http://www.tei-c.org/ns/1.0"><forename type="first">Carlo</forename><surname>Baldassi</surname></persName>
		</author>
		<author>
			<persName xmlns="http://www.tei-c.org/ns/1.0"><forename type="first">Christian</forename><surname>Borgs</surname></persName>
		</author>
		<author>
			<persName xmlns="http://www.tei-c.org/ns/1.0"><forename type="first">Jennifer</forename><surname>Chayes</surname></persName>
		</author>
		<author>
			<persName xmlns="http://www.tei-c.org/ns/1.0"><forename type="first">Levent</forename><surname>Sagun</surname></persName>
		</author>
		<author>
			<persName xmlns="http://www.tei-c.org/ns/1.0"><forename type="first">Riccardo</forename><surname>Zecchina</surname></persName>
		</author>
	</analytic>
	<monogr>
		<title level="m">Proceedings of the International Conference on Learning Representations</title>
		<meeting>the International Conference on Learning Representations</meeting>
		<imprint>
			<date type="published" when="2017" />
		</imprint>
	</monogr>
</biblStruct>

<biblStruct xml:id="b4">
	<monogr>
		<title/>
		<author>
			<persName xmlns="http://www.tei-c.org/ns/1.0"><forename type="first">W</forename><surname>Nigel</surname></persName>
		</author>
		<author>
			<persName xmlns="http://www.tei-c.org/ns/1.0"><surname>Daw</surname></persName>
		</author>
		<imprint>
			<date type="published" when="2014" />
			<publisher>Springer</publisher>
			<pubPlace>New York, NY</pubPlace>
		</imprint>
	</monogr>
	<note>3rd edition</note>
</biblStruct>

<biblStruct xml:id="b5">
	<analytic>
		<title level="a" type="main">Why does unsupervised pre-training help deep learning</title>
		<author>
			<persName xmlns="http://www.tei-c.org/ns/1.0"><forename type="first">Dumitru</forename><surname>Erhan</surname></persName>
		</author>
		<author>
			<persName xmlns="http://www.tei-c.org/ns/1.0"><forename type="first">Yoshua</forename><surname>Bengio</surname></persName>
		</author>
		<author>
			<persName xmlns="http://www.tei-c.org/ns/1.0"><forename type="first">Aaron</forename><surname>Courville</surname></persName>
		</author>
		<author>
			<persName xmlns="http://www.tei-c.org/ns/1.0"><forename type="first">Pierre-Antoine</forename><surname>Manzagol</surname></persName>
		</author>
		<author>
			<persName xmlns="http://www.tei-c.org/ns/1.0"><forename type="first">Pascal</forename><surname>Vincent</surname></persName>
		</author>
		<author>
			<persName xmlns="http://www.tei-c.org/ns/1.0"><forename type="first">Samy</forename><surname>Bengio</surname></persName>
		</author>
	</analytic>
	<monogr>
		<title level="j">Journal of Machine Learning Research</title>
		<imprint>
			<biblScope unit="volume">11</biblScope>
			<biblScope unit="page" from="625" to="660" />
			<date type="published" when="2010-02" />
		</imprint>
	</monogr>
</biblStruct>

<biblStruct xml:id="b6">
	<analytic>
		<title level="a" type="main">Theory of statistical estimation</title>
		<author>
			<persName xmlns="http://www.tei-c.org/ns/1.0"><forename type="first">Ronald Aylmer</forename><surname>Fisher</surname></persName>
		</author>
	</analytic>
	<monogr>
		<title level="m">Mathematical Proceedings of the Cambridge Philosophical Society</title>
		<imprint>
			<publisher>Cambridge University Press</publisher>
			<date type="published" when="1925" />
			<biblScope unit="volume">22</biblScope>
			<biblScope unit="page" from="700" to="725" />
		</imprint>
	</monogr>
</biblStruct>

<biblStruct xml:id="b7">
	<analytic>
		<title level="a" type="main">The rate of recovery of vision after early monocular deprivation in kittens</title>
		<author>
			<persName xmlns="http://www.tei-c.org/ns/1.0"><forename type="first">Fred</forename><surname>Giffin</surname></persName>
		</author>
		<author>
			<persName xmlns="http://www.tei-c.org/ns/1.0"><forename type="first">Donald</forename><forename type="middle">E</forename><surname>Mitchell</surname></persName>
		</author>
	</analytic>
	<monogr>
		<title level="j">The Journal of Physiology</title>
		<imprint>
			<biblScope unit="volume">274</biblScope>
			<biblScope unit="issue">1</biblScope>
			<biblScope unit="page" from="511" to="537" />
			<date type="published" when="1978" />
		</imprint>
	</monogr>
</biblStruct>

<biblStruct xml:id="b8">
	<analytic>
		<title level="a" type="main">Deep residual learning for image recognition</title>
		<author>
			<persName xmlns="http://www.tei-c.org/ns/1.0"><forename type="first">Kaiming</forename><surname>He</surname></persName>
		</author>
		<author>
			<persName xmlns="http://www.tei-c.org/ns/1.0"><forename type="first">Xiangyu</forename><surname>Zhang</surname></persName>
		</author>
		<author>
			<persName xmlns="http://www.tei-c.org/ns/1.0"><forename type="first">Shaoqing</forename><surname>Ren</surname></persName>
		</author>
		<author>
			<persName xmlns="http://www.tei-c.org/ns/1.0"><forename type="first">Jian</forename><surname>Sun</surname></persName>
		</author>
	</analytic>
	<monogr>
		<title level="m">Proceedings of the IEEE conference on computer vision and pattern recognition</title>
		<meeting>the IEEE conference on computer vision and pattern recognition</meeting>
		<imprint>
			<date type="published" when="2016" />
			<biblScope unit="page" from="770" to="778" />
		</imprint>
	</monogr>
</biblStruct>

<biblStruct xml:id="b9">
	<analytic>
		<title level="a" type="main">Effects of early unilateral blur on the macaque&apos;s visual system. ii. anatomical observations</title>
		<author>
			<persName xmlns="http://www.tei-c.org/ns/1.0"><forename type="first">Anita</forename><forename type="middle">E</forename><surname>Hendrickson</surname></persName>
		</author>
		<author>
			<persName xmlns="http://www.tei-c.org/ns/1.0"><forename type="first">J</forename><forename type="middle">A</forename><surname>Movshon</surname></persName>
		</author>
		<author>
			<persName xmlns="http://www.tei-c.org/ns/1.0"><forename type="first">M</forename><surname>Howard</surname></persName>
		</author>
		<author>
			<persName xmlns="http://www.tei-c.org/ns/1.0"><surname>Eggers</surname></persName>
		</author>
		<author>
			<persName xmlns="http://www.tei-c.org/ns/1.0"><forename type="first">S</forename><surname>Martin</surname></persName>
		</author>
		<author>
			<persName xmlns="http://www.tei-c.org/ns/1.0"><surname>Gizzi</surname></persName>
		</author>
		<author>
			<persName xmlns="http://www.tei-c.org/ns/1.0"><forename type="first">Lynne</forename><surname>Boothe</surname></persName>
		</author>
		<author>
			<persName xmlns="http://www.tei-c.org/ns/1.0"><surname>Kiorpes</surname></persName>
		</author>
	</analytic>
	<monogr>
		<title level="j">Journal of Neuroscience</title>
		<imprint>
			<biblScope unit="volume">7</biblScope>
			<biblScope unit="issue">5</biblScope>
			<biblScope unit="page" from="1327" to="1339" />
			<date type="published" when="1987" />
		</imprint>
	</monogr>
</biblStruct>

<biblStruct xml:id="b10">
	<analytic>
		<title level="a" type="main">Critical period regulation</title>
		<author>
			<persName xmlns="http://www.tei-c.org/ns/1.0"><forename type="first">K</forename><surname>Takao</surname></persName>
		</author>
		<author>
			<persName xmlns="http://www.tei-c.org/ns/1.0"><surname>Hensch</surname></persName>
		</author>
	</analytic>
	<monogr>
		<title level="m">Annuual review of neuroscience</title>
		<imprint>
			<date type="published" when="2004" />
			<biblScope unit="volume">27</biblScope>
			<biblScope unit="page" from="549" to="579" />
		</imprint>
	</monogr>
</biblStruct>

<biblStruct xml:id="b11">
	<analytic>
		<title level="a" type="main">Flat minima</title>
		<author>
			<persName xmlns="http://www.tei-c.org/ns/1.0"><forename type="first">Sepp</forename><surname>Hochreiter</surname></persName>
		</author>
		<author>
			<persName xmlns="http://www.tei-c.org/ns/1.0"><forename type="first">Jürgen</forename><surname>Schmidhuber</surname></persName>
		</author>
	</analytic>
	<monogr>
		<title level="j">Neural Computation</title>
		<imprint>
			<biblScope unit="volume">9</biblScope>
			<biblScope unit="issue">1</biblScope>
			<biblScope unit="page" from="1" to="42" />
			<date type="published" when="1997" />
		</imprint>
	</monogr>
</biblStruct>

<biblStruct xml:id="b12">
	<monogr>
		<title level="m" type="main">Principles of Neural Science</title>
		<author>
			<persName xmlns="http://www.tei-c.org/ns/1.0"><surname>Eric R Kandel</surname></persName>
		</author>
		<author>
			<persName xmlns="http://www.tei-c.org/ns/1.0"><forename type="first">H</forename><surname>James</surname></persName>
		</author>
		<author>
			<persName xmlns="http://www.tei-c.org/ns/1.0"><surname>Schwartz</surname></persName>
		</author>
		<author>
			<persName xmlns="http://www.tei-c.org/ns/1.0"><forename type="first">M</forename><surname>Thomas</surname></persName>
		</author>
		<author>
			<persName xmlns="http://www.tei-c.org/ns/1.0"><surname>Jessell</surname></persName>
		</author>
		<author>
			<persName xmlns="http://www.tei-c.org/ns/1.0"><forename type="first">A</forename><surname>Steven</surname></persName>
		</author>
		<author>
			<persName xmlns="http://www.tei-c.org/ns/1.0"><forename type="first">A James</forename><surname>Siegelbaum</surname></persName>
		</author>
		<author>
			<persName xmlns="http://www.tei-c.org/ns/1.0"><surname>Hudspeth</surname></persName>
		</author>
		<imprint>
			<date type="published" when="2013" />
			<publisher>McGraw-Hill</publisher>
			<pubPlace>New York, NY</pubPlace>
		</imprint>
	</monogr>
	<note>5th edition</note>
</biblStruct>

<biblStruct xml:id="b13">
	<analytic>
		<title level="a" type="main">On large-batch training for deep learning: Generalization gap and sharp minima</title>
		<author>
			<persName xmlns="http://www.tei-c.org/ns/1.0"><forename type="first">Dheevatsa</forename><surname>Nitish Shirish Keskar</surname></persName>
		</author>
		<author>
			<persName xmlns="http://www.tei-c.org/ns/1.0"><forename type="first">Jorge</forename><surname>Mudigere</surname></persName>
		</author>
		<author>
			<persName xmlns="http://www.tei-c.org/ns/1.0"><forename type="first">Mikhail</forename><surname>Nocedal</surname></persName>
		</author>
		<author>
			<persName xmlns="http://www.tei-c.org/ns/1.0"><forename type="first">Ping Tak Peter</forename><surname>Smelyanskiy</surname></persName>
		</author>
		<author>
			<persName xmlns="http://www.tei-c.org/ns/1.0"><surname>Tang</surname></persName>
		</author>
	</analytic>
	<monogr>
		<title level="m">Proceedings of the International Conference on Learning Representations</title>
		<meeting>the International Conference on Learning Representations</meeting>
		<imprint>
			<date type="published" when="2017" />
		</imprint>
	</monogr>
</biblStruct>

<biblStruct xml:id="b14">
	<analytic>
		<title level="a" type="main">Variational dropout and the local reparameterization trick</title>
		<author>
			<persName xmlns="http://www.tei-c.org/ns/1.0"><forename type="first">P</forename><surname>Durk</surname></persName>
		</author>
		<author>
			<persName xmlns="http://www.tei-c.org/ns/1.0"><forename type="first">Tim</forename><surname>Kingma</surname></persName>
		</author>
		<author>
			<persName xmlns="http://www.tei-c.org/ns/1.0"><forename type="first">Max</forename><surname>Salimans</surname></persName>
		</author>
		<author>
			<persName xmlns="http://www.tei-c.org/ns/1.0"><surname>Welling</surname></persName>
		</author>
	</analytic>
	<monogr>
		<title level="m">Advances in Neural Information Processing Systems</title>
		<imprint>
			<date type="published" when="2015" />
			<biblScope unit="page" from="2575" to="2583" />
		</imprint>
	</monogr>
</biblStruct>

<biblStruct xml:id="b15">
	<analytic>
		<title level="a" type="main">Overcoming catastrophic forgetting in neural networks</title>
		<author>
			<persName xmlns="http://www.tei-c.org/ns/1.0"><forename type="first">James</forename><surname>Kirkpatrick</surname></persName>
		</author>
		<author>
			<persName xmlns="http://www.tei-c.org/ns/1.0"><forename type="first">Razvan</forename><surname>Pascanu</surname></persName>
		</author>
		<author>
			<persName xmlns="http://www.tei-c.org/ns/1.0"><forename type="first">Neil</forename><surname>Rabinowitz</surname></persName>
		</author>
		<author>
			<persName xmlns="http://www.tei-c.org/ns/1.0"><forename type="first">Joel</forename><surname>Veness</surname></persName>
		</author>
		<author>
			<persName xmlns="http://www.tei-c.org/ns/1.0"><forename type="first">Guillaume</forename><surname>Desjardins</surname></persName>
		</author>
		<author>
			<persName xmlns="http://www.tei-c.org/ns/1.0"><forename type="first">Andrei</forename><forename type="middle">A</forename><surname>Rusu</surname></persName>
		</author>
		<author>
			<persName xmlns="http://www.tei-c.org/ns/1.0"><forename type="first">Kieran</forename><surname>Milan</surname></persName>
		</author>
		<author>
			<persName xmlns="http://www.tei-c.org/ns/1.0"><forename type="first">John</forename><surname>Quan</surname></persName>
		</author>
		<author>
			<persName xmlns="http://www.tei-c.org/ns/1.0"><forename type="first">Tiago</forename><surname>Ramalho</surname></persName>
		</author>
		<author>
			<persName xmlns="http://www.tei-c.org/ns/1.0"><forename type="first">Agnieszka</forename><surname>Grabska-Barwinska</surname></persName>
		</author>
	</analytic>
	<monogr>
		<title level="m">Proceedings of the national academy of sciences</title>
		<meeting>the national academy of sciences</meeting>
		<imprint>
			<date type="published" when="2017" />
			<biblScope unit="volume">114</biblScope>
			<biblScope unit="page" from="3521" to="3526" />
		</imprint>
	</monogr>
</biblStruct>

<biblStruct xml:id="b16">
	<analytic>
		<title level="a" type="main">Sensitive periods in the development of the brain and behavior</title>
		<author>
			<persName xmlns="http://www.tei-c.org/ns/1.0"><surname>Eric I Knudsen</surname></persName>
		</author>
	</analytic>
	<monogr>
		<title level="j">Journal of cognitive neuroscience</title>
		<imprint>
			<biblScope unit="volume">16</biblScope>
			<biblScope unit="issue">8</biblScope>
			<biblScope unit="page" from="1412" to="1425" />
			<date type="published" when="2004" />
		</imprint>
	</monogr>
</biblStruct>

<biblStruct xml:id="b17">
	<monogr>
		<title level="m" type="main">The formation and transformation of the perceptual world</title>
		<author>
			<persName xmlns="http://www.tei-c.org/ns/1.0"><forename type="first">Ivo</forename><surname>Kohler</surname></persName>
		</author>
		<imprint>
			<date type="published" when="1964" />
			<publisher>International Universities Press, Inc</publisher>
			<pubPlace>New York, NY</pubPlace>
		</imprint>
	</monogr>
	<note>Psychological Issues Monographs</note>
</biblStruct>

<biblStruct xml:id="b18">
	<monogr>
		<title level="m" type="main">Birdsong: from behavior to neuron. Annual review of neuroscience</title>
		<author>
			<persName xmlns="http://www.tei-c.org/ns/1.0"><forename type="first">Masakazu</forename><surname>Konishi</surname></persName>
		</author>
		<imprint>
			<date type="published" when="1985" />
			<biblScope unit="volume">8</biblScope>
			<biblScope unit="page" from="125" to="170" />
		</imprint>
	</monogr>
</biblStruct>

<biblStruct xml:id="b19">
	<monogr>
		<title level="m" type="main">Learning multiple layers of features from tiny images</title>
		<author>
			<persName xmlns="http://www.tei-c.org/ns/1.0"><forename type="first">Alex</forename><surname>Krizhevsky</surname></persName>
		</author>
		<author>
			<persName xmlns="http://www.tei-c.org/ns/1.0"><forename type="first">Geoffrey</forename><surname>Hinton</surname></persName>
		</author>
		<imprint>
			<date type="published" when="2009" />
		</imprint>
		<respStmt>
			<orgName>University of Toronto</orgName>
		</respStmt>
	</monogr>
	<note type="report_type">Technical report</note>
</biblStruct>

<biblStruct xml:id="b20">
	<analytic>
		<title level="a" type="main">Visualizing the loss landscape of neural nets</title>
		<author>
			<persName xmlns="http://www.tei-c.org/ns/1.0"><forename type="first">Hao</forename><surname>Li</surname></persName>
		</author>
		<author>
			<persName xmlns="http://www.tei-c.org/ns/1.0"><forename type="first">Zheng</forename><surname>Xu</surname></persName>
		</author>
		<author>
			<persName xmlns="http://www.tei-c.org/ns/1.0"><forename type="first">Gavin</forename><surname>Taylor</surname></persName>
		</author>
		<author>
			<persName xmlns="http://www.tei-c.org/ns/1.0"><forename type="first">Christoph</forename><surname>Studer</surname></persName>
		</author>
		<author>
			<persName xmlns="http://www.tei-c.org/ns/1.0"><forename type="first">Tom</forename><surname>Goldstein</surname></persName>
		</author>
	</analytic>
	<monogr>
		<title level="m">Advances in Neural Information Processing Systems</title>
		<imprint>
			<date type="published" when="2018" />
			<biblScope unit="page" from="6391" to="6401" />
		</imprint>
	</monogr>
</biblStruct>

<biblStruct xml:id="b21">
	<monogr>
		<author>
			<persName xmlns="http://www.tei-c.org/ns/1.0"><forename type="first">James</forename><surname>Martens</surname></persName>
		</author>
		<idno type="arXiv">arXiv:1412.1193</idno>
		<title level="m">New insights and perspectives on the natural gradient method</title>
		<imprint>
			<date type="published" when="2014" />
		</imprint>
	</monogr>
	<note type="report_type">arXiv preprint</note>
</biblStruct>

<biblStruct xml:id="b22">
	<analytic>
		<title level="a" type="main">Optimizing neural networks with kronecker-factored approximate curvature</title>
		<author>
			<persName xmlns="http://www.tei-c.org/ns/1.0"><forename type="first">James</forename><surname>Martens</surname></persName>
		</author>
		<author>
			<persName xmlns="http://www.tei-c.org/ns/1.0"><forename type="first">Roger</forename><surname>Grosse</surname></persName>
		</author>
	</analytic>
	<monogr>
		<title level="m">Proceedings of International Conference on Machine Learning</title>
		<meeting>International Conference on Machine Learning</meeting>
		<imprint>
			<date type="published" when="2015" />
			<biblScope unit="volume">37</biblScope>
			<biblScope unit="page" from="2408" to="2417" />
		</imprint>
	</monogr>
</biblStruct>

<biblStruct xml:id="b23">
	<analytic>
		<title level="a" type="main">The extent of visual recovery from early monocular or binocular visual deprivation in kittens</title>
		<author>
			<persName xmlns="http://www.tei-c.org/ns/1.0"><forename type="first">E</forename><surname>Donald</surname></persName>
		</author>
		<author>
			<persName xmlns="http://www.tei-c.org/ns/1.0"><surname>Mitchell</surname></persName>
		</author>
	</analytic>
	<monogr>
		<title level="j">The Journal of physiology</title>
		<imprint>
			<biblScope unit="volume">395</biblScope>
			<biblScope unit="issue">1</biblScope>
			<biblScope unit="page" from="639" to="660" />
			<date type="published" when="1988" />
		</imprint>
	</monogr>
</biblStruct>

<biblStruct xml:id="b24">
	<analytic>
		<title level="a" type="main">Kernel analysis of deep networks</title>
		<author>
			<persName xmlns="http://www.tei-c.org/ns/1.0"><forename type="first">Grégoire</forename><surname>Montavon</surname></persName>
		</author>
		<author>
			<persName xmlns="http://www.tei-c.org/ns/1.0"><forename type="first">L</forename><surname>Mikio</surname></persName>
		</author>
		<author>
			<persName xmlns="http://www.tei-c.org/ns/1.0"><forename type="first">Klaus-Robert</forename><surname>Braun</surname></persName>
		</author>
		<author>
			<persName xmlns="http://www.tei-c.org/ns/1.0"><surname>Müller</surname></persName>
		</author>
	</analytic>
	<monogr>
		<title level="j">Journal of Machine Learning Research</title>
		<imprint>
			<biblScope unit="volume">12</biblScope>
			<biblScope unit="page" from="2563" to="2581" />
			<date type="published" when="2011-09" />
		</imprint>
	</monogr>
</biblStruct>

<biblStruct xml:id="b25">
	<analytic>
		<title level="a" type="main">The effect of dark rearing on the time course of the critical period in cat visual cortex</title>
		<author>
			<persName xmlns="http://www.tei-c.org/ns/1.0"><forename type="first">D</forename><surname>George</surname></persName>
		</author>
		<author>
			<persName xmlns="http://www.tei-c.org/ns/1.0"><surname>Mower</surname></persName>
		</author>
	</analytic>
	<monogr>
		<title level="j">Developmental Brain Research</title>
		<imprint>
			<biblScope unit="volume">58</biblScope>
			<biblScope unit="issue">2</biblScope>
			<biblScope unit="page" from="151" to="158" />
			<date type="published" when="1991" />
		</imprint>
	</monogr>
</biblStruct>

<biblStruct xml:id="b26">
	<analytic>
		<title level="a" type="main">Profile of the sensitive period for monocular deprivation in kittens</title>
		<author>
			<persName xmlns="http://www.tei-c.org/ns/1.0"><forename type="first">R</forename><surname>Carl</surname></persName>
		</author>
		<author>
			<persName xmlns="http://www.tei-c.org/ns/1.0"><forename type="first">Ralph D</forename><surname>Olson</surname></persName>
		</author>
		<author>
			<persName xmlns="http://www.tei-c.org/ns/1.0"><surname>Freeman</surname></persName>
		</author>
	</analytic>
	<monogr>
		<title level="j">Experimental Brain Research</title>
		<imprint>
			<biblScope unit="volume">39</biblScope>
			<biblScope unit="issue">1</biblScope>
			<biblScope unit="page" from="17" to="21" />
			<date type="published" when="1980" />
		</imprint>
	</monogr>
</biblStruct>

<biblStruct xml:id="b27">
	<analytic>
		<title level="a" type="main">Concurrent overproduction of synapses in diverse regions of the primate cerebral cortex</title>
		<author>
			<persName xmlns="http://www.tei-c.org/ns/1.0"><forename type="first">Pasko</forename><surname>Rakic</surname></persName>
		</author>
		<author>
			<persName xmlns="http://www.tei-c.org/ns/1.0"><forename type="first">Jean-Pierre</forename><surname>Bourgeois</surname></persName>
		</author>
		<author>
			<persName xmlns="http://www.tei-c.org/ns/1.0"><forename type="first">Maryellen</forename><forename type="middle">F</forename><surname>Eckenhoff</surname></persName>
		</author>
		<author>
			<persName xmlns="http://www.tei-c.org/ns/1.0"><forename type="first">Nada</forename><surname>Zecevic</surname></persName>
		</author>
		<author>
			<persName xmlns="http://www.tei-c.org/ns/1.0"><forename type="first">Patricia</forename><forename type="middle">S</forename><surname>Goldman-Rakic</surname></persName>
		</author>
	</analytic>
	<monogr>
		<title level="j">Science</title>
		<imprint>
			<biblScope unit="volume">232</biblScope>
			<biblScope unit="issue">4747</biblScope>
			<biblScope unit="page" from="232" to="235" />
			<date type="published" when="1986" />
		</imprint>
	</monogr>
</biblStruct>

<biblStruct xml:id="b28">
	<monogr>
		<title level="m" type="main">Opening the black box of deep neural networks via information</title>
		<author>
			<persName xmlns="http://www.tei-c.org/ns/1.0"><forename type="first">Ravid</forename><surname>Shwartz</surname></persName>
		</author>
		<author>
			<persName xmlns="http://www.tei-c.org/ns/1.0"><forename type="first">-Ziv</forename></persName>
		</author>
		<author>
			<persName xmlns="http://www.tei-c.org/ns/1.0"><forename type="first">Naftali</forename><surname>Tishby</surname></persName>
		</author>
		<idno type="arXiv">arXiv:1703.00810</idno>
		<imprint>
			<date type="published" when="2017" />
		</imprint>
	</monogr>
	<note type="report_type">arXiv preprint</note>
</biblStruct>

<biblStruct xml:id="b29">
	<monogr>
		<title level="m" type="main">Striving for simplicity: The all convolutional net</title>
		<author>
			<persName xmlns="http://www.tei-c.org/ns/1.0"><forename type="first">T</forename><surname>Jost</surname></persName>
		</author>
		<author>
			<persName xmlns="http://www.tei-c.org/ns/1.0"><forename type="first">Alexey</forename><surname>Springenberg</surname></persName>
		</author>
		<author>
			<persName xmlns="http://www.tei-c.org/ns/1.0"><forename type="first">Thomas</forename><surname>Dosovitskiy</surname></persName>
		</author>
		<author>
			<persName xmlns="http://www.tei-c.org/ns/1.0"><forename type="first">Martin</forename><surname>Brox</surname></persName>
		</author>
		<author>
			<persName xmlns="http://www.tei-c.org/ns/1.0"><surname>Riedmiller</surname></persName>
		</author>
		<idno type="arXiv">arXiv:1412.6806</idno>
		<imprint>
			<date type="published" when="2014" />
		</imprint>
	</monogr>
	<note type="report_type">arXiv preprint</note>
</biblStruct>

<biblStruct xml:id="b30">
	<analytic>
		<title level="a" type="main">Some preliminary experiments on vision without inversion of the retinal image</title>
		<author>
			<persName xmlns="http://www.tei-c.org/ns/1.0"><forename type="first">M</forename><surname>George</surname></persName>
		</author>
		<author>
			<persName xmlns="http://www.tei-c.org/ns/1.0"><surname>Stratton</surname></persName>
		</author>
	</analytic>
	<monogr>
		<title level="j">Psychological Review</title>
		<imprint>
			<biblScope unit="volume">3</biblScope>
			<biblScope unit="issue">6</biblScope>
			<biblScope unit="page" from="611" to="617" />
			<date type="published" when="1896" />
		</imprint>
	</monogr>
</biblStruct>

<biblStruct xml:id="b31">
	<monogr>
		<title level="m" type="main">Critical period for deprivation amblyopia in children. Transactions of the ophthalmological societies of the United Kingdom</title>
		<author>
			<persName xmlns="http://www.tei-c.org/ns/1.0"><forename type="first">David</forename><surname>Taylor</surname></persName>
		</author>
		<imprint>
			<date type="published" when="1979" />
			<biblScope unit="volume">99</biblScope>
			<biblScope unit="page" from="432" to="439" />
		</imprint>
	</monogr>
</biblStruct>

<biblStruct xml:id="b32">
	<analytic>
		<title level="a" type="main">New clinical aspects of stimulus deprivation amblyopia</title>
		<author>
			<persName xmlns="http://www.tei-c.org/ns/1.0"><surname>Gunter K Von Noorden</surname></persName>
		</author>
	</analytic>
	<monogr>
		<title level="j">American journal of ophthalmology</title>
		<imprint>
			<biblScope unit="volume">92</biblScope>
			<biblScope unit="issue">3</biblScope>
			<biblScope unit="page" from="416" to="421" />
			<date type="published" when="1981" />
		</imprint>
	</monogr>
</biblStruct>

<biblStruct xml:id="b33">
	<analytic>
		<title level="a" type="main">Postnatal development of the visual cortex and the influence of environment</title>
		<author>
			<persName xmlns="http://www.tei-c.org/ns/1.0"><forename type="first">N</forename><surname>Torsten</surname></persName>
		</author>
		<author>
			<persName xmlns="http://www.tei-c.org/ns/1.0"><surname>Wiesel</surname></persName>
		</author>
	</analytic>
	<monogr>
		<title level="j">Nature</title>
		<imprint>
			<biblScope unit="volume">299</biblScope>
			<biblScope unit="issue">5884</biblScope>
			<biblScope unit="page">583</biblScope>
			<date type="published" when="1982" />
		</imprint>
	</monogr>
</biblStruct>

<biblStruct xml:id="b34">
	<analytic>
		<title level="a" type="main">Single-cell responses in striate cortex of kittens deprived of vision in one eye</title>
		<author>
			<persName xmlns="http://www.tei-c.org/ns/1.0"><forename type="first">N</forename><surname>Torsten</surname></persName>
		</author>
		<author>
			<persName xmlns="http://www.tei-c.org/ns/1.0"><surname>Wiesel</surname></persName>
		</author>
		<author>
			<persName xmlns="http://www.tei-c.org/ns/1.0"><forename type="first">H</forename><surname>David</surname></persName>
		</author>
		<author>
			<persName xmlns="http://www.tei-c.org/ns/1.0"><surname>Hubel</surname></persName>
		</author>
	</analytic>
	<monogr>
		<title level="j">Journal of neurophysiology</title>
		<imprint>
			<biblScope unit="volume">26</biblScope>
			<biblScope unit="issue">6</biblScope>
			<biblScope unit="page" from="1003" to="1017" />
			<date type="published" when="1963" />
		</imprint>
	</monogr>
</biblStruct>

<biblStruct xml:id="b35">
	<analytic>
		<title level="a" type="main">Effects of visual deprivation on morphology and physiology of cells in the cat&apos;s lateral geniculate body</title>
		<author>
			<persName xmlns="http://www.tei-c.org/ns/1.0"><forename type="first">N</forename><surname>Torsten</surname></persName>
		</author>
		<author>
			<persName xmlns="http://www.tei-c.org/ns/1.0"><surname>Wiesel</surname></persName>
		</author>
		<author>
			<persName xmlns="http://www.tei-c.org/ns/1.0"><forename type="first">H</forename><surname>David</surname></persName>
		</author>
		<author>
			<persName xmlns="http://www.tei-c.org/ns/1.0"><surname>Hubel</surname></persName>
		</author>
	</analytic>
	<monogr>
		<title level="j">Journal of neurophysiology</title>
		<imprint>
			<biblScope unit="volume">26</biblScope>
			<biblScope unit="issue">6</biblScope>
			<biblScope unit="page" from="978" to="993" />
			<date type="published" when="1963" />
		</imprint>
	</monogr>
</biblStruct>

				</listBibl>
			</div>
		</back>
	</text>
</TEI>
