<?xml version="1.0" encoding="UTF-8"?>
<TEI xml:space="preserve" xmlns="http://www.tei-c.org/ns/1.0" 
xmlns:xsi="http://www.w3.org/2001/XMLSchema-instance" 
xsi:schemaLocation="http://www.tei-c.org/ns/1.0 /Users/cindy/tmp/grobid-0.6.1/grobid-home/schemas/xsd/Grobid.xsd"
 xmlns:xlink="http://www.w3.org/1999/xlink">
	<teiHeader xml:lang="en">
		<fileDesc>
			<titleStmt>
				<title level="a" type="main">What bugs cause production cloud incidents?</title>
			</titleStmt>
			<publicationStmt>
				<publisher/>
				<availability status="unknown"><licence/></availability>
			</publicationStmt>
			<sourceDesc>
				<biblStruct>
					<analytic>
						<author>
							<persName xmlns="http://www.tei-c.org/ns/1.0"><forename type="first">Haopeng</forename><surname>Liu</surname></persName>
							<affiliation key="aff0">
								<orgName type="institution">University of Chicago</orgName>
							</affiliation>
						</author>
						<author>
							<persName xmlns="http://www.tei-c.org/ns/1.0"><forename type="first">Shan</forename><surname>Lu</surname></persName>
							<affiliation key="aff0">
								<orgName type="institution">University of Chicago</orgName>
							</affiliation>
						</author>
						<author>
							<persName xmlns="http://www.tei-c.org/ns/1.0"><forename type="first">Madan</forename><surname>Musuvathi</surname></persName>
							<affiliation key="aff1">
								<orgName type="institution">Microsoft Research</orgName>
							</affiliation>
						</author>
						<author>
							<persName xmlns="http://www.tei-c.org/ns/1.0"><forename type="first">Suman</forename><surname>Nath</surname></persName>
							<affiliation key="aff1">
								<orgName type="institution">Microsoft Research</orgName>
							</affiliation>
						</author>
						<title level="a" type="main">What bugs cause production cloud incidents?</title>
					</analytic>
					<monogr>
						<imprint>
							<date/>
						</imprint>
					</monogr>
					<idno type="DOI">10.1145/3317550.3321438</idno>
				</biblStruct>
			</sourceDesc>
		</fileDesc>
		<encodingDesc>
			<appInfo>
				<application version="0.6.1" ident="GROBID" when="2021-02-16T16:02+0000">
					<desc>GROBID - A machine learning software for extracting information from scholarly documents</desc>
					<ref target="https://github.com/kermitt2/grobid"/>
				</application>
			</appInfo>
		</encodingDesc>
		<profileDesc>
			<textClass>
				<keywords>
					<term>Cloud system</term>
					<term>production incident</term>
					<term>reliability</term>
					<term>bug characteristics</term>
				</keywords>
			</textClass>
			<abstract>
				<p>Cloud services have become the backbone of today&apos;s computing world. Runtime incidents, which adversely affect the expected service operations, are extremely costly in terms of user impacts and engineering efforts required to resolve them. Hence, such incidents are the target of much research effort. Unfortunately, there is limited understanding about cloud service incidents that actually happen during production runs: what cause them and how they are resolved. In this work, we carefully study hundreds of highseverity incidents that occurred recently during the production runs of many Microsoft Azure services. We find software bugs to be a major cause behind these incidents, and make interesting observations about the types of software bugs that cause cloud incidents and how these bug-related incidents are resolved, providing motivation and guidance to future research in tackling cloud bugs and improving the cloud-service availability.</p>
			</abstract>
		</profileDesc>
	</teiHeader>
	<text xml:lang="en">
		<body>
<div xmlns="http://www.tei-c.org/ns/1.0"><head n="1.1">introduction</head><p>Cloud services such as distributed computing infrastruc- tures and distributed storage systems have become the backbone of today's computing world. The availability of cloud services is crucial, with minutes of service outages costing millions of dollars <ref type="bibr" target="#b10">[11,</ref><ref type="bibr" target="#b25">26]</ref>. Although much research has attempted to improve the availability of cloud services through automated bug detection <ref type="bibr" target="#b18">[19,</ref><ref type="bibr" target="#b21">22,</ref><ref type="bibr" target="#b7">8]</ref>, failure diagnosis <ref type="bibr" target="#b31">[33]</ref>, fault detection <ref type="bibr" target="#b15">[16]</ref>, and others, there is still a lack of understanding about cloud service incidents that actually happen in the wild -what cause them and how they are resolved.</p><p>Empirical studies have always been crucial in motivating and guiding the improvement of software availability. Many studies were conducted to understand failure causes and failure resolutions in operating systems <ref type="bibr" target="#b9">[10,</ref><ref type="bibr">29,</ref><ref type="bibr" target="#b11">12]</ref>, multi-threaded software <ref type="bibr" target="#b24">[25]</ref>, file systems <ref type="bibr" target="#b23">[24]</ref>, and others <ref type="bibr" target="#b12">[13]</ref>.</p><p>In recent years, empirical studies were also conducted for cloud systems. They mainly use two types of data sources: (1) news reports about cloud outages <ref type="bibr" target="#b14">[15]</ref>, which contain detailed outage-impact information; <ref type="bibr" target="#b1">(2)</ref> opensource bug databases <ref type="bibr" target="#b13">[14,</ref><ref type="bibr" target="#b14">15,</ref><ref type="bibr" target="#b19">20,</ref><ref type="bibr" target="#b30">32,</ref><ref type="bibr" target="#b20">21]</ref>, which contain detailed information about bugs found during both inhouse code review/testing and production uses. The focus of these studies has been (1) specific types of bugs (e.g., timing bugs <ref type="bibr" target="#b19">[20]</ref>, scalability bugs <ref type="bibr" target="#b20">[21]</ref>, gray component failures <ref type="bibr" target="#b16">[17]</ref>); (2) high-level cause categorization (e.g., hardware faults vs. software bugs <ref type="bibr" target="#b13">[14,</ref><ref type="bibr" target="#b14">15]</ref>); and (3) error and failure symptoms (e.g., the scope, propagation, and duration of cloud errors and failures <ref type="bibr" target="#b30">[32,</ref><ref type="bibr" target="#b14">15,</ref><ref type="bibr" target="#b16">17]</ref>).</p><p>Although useful, previous studies have not and cannot, due to the limitations of their data sources, provide indepth understanding about production-run cloud service incidents, answering fundamental questions like:</p><p>(1) What caused production-run service incidentswhat types of software bugs escaped in-house testing?</p><p>(2) How were production incidents resolved -is there any chance to automate them in the future?</p><p>Answers to these questions would be crucial to improving the availability of cloud services.</p></div>
<div xmlns="http://www.tei-c.org/ns/1.0"><head n="1.2">Contributions</head><p>In this work, we systematically studied all 1 the highseverity production-run incidents during a recent span of 6 months in Microsoft Azure services, which cover a wide range of services including computation, storage, What are the causes of incidents? ↓ Few hardware problems ↓ Few memory bugs ↓ Few generic semantic bugs ↑ Many fault-detection/handling bugs ↑ Many data-format bugs ↑ More persistent-data races How are incidents resolved? ↑ More than half through mitigation w/o patches <ref type="table">Table 1</ref>: How are cloud incidents different from failures in single-machine systems? (↑ and ↓ indicate cloud incidents follow certain pattern more or less than single-machine systems.) data management, data analytics, IoT, media services, etc., and identified software bugs as the most common cause of cloud incidents (close to 40%). We then did an in-depth study of all the 112 high-severity production incidents that are caused by software bugs.</p><p>Our study sheds lights on what types of software bugs lead to production cloud incidents, how these incidents are resolved, and how they differ from failures in singlemachine systems <ref type="table">(Table 1)</ref>.</p><p>What caused incidents? Among all incidents caused by bugs, the most common causes are (1) incorrect or missing detection and handling of component failures (31 %) and (2) inconsistent data-format assumptions held by different software components or versions (21 %). Timing bugs are also common (13 %), with many of them related to conflicting accesses to not only in-memory data but also persistent resources. Finally, incorrectly set constant values are non-negligible (7 %).</p><p>Probably related to the rise of bugs related to component failures, we observed the percentage of incidents caused by hardware failures to be significantly smaller (less than 5%) than those in non-cloud systems <ref type="bibr" target="#b12">[13]</ref>.</p><p>How were incidents resolved? Different from bugs in open-source software bug databases, production incidents were more often to get resolved through a mitigation mechanism without a code patch. Those mitigation mechanisms, which we further categorize into code mitigation like rolling back to an older version, running-environment mitigation like killing a process, and data mitigation like deleting a temporary directory, have not been well studied before. Without requiring new code, they provide a good opportunity for incident auto-healing and hence better service availability.</p><p>The resolving strategies are different among incidents caused by different types of bugs. For example, runningenvironment mitigation is the most common resolving strategy for incidents caused by fault-related bugs and timing bugs, but is never used for incidents caused by data-format bugs and constant-value bugs. How to pick the suitable resolving strategy for a production cloud incident is an open problem for future research.</p><p>Implications While there has been decades of research on bug detection, in cloud systems, some well studied bugs are much less common (e.g., memory bugs) or are taking new forms (e.g., timing bugs), yet some notso-well studied bugs (e.g., data-format bugs and faultrelated bugs) are taking predominant fractions. Many production-run incidents are resolved through mitigation techniques, instead of patches. Automation techniques that support mitigation would be helpful.</p></div>
<div xmlns="http://www.tei-c.org/ns/1.0"><head n="2">METHODOLOGY 2.1 Incidents in our study</head><p>Microsoft Azure production incidents can be reported by (Microsoft internal or external) users or by system watchdogs that keep monitoring if certain system metric goes beyond a pre-configured threshold. Every incident is recorded in the incident database, associated with information such as user description or watchdog report, developers' discussion, severity-level tag, root cause description, work items issued to developer teams (if any), the incident-impact duration, etc.</p><p>The remainder of the paper focuses on a set of 112 incidents. They are all the incidents that satisfy the following four conditions during a 6-month period (March 5th, 2018 -September 5th, 2018):</p><p>(1) the incident is not a false alarm and its severity level indicates that new features cannot commit into production environment until this incident is resolved;</p><p>(2) the incident led to changes in the cloud service, such as bug-fixing patches, test enhancement, etc;</p><p>(3) the incident report contains enough information for us to judge the root cause of the incident;</p><p>(4) the root cause of the incident are software bugs.</p><p>Note that not all the 112 incidents we studied affected Microsoft 's external customers. Many incidents affected Microsoft 's internal users and many others were detected by internal users and automated watchdogs and mitigated before external customers reported them.</p></div>
<div xmlns="http://www.tei-c.org/ns/1.0"><head n="2.2">Threats to validity</head><p>The results of our study have to be interpreted with our methodology in mind. The types of bugs we observed in production are biased by the fact that Microsoft uses effective tools (e.g., <ref type="bibr" target="#b3">[4,</ref><ref type="bibr" target="#b4">5,</ref><ref type="bibr" target="#b5">6,</ref><ref type="bibr" target="#b6">7]</ref>) to mostly eliminate many types of bugs before they can manifest in production, and hence our study includes zero or few of such bugs. For example, we observed only a small number of configuration bugs caused by misspecification of configuration entries in configuration files, even though such bugs were reported to be common in other settings <ref type="bibr" target="#b27">[28,</ref><ref type="bibr" target="#b29">31]</ref>). Our observation may not represent incidents in Microsoft that we did not study, and may not represent incidents in other cloud services. We analyzed only incidents whose reports contain enough information for us to judge root causes, which may lead us to miss incidents with complicated root causes and little information about the causes.</p></div>
<div xmlns="http://www.tei-c.org/ns/1.0"><head n="3">WHAT ARE THE BUGS?</head><p>Every incident report contains a "discussion" section and a "root cause" section, by reading these sections, and sometimes the work item description, we figure out the root cause of each incident, and categorize them into data-format bug incidents (21 %), fault-related bug incidents (31 %), timing bug incidents (13 %), constantvalue bug incidents (7 %), and others (28 %).</p></div>
<div xmlns="http://www.tei-c.org/ns/1.0"><head n="3.1">Data-format incidents</head><p>Different components of cloud services interact with each other through various types of "data", including inter-process/node messages, persistent files, and so on. At the same time, cloud software goes through frequent updates. As a result, different software components in the cloud could hold conflicting assumptions about the format of certain data, leading to service incidents. We refer to these as data-format bugs. They have not been a type of common bugs in traditional software systems <ref type="bibr" target="#b9">[10,</ref><ref type="bibr">29,</ref><ref type="bibr" target="#b12">13,</ref><ref type="bibr" target="#b27">28]</ref>, but are among the most common ones in our study (21 % of all software bug incidents).</p><p>We can categorize these bugs based on the type of data whose format becomes incompatible with newer versions of the software.</p><p>(1) Local or global files (about 40% of data-format incidents): different parties assume different formats about certain files or database tables. For example, a service, let's call it Service-X, allows users to store their customized configuration in the cloud. After a feature upgrade, Service-X changes the format of such customized configuration files -a reference to the source configuration has to exist in the customized configuration file. This reference is added to any configuration created by the new-version of Service-X. However, no such reference exists in customized configuration created by earlier versions of Service-X. Therefore, loading old customized configuration files lead to null-reference exceptions and then service incidents.</p><p>(2) Message interfaces (about 60% of data-format incidents): a service changes the interface of its externalfacing message APIs; consequently, the other process or node that uses this message API got unexpected results. For example, a service, let's call it Service-Y, provides a REST API that returns a list of active instances. In the past, Service-Y used to return an error-code 200 together with an empty list when there were no active instances. In a newer version, Service-Y changed the API to return the error code 404 when there are no active instances, causing incidents in consuming services that could not handle this new return code.</p><p>We can also break down these bugs based on different roles of the conflicting parties. They could be caused by inconsistencies between data producers and data consumers (83 % of the cases), as well as between two data consumers (17 % of the cases). In the former case, data produced by one part of the system cannot be properly consumed by another part of the system; in the latter case, different system components draw inconsistent conclusions about whether some user data is valid or not.</p><p>In most cases, these bugs are triggered by software updates that fail to fully consider the data-format assumptions held by all stakeholders.</p><p>Discussion: Among all the bugs we studied, only one of them occurs inside one process, and the other ones all involve multiple processes and/or nodes. This is probably not a coincidence: persistent data related bugs are more likely to exist in multi-process systems; message related bugs are probably unique to networked systems. The large scale, frequent updates, and long running natures of cloud services likely have facilitated the occurrence of these bugs.</p><p>Techniques are needed to automatically extract assumptions about data formats, so that we can automatically detect data-format bugs or automatically raise warnings about inconsistent code versions among different software components.</p></div>
<div xmlns="http://www.tei-c.org/ns/1.0"><head n="3.2">Fault-related incidents</head><p>Component failures (i.e., faults) are inevitable in cloud environment, and 31 % of software bug incidents are about not detecting or handling faults correctly.</p><p>In our study, a component can refer to a user request, a user/system job, a node in the system, a file, and so on. There are three main types of component failures (i.e., faults) that lead to fault-related incidents in our study:</p><p>(1) Error component: a specific task or job fails and reports an error that cannot be handled by the cloud service platform (43 % among all fault-related incidents);</p><p>(2) Unresponsive component: a hanging job or a disabled node is not handled by the service platform (i.e., no error code ever returned) and eventually leads to a timeout perceived by users or watchdogs (29 % among all fault-related incidents);</p><p>(3) Silent corruption: persistent data or cached persistent data became corrupted or inconsistent without any error code and led to incorrect results returned to users (17 % among all fault-related incidents).</p><p>We observed three main reasons for a fault in component F not being detected by a component G (in most cases, G then waits infinitely for an operation o, not realizing that o will never occur due the fault in F ). 1) G did not contain any fault detection code for potential fault in F ; 2) G typically checks certain signal or log to detect faults in F , not realizing that the signal/log itself could disappear due to the fault in F . 3) G typically checks certain signal or log to detect faults in F , not realizing that the signal/log could disappear along the transmission path from F to G. This problem sometimes happens due to file and process re-location after a component failure.</p><p>We observed three main types of fault handling problems: (1) handler ignores the error report (35 %); (2) handler over-reacts and causes incidents (35 %); (3) handler contains bugs like infinite loops, timing bugs, etc (30 %). The first two types of problems have also been reported in open-source systems <ref type="bibr" target="#b30">[32]</ref>.</p><p>Discussion: Fault detection and handling is usually not an issue for single-machine systems, but is a major problem in cloud services. This finding is consistent with previous studies about open-source cloud systems <ref type="bibr" target="#b13">[14]</ref>. The predominance of fault-related problems confirms our expectation that these bugs only show up in scale and are not likely to be exposed during in-house testing.</p><p>Moreover, recent research has looked at various aspects of fault/exception handling problems in distributed systems, including detecting empty error handlers and certain type of over reaction handlers <ref type="bibr" target="#b30">[32]</ref>, dealing with gray component failures <ref type="bibr" target="#b16">[17,</ref><ref type="bibr" target="#b15">16]</ref>, detecting fault-related timing bugs <ref type="bibr" target="#b22">[23]</ref>, fault injection testing <ref type="bibr" target="#b2">[3]</ref>, and others. Our study indicates that even with intensive faultinjection testing inside Microsoft (Section 5), fault related bugs are still common, and hence call for more research to help detect and handle faults.</p></div>
<div xmlns="http://www.tei-c.org/ns/1.0"><head n="3.3">Timing incidents</head><p>Overall, there are 13 % timing incidents in our study set. Among all timing incidents in our study, 72 % incidents are non-deadlock issue and 14 % incidents are deadlock issue. In the remaining 14 % incidents, we only know they are caused by a race condition without any detailed information.</p><p>There are two main differences between non-deadlock timing bugs in our study from those in traditional concurrent systems <ref type="bibr" target="#b24">[25]</ref>.</p><p>First, half of these bugs are about race conditions between multiple nodes rather than multiple threads in traditional bugs. Even when a race is among multiple threads, at least one of the threads is an event/message handling thread that is serving the request from a different node like the message-timing bugs discussed in previous empirical studies <ref type="bibr" target="#b19">[20]</ref>.</p><p>Second, half of these bugs are racing on persistent data like cached firewall rules, configuration entries, znodes in Zookeeper, database data, and others, instead of shared memory variables that traditional timing bugs race on. For example, in one case, two system processes read and write the same entry in the machine's configuration file. Races between these two processes' reads and writes led to repeated machine restarts.</p><p>Discussion: Timing bugs continue to be a threat to system availability in the cloud. Traditional timing-bug detection techniques need to be adapted to tackle races on persistent data and races between different nodes.</p></div>
<div xmlns="http://www.tei-c.org/ns/1.0"><head n="3.4">Constant-value setting incidents</head><p>These incidents are caused by an incorrect setting, including typos, of constant variables in the software. They contribute to 7 % of all software bug incidents.</p><p>These constant variables include hard-coded configurations, special-purpose strings like URLs, and enumtyped values. For example, cloud software often contains state machines for every node, every job, and so on. The variable that represents the current state of a state machine often has enum type. In some cases, an incorrect constant value of the state variable causes the execution to enter incorrect code path.</p><p>Discussion: Comparing with generic and arbitrary typos and semantic bugs, these constant-setting bugs might be easier to automatically discover and fix: some of these bugs are essentially misconfiguration problems; some of these bugs are very easy to fix as there are very few choices for the constant values (considering an enum-typed value).</p></div>
<div xmlns="http://www.tei-c.org/ns/1.0"><head n="3.5">Other software bugs</head><p>There are about one quarter of the bugs that do not belong to the above four categories. They include 7 resource leak bugs and then 24 miscellaneous semantic bugs. These 7 resource leak incidents include two out-ofmemory incidents, four Virtual Machine resource leaks,  and one lock leak. Different from that in traditional software systems, memory bugs, other than memory leaks, did not appear at all in our study.</p></div>
<div xmlns="http://www.tei-c.org/ns/1.0"><head n="4">HOW WERE THEY RESOLVED?</head><p>Facing tight time pressure, more often than not, softwarebug incidents were resolved through a variety of mitigation techniques (56%) without patching the buggy code (44%), providing quick solutions to users and maximizing service availability. Note that, it is possible that an incident first got resolved by a mitigation technique and later led to a software patch that was not tracked by the incident report. Q1. What are the common strategies for mitigating software-bug incidents?</p><p>We categorize all mitigation techniques into three categories: code mitigation, data mitigation, and runningenvironment mitigation. As shown in <ref type="figure" target="#fig_0">Figure 1</ref>, these three strategies are all widely used, with environment mitigation the most common in our study.</p><p>Code mitigation mainly involves rolling back the software to an older version, or disabling certain code snippets such as an unnecessary/outdated sanity check that failed users' requests and caused severe incidents.</p><p>Data mitigation involves manually restoring, cleaning up, or deleting data in a file, a cloud table, etc.</p><p>Running-environment mitigation cleans up dynamic environment through killing/restarting processes, migrating workloads, adding fail-over resources, etc.</p><p>Q2. Are different types of bugs resolved differently? <ref type="figure">Figure 2</ref> shows how incidents with different root causes are resolved. As we can see, different types of bugs are indeed resolved differently. Constant-value bugs, and data-related bug incidents are mainly resolved by software patches. On the other hand, environment mitigation is widely used to resolve fault-related bugs, and timing bugs, probably due to the transient nature of many of these incidents and the complexity of handling faults and timing correctly in software.  Q3. Do different types of incidents take different amount of time to get resolved? <ref type="figure">Figure 3</ref> compares the normalized resolving time among incidents caused by different types of software bugs, with the median resolving time among all software-bug incidents as "1". As we can see, although the resolving time varies a lot from incident to incident, there is no significant difference among incidents caused by different types of software bugs.</p><p>Discussion: Much recent work looked at how to automatically generate new patches. In comparison, automatically generating mitigation steps has not been well studied and worth more attention in the future.</p></div>
<div xmlns="http://www.tei-c.org/ns/1.0"><head n="5">PAST AND FUTURE</head><p>Many tools have been proposed to detect software bugs, and much focus has been put to avoid bugs during software development. We believe these efforts are reflected in and have influenced the software bug characteristics that we have seen in earlier sections.</p><p>The low rate of some bugs is probably related to the tools or languages that are currently used. For example, most of Microsoft Azure is written in .Net managed languages such as C#, and in C/C++, with most C/C++ code inside well-tested legacy components. This is likely the reason that we have seen few memory leak problems and other types of memory problems in our study. Tools like CHESS <ref type="bibr" target="#b26">[27]</ref> and PCT <ref type="bibr" target="#b8">[9]</ref> are used to expose share-memory concurrency bugs, which contribute to the relatively low rate of those bugs in our study. TLA+ <ref type="bibr" target="#b17">[18,</ref><ref type="bibr" target="#b28">30]</ref> is used to model concurrent and distributed system protocols that allow developers to eliminate high level design/semantic bugs.</p><p>At the same time, some types of bugs exist despite the tools and testing already used in house. For example, many Azure services are built on top of Service Fabric <ref type="bibr" target="#b1">[2]</ref>, which provides Fault Analysis Service <ref type="bibr" target="#b0">[1]</ref> that supports various types of fault injections, such as node restart, data migration, random faults, during testing. Although this has been effective in catching fault related problems, the large ratio of fault related bugs indicates that more research is needed.</p><p>There are also bugs that have not been tackled by existing tools and deserve future research attention. These include data-format bugs, distributed concurrency bugs on persistent data, and constant-value bugs.</p><p>As discussed earlier, much recent research has looked at how to automatically generate patches, a very challenging problem. Our study indicates a likely easier but as important, if not more, direction -how to automatically generate mitigation schemes.</p></div>
<div xmlns="http://www.tei-c.org/ns/1.0"><head n="6">RELATED WORK</head><p>Given space constraints, we discuss below a few closely related studies on cloud/internet service failures.</p><p>A recent paper <ref type="bibr" target="#b14">[15]</ref> studied headline news and public post-mortem reports of 597 unplanned outages in 32 different production-run cloud services within a 7 year span. The different data sources led to different focuses and findings in our study and that work. Particularly, accordingly to that study, most (76%) public reports do not discuss details about how outages were resolved, and many (60%) do not explain outage root causes. Consequently, that study focused on outage duration and coarse-granularity cause breakdowns (e.g., upgrade problems versus load problems and so on). Regarding software bugs, it focuses on providing examples of interesting bugs and fixes, yet it cannot and did not answer questions like how common are different types of bugs and resolving strategies.</p><p>Yuan et. al. <ref type="bibr" target="#b30">[32]</ref> studied 198 user reported failures in 5 open source cloud systems (Cassandra, HBase, etc.). That study intentionally did not look at the root-cause bug types and instead focused on how errors propagate and eventually manifest as failures. Consequently, their study and ours are orthogonal.</p><p>Gunawi et. al. <ref type="bibr" target="#b13">[14]</ref> studied 3000 issues in the issue system of open source cloud systems, coming from developers' code review, in-house testing, and users' reports (2011 -2014). They could not check which issues actually caused production incidents and how they were resolved during production (all issues ended up with code patches). Their study found relatively more hardware issues (13%); among software issues, they found less fault-related bugs, although still common (18%), more miscellaneous logic bugs, and did not report data format issues, persistent data timing issues, constant-value issues, and so on. The different observations are likely due to different data sources and study methodology.</p><p>There was a study about internet service incidents 15 years ago <ref type="bibr" target="#b27">[28]</ref>. Since the authors did not have access to detailed bug reports, their study about incident root causes also stayed at coarse granularity -operator versus hardware versus software. They did not have data about how incidents were resolved during production.</p></div>
<div xmlns="http://www.tei-c.org/ns/1.0"><head n="7">CONCLUSION</head><p>This paper presented an in-depth study about root causes and resolving strategies of incidents caused by software bugs in production-run cloud services. We hope findings in our study can provide a guidance for future academic and industrial efforts in this field.</p></div><figure xmlns="http://www.tei-c.org/ns/1.0" xml:id="fig_0"><head>Figure 1 :</head><label>1</label><figDesc>Incident resolve strategy</figDesc></figure>
<figure xmlns="http://www.tei-c.org/ns/1.0" xml:id="fig_1"><head>Figure 2 :Figure 3 :</head><label>23</label><figDesc>Resolve strategy in each root cause Data-format Fault-related Timing Constant-value Others Resolving time for incidents caused by different types of bugs (Y-axis shows the normalized resolving time with the median resolving time of all software-bug incidents as 1; each box represents 25-75 percentile of each type)</figDesc></figure>
			<note xmlns="http://www.tei-c.org/ns/1.0" place="foot" n="1">Except for a few without clear root-cause description (Section 2).</note>
		</body>
		<back>

			<div type="acknowledgement">
<div xmlns="http://www.tei-c.org/ns/1.0"><head>ACKNOWLEDGMENTS</head><p>We would like to thank the anonymous reviewers for their insightful comments. This research is supported by <ref type="figure">( CCF-1837120, CNS-1764039, 1563956, 1514256</ref>, IIS-1546543) and generous support from Microsoft.</p></div>
			</div>

			<div type="references">

				<listBibl>

<biblStruct xml:id="b0">
	<monogr>
		<title level="m" type="main">Introduction to the fault analysis service</title>
		<ptr target="https://docs.microsoft.com/en-us/azure/service-fabric/service-fabric-testability-overview" />
		<imprint>
			<date type="published" when="2017" />
		</imprint>
	</monogr>
</biblStruct>

<biblStruct xml:id="b1">
	<monogr>
		<title level="m" type="main">Azure service fabric</title>
		<ptr target="https://azure.microsoft.com/en-us/services/service-fabric/" />
		<imprint>
			<date type="published" when="2019" />
		</imprint>
	</monogr>
</biblStruct>

<biblStruct xml:id="b2">
	<monogr>
		<author>
			<persName xmlns="http://www.tei-c.org/ns/1.0"><forename type="first">Aishwarya</forename><surname>Ramnatthan Alagappan</surname></persName>
		</author>
		<author>
			<persName xmlns="http://www.tei-c.org/ns/1.0"><forename type="first">Yuvraj</forename><surname>Ganesan</surname></persName>
		</author>
		<author>
			<persName xmlns="http://www.tei-c.org/ns/1.0"><forename type="first">Thanumalayan</forename><surname>Patel</surname></persName>
		</author>
		<author>
			<persName xmlns="http://www.tei-c.org/ns/1.0"><forename type="first">Andrea</forename><forename type="middle">C</forename><surname>Sankaranarayana Pillai</surname></persName>
		</author>
		<author>
			<persName xmlns="http://www.tei-c.org/ns/1.0"><forename type="first">Remzi H Arpaci-Dusseau</forename><surname>Arpaci-Dusseau</surname></persName>
		</author>
		<title level="m">Correlated crash vulnerabilities. In OSDI</title>
		<imprint>
			<date type="published" when="2016" />
		</imprint>
	</monogr>
</biblStruct>

<biblStruct xml:id="b3">
	<analytic>
		<title level="a" type="main">Restler: Stateful rest api fuzzing</title>
		<author>
			<persName xmlns="http://www.tei-c.org/ns/1.0"><forename type="first">Vaggelis</forename><surname>Atlidakis</surname></persName>
		</author>
		<author>
			<persName xmlns="http://www.tei-c.org/ns/1.0"><forename type="first">Patrice</forename><surname>Godefroid</surname></persName>
		</author>
		<author>
			<persName xmlns="http://www.tei-c.org/ns/1.0"><forename type="first">Marina</forename><surname>Polishchuk</surname></persName>
		</author>
	</analytic>
	<monogr>
		<title level="m">ICSE</title>
		<imprint>
			<date type="published" when="2019" />
		</imprint>
	</monogr>
</biblStruct>

<biblStruct xml:id="b4">
	<analytic>
		<title level="a" type="main">A general approach to network configuration verification</title>
		<author>
			<persName xmlns="http://www.tei-c.org/ns/1.0"><forename type="first">Ryan</forename><surname>Beckett</surname></persName>
		</author>
		<author>
			<persName xmlns="http://www.tei-c.org/ns/1.0"><forename type="first">Aarti</forename><surname>Gupta</surname></persName>
		</author>
		<author>
			<persName xmlns="http://www.tei-c.org/ns/1.0"><forename type="first">Ratul</forename><surname>Mahajan</surname></persName>
		</author>
		<author>
			<persName xmlns="http://www.tei-c.org/ns/1.0"><forename type="first">David</forename><surname>Walker</surname></persName>
		</author>
	</analytic>
	<monogr>
		<title level="m">ACM SIGCOMM</title>
		<imprint>
			<date type="published" when="2017" />
		</imprint>
	</monogr>
</biblStruct>

<biblStruct xml:id="b5">
	<analytic>
		<title level="a" type="main">Checking cloud contracts in microsoft azure</title>
		<author>
			<persName xmlns="http://www.tei-c.org/ns/1.0"><forename type="first">Nikolaj</forename><surname>Bjørner</surname></persName>
		</author>
		<author>
			<persName xmlns="http://www.tei-c.org/ns/1.0"><forename type="first">Karthick</forename><surname>Jayaraman</surname></persName>
		</author>
	</analytic>
	<monogr>
		<title level="m">International Conference on Distributed Computing and Internet Technology</title>
		<imprint>
			<date type="published" when="2015" />
		</imprint>
	</monogr>
</biblStruct>

<biblStruct xml:id="b6">
	<analytic>
		<title level="a" type="main">Billions and billions of constraints: Whitebox fuzz testing in production</title>
		<author>
			<persName xmlns="http://www.tei-c.org/ns/1.0"><forename type="first">Ella</forename><surname>Bounimova</surname></persName>
		</author>
		<author>
			<persName xmlns="http://www.tei-c.org/ns/1.0"><forename type="first">Patrice</forename><surname>Godefroid</surname></persName>
		</author>
		<author>
			<persName xmlns="http://www.tei-c.org/ns/1.0"><forename type="first">David</forename><surname>Molnar</surname></persName>
		</author>
	</analytic>
	<monogr>
		<title level="m">ICSE</title>
		<imprint>
			<date type="published" when="2013" />
		</imprint>
	</monogr>
</biblStruct>

<biblStruct xml:id="b7">
	<analytic>
		<title level="a" type="main">Serializability for eventual consistency: criterion, analysis, and applications</title>
		<author>
			<persName xmlns="http://www.tei-c.org/ns/1.0"><forename type="first">Lucas</forename><surname>Brutschy</surname></persName>
		</author>
		<author>
			<persName xmlns="http://www.tei-c.org/ns/1.0"><forename type="first">Dimitar</forename><surname>Dimitrov</surname></persName>
		</author>
		<author>
			<persName xmlns="http://www.tei-c.org/ns/1.0"><forename type="first">Peter</forename><surname>Müller</surname></persName>
		</author>
		<author>
			<persName xmlns="http://www.tei-c.org/ns/1.0"><forename type="first">Martin</forename><forename type="middle">T</forename><surname>Vechev</surname></persName>
		</author>
	</analytic>
	<monogr>
		<title level="m">Proceedings of the 44th ACM SIGPLAN Symposium on Principles of Programming Languages</title>
		<meeting>the 44th ACM SIGPLAN Symposium on Principles of Programming Languages</meeting>
		<imprint>
			<date type="published" when="2017" />
		</imprint>
	</monogr>
</biblStruct>

<biblStruct xml:id="b8">
	<analytic>
		<title level="a" type="main">A randomized scheduler with probabilistic guarantees of finding bugs</title>
		<author>
			<persName xmlns="http://www.tei-c.org/ns/1.0"><forename type="first">Sebastian</forename><surname>Burckhardt</surname></persName>
		</author>
		<author>
			<persName xmlns="http://www.tei-c.org/ns/1.0"><forename type="first">Pravesh</forename><surname>Kothari</surname></persName>
		</author>
		<author>
			<persName xmlns="http://www.tei-c.org/ns/1.0"><forename type="first">Madanlal</forename><surname>Musuvathi</surname></persName>
		</author>
		<author>
			<persName xmlns="http://www.tei-c.org/ns/1.0"><forename type="first">Santosh</forename><surname>Nagarakatte</surname></persName>
		</author>
	</analytic>
	<monogr>
		<title level="m">Proceedings of the Fifteenth Edition of ASPLOS on Architectural Support for Programming Languages and Operating Systems, ASPLOS XV</title>
		<meeting>the Fifteenth Edition of ASPLOS on Architectural Support for Programming Languages and Operating Systems, ASPLOS XV<address><addrLine>New York, NY, USA</addrLine></address></meeting>
		<imprint>
			<publisher>ACM</publisher>
			<date type="published" when="2010" />
			<biblScope unit="page" from="167" to="178" />
		</imprint>
	</monogr>
</biblStruct>

<biblStruct xml:id="b9">
	<analytic>
		<title level="a" type="main">An empirical study of operating system errors</title>
		<author>
			<persName xmlns="http://www.tei-c.org/ns/1.0"><forename type="first">Andy</forename><surname>Chou</surname></persName>
		</author>
		<author>
			<persName xmlns="http://www.tei-c.org/ns/1.0"><forename type="first">Junfeng</forename><surname>Yang</surname></persName>
		</author>
		<author>
			<persName xmlns="http://www.tei-c.org/ns/1.0"><forename type="first">Benjamin</forename><surname>Chelf</surname></persName>
		</author>
		<author>
			<persName xmlns="http://www.tei-c.org/ns/1.0"><forename type="first">Seth</forename><surname>Hallem</surname></persName>
		</author>
		<author>
			<persName xmlns="http://www.tei-c.org/ns/1.0"><forename type="first">Dawson</forename><forename type="middle">R</forename><surname>Engler</surname></persName>
		</author>
	</analytic>
	<monogr>
		<title level="m">Proceedings of the 18th ACM Symposium on Operating System Principles (SOSP)</title>
		<meeting>the 18th ACM Symposium on Operating System Principles (SOSP)</meeting>
		<imprint>
			<date type="published" when="2001" />
		</imprint>
	</monogr>
</biblStruct>

<biblStruct xml:id="b10">
	<monogr>
		<title level="m" type="main">Recent aws outage and how you could have avoided downtime</title>
		<author>
			<persName xmlns="http://www.tei-c.org/ns/1.0"><surname>Datapath</surname></persName>
		</author>
		<author>
			<persName xmlns="http://www.tei-c.org/ns/1.0"><surname>Io</surname></persName>
		</author>
		<ptr target="https://medium.com/@datapathio/recent-aws-outage-and-how-you-could-have-avoided-downtime-7d9d9443d776" />
		<imprint>
			<date type="published" when="2017" />
		</imprint>
	</monogr>
</biblStruct>

<biblStruct xml:id="b11">
	<analytic>
		<title level="a" type="main">Debugging in the (very) large: ten years of implementation and experience</title>
		<author>
			<persName xmlns="http://www.tei-c.org/ns/1.0"><forename type="first">Kirk</forename><surname>Glerum</surname></persName>
		</author>
		<author>
			<persName xmlns="http://www.tei-c.org/ns/1.0"><forename type="first">Kinshuman</forename><surname>Kinshumann</surname></persName>
		</author>
		<author>
			<persName xmlns="http://www.tei-c.org/ns/1.0"><forename type="first">Steve</forename><surname>Greenberg</surname></persName>
		</author>
		<author>
			<persName xmlns="http://www.tei-c.org/ns/1.0"><forename type="first">Gabriel</forename><surname>Aul</surname></persName>
		</author>
		<author>
			<persName xmlns="http://www.tei-c.org/ns/1.0"><forename type="first">Vince</forename><surname>Orgovan</surname></persName>
		</author>
		<author>
			<persName xmlns="http://www.tei-c.org/ns/1.0"><forename type="first">Greg</forename><surname>Nichols</surname></persName>
		</author>
		<author>
			<persName xmlns="http://www.tei-c.org/ns/1.0"><forename type="first">David</forename><surname>Grant</surname></persName>
		</author>
		<author>
			<persName xmlns="http://www.tei-c.org/ns/1.0"><forename type="first">Gretchen</forename><surname>Loihle</surname></persName>
		</author>
		<author>
			<persName xmlns="http://www.tei-c.org/ns/1.0"><forename type="first">Galen</forename><forename type="middle">C</forename><surname>Hunt</surname></persName>
		</author>
	</analytic>
	<monogr>
		<title level="m">Proceedings of the 22nd ACM Symposium on Operating Systems Principles</title>
		<meeting>the 22nd ACM Symposium on Operating Systems Principles<address><addrLine>Big Sky, Montana, USA</addrLine></address></meeting>
		<imprint>
			<date type="published" when="2009-10-11" />
		</imprint>
	</monogr>
</biblStruct>

<biblStruct xml:id="b12">
	<monogr>
		<title level="m" type="main">Why do computers stop and what can be done about it? Tandem</title>
		<author>
			<persName xmlns="http://www.tei-c.org/ns/1.0"><forename type="first">Jim</forename><surname>Gray</surname></persName>
		</author>
		<idno>85.7</idno>
		<imprint>
			<date type="published" when="1985" />
		</imprint>
	</monogr>
	<note type="report_type">Technical report</note>
</biblStruct>

<biblStruct xml:id="b13">
	<analytic>
		<title level="a" type="main">What bugs live in the cloud? a study of 3000+ issues in cloud systems</title>
		<author>
			<persName xmlns="http://www.tei-c.org/ns/1.0"><forename type="first">Mingzhe</forename><surname>Haryadi S Gunawi</surname></persName>
		</author>
		<author>
			<persName xmlns="http://www.tei-c.org/ns/1.0"><forename type="first">Tanakorn</forename><surname>Hao</surname></persName>
		</author>
		<author>
			<persName xmlns="http://www.tei-c.org/ns/1.0"><forename type="first">Tiratat</forename><surname>Leesatapornwongsa</surname></persName>
		</author>
		<author>
			<persName xmlns="http://www.tei-c.org/ns/1.0"><forename type="first">Thanh</forename><surname>Patana-Anake</surname></persName>
		</author>
		<author>
			<persName xmlns="http://www.tei-c.org/ns/1.0"><forename type="first">Jeffry</forename><surname>Do</surname></persName>
		</author>
		<author>
			<persName xmlns="http://www.tei-c.org/ns/1.0"><surname>Adityatama</surname></persName>
		</author>
		<author>
			<persName xmlns="http://www.tei-c.org/ns/1.0"><forename type="first">J</forename><surname>Kurnia</surname></persName>
		</author>
		<author>
			<persName xmlns="http://www.tei-c.org/ns/1.0"><forename type="first">Agung</forename><surname>Eliazar</surname></persName>
		</author>
		<author>
			<persName xmlns="http://www.tei-c.org/ns/1.0"><surname>Laksono</surname></persName>
		</author>
		<author>
			<persName xmlns="http://www.tei-c.org/ns/1.0"><forename type="first">Vincentius</forename><surname>Jeffrey F Lukman</surname></persName>
		</author>
		<author>
			<persName xmlns="http://www.tei-c.org/ns/1.0"><surname>Martin</surname></persName>
		</author>
	</analytic>
	<monogr>
		<title level="m">Proceedings of the ACM Symposium on Cloud Computing</title>
		<meeting>the ACM Symposium on Cloud Computing</meeting>
		<imprint>
			<publisher>ACM</publisher>
			<date type="published" when="2014" />
			<biblScope unit="page" from="1" to="14" />
		</imprint>
	</monogr>
</biblStruct>

<biblStruct xml:id="b14">
	<analytic>
		<title level="a" type="main">Why does the cloud stop computing?: Lessons from hundreds of service outages</title>
		<author>
			<persName xmlns="http://www.tei-c.org/ns/1.0"><forename type="first">S</forename><surname>Haryadi</surname></persName>
		</author>
		<author>
			<persName xmlns="http://www.tei-c.org/ns/1.0"><forename type="first">Mingzhe</forename><surname>Gunawi</surname></persName>
		</author>
		<author>
			<persName xmlns="http://www.tei-c.org/ns/1.0"><forename type="first">Riza</forename><forename type="middle">O</forename><surname>Hao</surname></persName>
		</author>
		<author>
			<persName xmlns="http://www.tei-c.org/ns/1.0"><forename type="first">Agung</forename><surname>Suminto</surname></persName>
		</author>
		<author>
			<persName xmlns="http://www.tei-c.org/ns/1.0"><forename type="first">Anang</forename><forename type="middle">D</forename><surname>Laksono</surname></persName>
		</author>
		<author>
			<persName xmlns="http://www.tei-c.org/ns/1.0"><forename type="first">Jeffry</forename><surname>Satria</surname></persName>
		</author>
		<author>
			<persName xmlns="http://www.tei-c.org/ns/1.0"><forename type="first">Kurnia</forename><forename type="middle">J</forename><surname>Adityatama</surname></persName>
		</author>
		<author>
			<persName xmlns="http://www.tei-c.org/ns/1.0"><surname>Eliazar</surname></persName>
		</author>
	</analytic>
	<monogr>
		<title level="m">Proceedings of the Seventh ACM Symposium on Cloud Computing, SoCC &apos;16</title>
		<meeting>the Seventh ACM Symposium on Cloud Computing, SoCC &apos;16<address><addrLine>New York, NY, USA</addrLine></address></meeting>
		<imprint>
			<publisher>ACM</publisher>
			<date type="published" when="2016" />
			<biblScope unit="page" from="1" to="16" />
		</imprint>
	</monogr>
</biblStruct>

<biblStruct xml:id="b15">
	<analytic>
		<title level="a" type="main">Capturing and enhancing in situ system observability for failure detection</title>
		<author>
			<persName xmlns="http://www.tei-c.org/ns/1.0"><forename type="first">Peng</forename><surname>Huang</surname></persName>
		</author>
		<author>
			<persName xmlns="http://www.tei-c.org/ns/1.0"><forename type="first">Chuanxiong</forename><surname>Guo</surname></persName>
		</author>
		<author>
			<persName xmlns="http://www.tei-c.org/ns/1.0"><forename type="first">Jacob</forename><forename type="middle">R</forename><surname>Lorch</surname></persName>
		</author>
		<author>
			<persName xmlns="http://www.tei-c.org/ns/1.0"><forename type="first">Lidong</forename><surname>Zhou</surname></persName>
		</author>
		<author>
			<persName xmlns="http://www.tei-c.org/ns/1.0"><forename type="first">Yingnong</forename><surname>Dang</surname></persName>
		</author>
	</analytic>
	<monogr>
		<title level="m">13th USENIX Symposium on Operating Systems Design and Implementation, OSDI &apos;18</title>
		<meeting><address><addrLine>Carlsbad, CA</addrLine></address></meeting>
		<imprint>
			<publisher>USENIX Association</publisher>
			<date type="published" when="2018-10" />
			<biblScope unit="page" from="1" to="16" />
		</imprint>
	</monogr>
</biblStruct>

<biblStruct xml:id="b16">
	<analytic>
		<title level="a" type="main">Gray failure: The achilles&apos; heel of cloud-scale systems</title>
		<author>
			<persName xmlns="http://www.tei-c.org/ns/1.0"><forename type="first">Peng</forename><surname>Huang</surname></persName>
		</author>
		<author>
			<persName xmlns="http://www.tei-c.org/ns/1.0"><forename type="first">Chuanxiong</forename><surname>Guo</surname></persName>
		</author>
		<author>
			<persName xmlns="http://www.tei-c.org/ns/1.0"><forename type="first">Lidong</forename><surname>Zhou</surname></persName>
		</author>
		<author>
			<persName xmlns="http://www.tei-c.org/ns/1.0"><forename type="first">Jacob</forename><forename type="middle">R</forename><surname>Lorch</surname></persName>
		</author>
		<author>
			<persName xmlns="http://www.tei-c.org/ns/1.0"><forename type="first">Yingnong</forename><surname>Dang</surname></persName>
		</author>
		<author>
			<persName xmlns="http://www.tei-c.org/ns/1.0"><forename type="first">Murali</forename><surname>Chintalapati</surname></persName>
		</author>
		<author>
			<persName xmlns="http://www.tei-c.org/ns/1.0"><forename type="first">Randolph</forename><surname>Yao</surname></persName>
		</author>
	</analytic>
	<monogr>
		<title level="m">Proceedings of the 16th Workshop on Hot Topics in Operating Systems</title>
		<meeting>the 16th Workshop on Hot Topics in Operating Systems</meeting>
		<imprint>
			<date type="published" when="2017" />
		</imprint>
	</monogr>
	<note>Ho-tOS</note>
</biblStruct>

<biblStruct xml:id="b17">
	<monogr>
		<title level="m" type="main">The tla+ home page</title>
		<author>
			<persName xmlns="http://www.tei-c.org/ns/1.0"><forename type="first">Leslie</forename><surname>Lamport</surname></persName>
		</author>
		<ptr target="http://lamport.azurewebsites.net/tla/tla.html" />
		<imprint>
			<date type="published" when="2018" />
		</imprint>
	</monogr>
</biblStruct>

<biblStruct xml:id="b18">
	<analytic>
		<title level="a" type="main">SAMC: semantic-aware model checking for fast discovery of deep bugs in cloud systems</title>
		<author>
			<persName xmlns="http://www.tei-c.org/ns/1.0"><forename type="first">Tanakorn</forename><surname>Leesatapornwongsa</surname></persName>
		</author>
		<author>
			<persName xmlns="http://www.tei-c.org/ns/1.0"><forename type="first">Mingzhe</forename><surname>Hao</surname></persName>
		</author>
		<author>
			<persName xmlns="http://www.tei-c.org/ns/1.0"><forename type="first">Pallavi</forename><surname>Joshi</surname></persName>
		</author>
		<author>
			<persName xmlns="http://www.tei-c.org/ns/1.0"><forename type="first">Jeffrey</forename><forename type="middle">F</forename><surname>Lukman</surname></persName>
		</author>
		<author>
			<persName xmlns="http://www.tei-c.org/ns/1.0"><forename type="first">Haryadi</forename><forename type="middle">S</forename><surname>Gunawi</surname></persName>
		</author>
	</analytic>
	<monogr>
		<title level="m">11th USENIX Symposium on Operating Systems Design and Implementation (OSDI)</title>
		<imprint>
			<date type="published" when="2014" />
		</imprint>
	</monogr>
</biblStruct>

<biblStruct xml:id="b19">
	<analytic>
		<title level="a" type="main">TaxDC: A taxonomy of non-deterministic concurrency bugs in datacenter distributed systems</title>
		<author>
			<persName xmlns="http://www.tei-c.org/ns/1.0"><forename type="first">Tanakorn</forename><surname>Leesatapornwongsa</surname></persName>
		</author>
		<author>
			<persName xmlns="http://www.tei-c.org/ns/1.0"><forename type="first">F</forename><surname>Jeffrey</surname></persName>
		</author>
		<author>
			<persName xmlns="http://www.tei-c.org/ns/1.0"><forename type="first">Shan</forename><surname>Lukman</surname></persName>
		</author>
		<author>
			<persName xmlns="http://www.tei-c.org/ns/1.0"><forename type="first">Haryadi S</forename><surname>Lu</surname></persName>
		</author>
		<author>
			<persName xmlns="http://www.tei-c.org/ns/1.0"><surname>Gunawi</surname></persName>
		</author>
	</analytic>
	<monogr>
		<title level="m">ASPLOS</title>
		<imprint>
			<date type="published" when="2016" />
		</imprint>
	</monogr>
</biblStruct>

<biblStruct xml:id="b20">
	<analytic>
		<title level="a" type="main">Scalability bugs: When 100-node testing is not enough</title>
		<author>
			<persName xmlns="http://www.tei-c.org/ns/1.0"><forename type="first">Tanakorn</forename><surname>Leesatapornwongsa</surname></persName>
		</author>
		<author>
			<persName xmlns="http://www.tei-c.org/ns/1.0"><forename type="first">Cesar</forename><forename type="middle">A</forename><surname>Stuardo</surname></persName>
		</author>
		<author>
			<persName xmlns="http://www.tei-c.org/ns/1.0"><forename type="first">Riza</forename><forename type="middle">O</forename><surname>Suminto</surname></persName>
		</author>
		<author>
			<persName xmlns="http://www.tei-c.org/ns/1.0"><forename type="first">Huan</forename><surname>Ke</surname></persName>
		</author>
		<author>
			<persName xmlns="http://www.tei-c.org/ns/1.0"><forename type="first">Jeffrey</forename><forename type="middle">F</forename><surname>Lukman</surname></persName>
		</author>
		<author>
			<persName xmlns="http://www.tei-c.org/ns/1.0"><forename type="first">Haryadi</forename><forename type="middle">S</forename><surname>Gunawi</surname></persName>
		</author>
	</analytic>
	<monogr>
		<title level="m">Proceedings of the 16th Workshop on Hot Topics in Operating Systems (HotOS)</title>
		<meeting>the 16th Workshop on Hot Topics in Operating Systems (HotOS)</meeting>
		<imprint>
			<date type="published" when="2017" />
		</imprint>
	</monogr>
</biblStruct>

<biblStruct xml:id="b21">
	<analytic>
		<title level="a" type="main">DCatch: Automatically detecting distributed concurrency bugs in cloud systems</title>
		<author>
			<persName xmlns="http://www.tei-c.org/ns/1.0"><forename type="first">Haopeng</forename><surname>Liu</surname></persName>
		</author>
		<author>
			<persName xmlns="http://www.tei-c.org/ns/1.0"><forename type="first">Guangpu</forename><surname>Li</surname></persName>
		</author>
		<author>
			<persName xmlns="http://www.tei-c.org/ns/1.0"><forename type="first">Jiaxin</forename><surname>Jeffrey F Lukman</surname></persName>
		</author>
		<author>
			<persName xmlns="http://www.tei-c.org/ns/1.0"><forename type="first">Shan</forename><surname>Li</surname></persName>
		</author>
		<author>
			<persName xmlns="http://www.tei-c.org/ns/1.0"><surname>Lu</surname></persName>
		</author>
		<author>
			<persName xmlns="http://www.tei-c.org/ns/1.0"><forename type="first">S</forename><surname>Haryadi</surname></persName>
		</author>
		<author>
			<persName xmlns="http://www.tei-c.org/ns/1.0"><forename type="first">Chen</forename><surname>Gunawi</surname></persName>
		</author>
		<author>
			<persName xmlns="http://www.tei-c.org/ns/1.0"><surname>Tian</surname></persName>
		</author>
	</analytic>
	<monogr>
		<title level="m">ASPLOS</title>
		<imprint>
			<date type="published" when="2017" />
		</imprint>
	</monogr>
</biblStruct>

<biblStruct xml:id="b22">
	<analytic>
		<title level="a" type="main">Fcatch: Automatically detecting time-of-fault bugs in cloud systems</title>
		<author>
			<persName xmlns="http://www.tei-c.org/ns/1.0"><forename type="first">Haopeng</forename><surname>Liu</surname></persName>
		</author>
		<author>
			<persName xmlns="http://www.tei-c.org/ns/1.0"><forename type="first">Xu</forename><surname>Wang</surname></persName>
		</author>
		<author>
			<persName xmlns="http://www.tei-c.org/ns/1.0"><forename type="first">Guangpu</forename><surname>Li</surname></persName>
		</author>
		<author>
			<persName xmlns="http://www.tei-c.org/ns/1.0"><forename type="first">Shan</forename><surname>Lu</surname></persName>
		</author>
		<author>
			<persName xmlns="http://www.tei-c.org/ns/1.0"><forename type="first">Feng</forename><surname>Ye</surname></persName>
		</author>
		<author>
			<persName xmlns="http://www.tei-c.org/ns/1.0"><forename type="first">Chen</forename><surname>Tian</surname></persName>
		</author>
	</analytic>
	<monogr>
		<title level="m">Proceedings of the Twenty-Third International Conference on Architectural Support for Programming Languages and Operating Systems</title>
		<meeting>the Twenty-Third International Conference on Architectural Support for Programming Languages and Operating Systems</meeting>
		<imprint>
			<publisher>ACM</publisher>
			<date type="published" when="2018" />
			<biblScope unit="page" from="419" to="431" />
		</imprint>
	</monogr>
</biblStruct>

<biblStruct xml:id="b23">
	<analytic>
		<title level="a" type="main">A study of linux file system evolution</title>
		<author>
			<persName xmlns="http://www.tei-c.org/ns/1.0"><forename type="first">Lanyue</forename><surname>Lu</surname></persName>
		</author>
		<author>
			<persName xmlns="http://www.tei-c.org/ns/1.0"><forename type="first">Andrea</forename><forename type="middle">C</forename><surname>Arpaci-Dusseau</surname></persName>
		</author>
		<author>
			<persName xmlns="http://www.tei-c.org/ns/1.0"><forename type="first">H</forename><surname>Remzi</surname></persName>
		</author>
		<author>
			<persName xmlns="http://www.tei-c.org/ns/1.0"><forename type="first">Shan</forename><surname>Arpaci-Dusseau</surname></persName>
		</author>
		<author>
			<persName xmlns="http://www.tei-c.org/ns/1.0"><surname>Lu</surname></persName>
		</author>
	</analytic>
	<monogr>
		<title level="m">Proceedings of the 11th USENIX Conference on File and Storage Technologies (FAST)</title>
		<meeting>the 11th USENIX Conference on File and Storage Technologies (FAST)</meeting>
		<imprint>
			<date type="published" when="2013" />
		</imprint>
	</monogr>
</biblStruct>

<biblStruct xml:id="b24">
	<analytic>
		<title level="a" type="main">Learning from mistakes: A comprehensive study on real world concurrency bug characteristics</title>
		<author>
			<persName xmlns="http://www.tei-c.org/ns/1.0"><forename type="first">Shan</forename><surname>Lu</surname></persName>
		</author>
		<author>
			<persName xmlns="http://www.tei-c.org/ns/1.0"><forename type="first">Soyeon</forename><surname>Park</surname></persName>
		</author>
		<author>
			<persName xmlns="http://www.tei-c.org/ns/1.0"><forename type="first">Eunsoo</forename><surname>Seo</surname></persName>
		</author>
		<author>
			<persName xmlns="http://www.tei-c.org/ns/1.0"><forename type="first">Yuanyuan</forename><surname>Zhou</surname></persName>
		</author>
	</analytic>
	<monogr>
		<title level="m">Proceedings of the 13th International Conference on Architectural Support for Programming Languages and Operating Systems (ASPLOS)</title>
		<meeting>the 13th International Conference on Architectural Support for Programming Languages and Operating Systems (ASPLOS)</meeting>
		<imprint>
			<date type="published" when="2008" />
		</imprint>
	</monogr>
</biblStruct>

<biblStruct xml:id="b25">
	<monogr>
		<title level="m" type="main">Businesses losing $700 billion a year to it downtime, says ihs</title>
		<author>
			<persName xmlns="http://www.tei-c.org/ns/1.0"><surname>Ihs Markit</surname></persName>
		</author>
		<ptr target="http://news.ihsmarkit.com/press-release/technology/businesses-losing-700-billion-year-it-downtime-says-ihs" />
		<imprint>
			<date type="published" when="2016" />
		</imprint>
	</monogr>
</biblStruct>

<biblStruct xml:id="b26">
	<analytic>
		<title level="a" type="main">Piramanayagam Arumuga Nainar, and Iulian Neamtiu. Finding and reproducing heisenbugs in concurrent programs</title>
		<author>
			<persName xmlns="http://www.tei-c.org/ns/1.0"><forename type="first">Madanlal</forename><surname>Musuvathi</surname></persName>
		</author>
		<author>
			<persName xmlns="http://www.tei-c.org/ns/1.0"><forename type="first">Shaz</forename><surname>Qadeer</surname></persName>
		</author>
		<author>
			<persName xmlns="http://www.tei-c.org/ns/1.0"><forename type="first">Thomas</forename><surname>Ball</surname></persName>
		</author>
		<author>
			<persName xmlns="http://www.tei-c.org/ns/1.0"><forename type="first">Gerard</forename><surname>Basler</surname></persName>
		</author>
	</analytic>
	<monogr>
		<title level="m">Proceedings of the 8th USENIX Conference on Operating Systems Design and Implementation, OSDI&apos;08</title>
		<meeting>the 8th USENIX Conference on Operating Systems Design and Implementation, OSDI&apos;08<address><addrLine>Berkeley, CA, USA</addrLine></address></meeting>
		<imprint>
			<publisher>USENIX Association</publisher>
			<date type="published" when="2008" />
			<biblScope unit="page" from="267" to="280" />
		</imprint>
	</monogr>
</biblStruct>

<biblStruct xml:id="b27">
	<analytic>
		<title level="a" type="main">Why do internet services fail, and what can be done about it</title>
		<author>
			<persName xmlns="http://www.tei-c.org/ns/1.0"><forename type="first">David</forename><surname>Oppenheimer</surname></persName>
		</author>
		<author>
			<persName xmlns="http://www.tei-c.org/ns/1.0"><forename type="first">Archana</forename><surname>Ganapathi</surname></persName>
		</author>
		<author>
			<persName xmlns="http://www.tei-c.org/ns/1.0"><forename type="first">David</forename><forename type="middle">A</forename><surname>Patterson ; Nicolas Palix</surname></persName>
		</author>
		<author>
			<persName xmlns="http://www.tei-c.org/ns/1.0"><forename type="first">Gaël</forename><surname>Thomas</surname></persName>
		</author>
		<author>
			<persName xmlns="http://www.tei-c.org/ns/1.0"><forename type="first">Suman</forename><surname>Saha</surname></persName>
		</author>
		<author>
			<persName xmlns="http://www.tei-c.org/ns/1.0"><forename type="first">Christophe</forename><surname>Calvès</surname></persName>
		</author>
		<author>
			<persName xmlns="http://www.tei-c.org/ns/1.0"><forename type="first">Julia</forename><surname>Lawall</surname></persName>
		</author>
		<author>
			<persName xmlns="http://www.tei-c.org/ns/1.0"><forename type="first">Gilles</forename><surname>Muller</surname></persName>
		</author>
	</analytic>
	<monogr>
		<title level="m">ASPLOS</title>
		<imprint>
			<date type="published" when="2003" />
		</imprint>
	</monogr>
	<note>USITS</note>
</biblStruct>

<biblStruct xml:id="b28">
	<monogr>
		<title level="m" type="main">Leslie lamport: The specification language tla+</title>
		<author>
			<persName xmlns="http://www.tei-c.org/ns/1.0"><surname>Tla Whence</surname></persName>
		</author>
		<imprint/>
	</monogr>
</biblStruct>

<biblStruct xml:id="b29">
	<analytic>
		<title level="a" type="main">Do not blame users for misconfigurations</title>
		<author>
			<persName xmlns="http://www.tei-c.org/ns/1.0"><forename type="first">Tianyin</forename><surname>Xu</surname></persName>
		</author>
		<author>
			<persName xmlns="http://www.tei-c.org/ns/1.0"><forename type="first">Jiaqi</forename><surname>Zhang</surname></persName>
		</author>
		<author>
			<persName xmlns="http://www.tei-c.org/ns/1.0"><forename type="first">Peng</forename><surname>Huang</surname></persName>
		</author>
		<author>
			<persName xmlns="http://www.tei-c.org/ns/1.0"><forename type="first">Jing</forename><surname>Zheng</surname></persName>
		</author>
		<author>
			<persName xmlns="http://www.tei-c.org/ns/1.0"><forename type="first">Tianwei</forename><surname>Sheng</surname></persName>
		</author>
		<author>
			<persName xmlns="http://www.tei-c.org/ns/1.0"><forename type="first">Ding</forename><surname>Yuan</surname></persName>
		</author>
		<author>
			<persName xmlns="http://www.tei-c.org/ns/1.0"><forename type="first">Yuanyuan</forename><surname>Zhou</surname></persName>
		</author>
		<author>
			<persName xmlns="http://www.tei-c.org/ns/1.0"><forename type="first">Shankar</forename><surname>Pasupathy</surname></persName>
		</author>
	</analytic>
	<monogr>
		<title level="m">SOSP</title>
		<imprint>
			<date type="published" when="2013" />
		</imprint>
	</monogr>
</biblStruct>

<biblStruct xml:id="b30">
	<analytic>
		<title level="a" type="main">Simple testing can prevent most critical failures: An analysis of production failures in distributed data-intensive systems</title>
		<author>
			<persName xmlns="http://www.tei-c.org/ns/1.0"><forename type="first">Ding</forename><surname>Yuan</surname></persName>
		</author>
		<author>
			<persName xmlns="http://www.tei-c.org/ns/1.0"><forename type="first">Yu</forename><surname>Luo</surname></persName>
		</author>
		<author>
			<persName xmlns="http://www.tei-c.org/ns/1.0"><forename type="first">Xin</forename><surname>Zhuang</surname></persName>
		</author>
		<author>
			<persName xmlns="http://www.tei-c.org/ns/1.0"><forename type="first">Guilherme</forename><forename type="middle">Renna</forename><surname>Rodrigues</surname></persName>
		</author>
		<author>
			<persName xmlns="http://www.tei-c.org/ns/1.0"><forename type="first">Xu</forename><surname>Zhao</surname></persName>
		</author>
		<author>
			<persName xmlns="http://www.tei-c.org/ns/1.0"><forename type="first">Yongle</forename><surname>Zhang</surname></persName>
		</author>
		<author>
			<persName xmlns="http://www.tei-c.org/ns/1.0"><forename type="first">Pranay</forename><surname>Jain</surname></persName>
		</author>
		<author>
			<persName xmlns="http://www.tei-c.org/ns/1.0"><forename type="first">Michael</forename><surname>Stumm</surname></persName>
		</author>
	</analytic>
	<monogr>
		<title level="m">11th USENIX Symposium on Operating Systems Design and Implementation (OSDI)</title>
		<imprint>
			<date type="published" when="2014" />
		</imprint>
	</monogr>
</biblStruct>

<biblStruct xml:id="b31">
	<analytic>
		<title level="a" type="main">Pensieve: Non-intrusive failure reproduction for distributed systems using the event chaining approach</title>
		<author>
			<persName xmlns="http://www.tei-c.org/ns/1.0"><forename type="first">Yongle</forename><surname>Zhang</surname></persName>
		</author>
		<author>
			<persName xmlns="http://www.tei-c.org/ns/1.0"><forename type="first">Serguei</forename><surname>Makarov</surname></persName>
		</author>
		<author>
			<persName xmlns="http://www.tei-c.org/ns/1.0"><forename type="first">Xiang</forename><surname>Ren</surname></persName>
		</author>
		<author>
			<persName xmlns="http://www.tei-c.org/ns/1.0"><forename type="first">David</forename><surname>Lion</surname></persName>
		</author>
		<author>
			<persName xmlns="http://www.tei-c.org/ns/1.0"><forename type="first">Ding</forename><surname>Yuan</surname></persName>
		</author>
	</analytic>
	<monogr>
		<title level="m">Proceedings of the 26th Symposium on Operating Systems Principles (SOSP)</title>
		<meeting>the 26th Symposium on Operating Systems Principles (SOSP)</meeting>
		<imprint>
			<date type="published" when="2017" />
		</imprint>
	</monogr>
</biblStruct>

				</listBibl>
			</div>
		</back>
	</text>
</TEI>
