<?xml version="1.0" encoding="UTF-8"?>
<TEI xml:space="preserve" xmlns="http://www.tei-c.org/ns/1.0" 
xmlns:xsi="http://www.w3.org/2001/XMLSchema-instance" 
xsi:schemaLocation="http://www.tei-c.org/ns/1.0 /Users/cindy/tmp/grobid-0.6.1/grobid-home/schemas/xsd/Grobid.xsd"
 xmlns:xlink="http://www.w3.org/1999/xlink">
	<teiHeader xml:lang="en">
		<fileDesc>
			<titleStmt>
				<title level="a" type="main">R-FCN: Object Detection via Region-based Fully Convolutional Networks</title>
			</titleStmt>
			<publicationStmt>
				<publisher/>
				<availability status="unknown"><licence/></availability>
				<date type="published" when="2016-06-21">21 Jun 2016</date>
			</publicationStmt>
			<sourceDesc>
				<biblStruct>
					<analytic>
						<author>
							<persName xmlns="http://www.tei-c.org/ns/1.0"><forename type="first">Jifeng</forename><surname>Dai</surname></persName>
						</author>
						<author>
							<persName xmlns="http://www.tei-c.org/ns/1.0"><forename type="first">Yi</forename><surname>Li</surname></persName>
						</author>
						<author>
							<persName xmlns="http://www.tei-c.org/ns/1.0"><forename type="first">Kaiming</forename><surname>He</surname></persName>
						</author>
						<author>
							<persName xmlns="http://www.tei-c.org/ns/1.0"><forename type="first">Jian</forename><surname>Sun</surname></persName>
						</author>
						<author>
							<affiliation key="aff0">
								<orgName type="institution">Microsoft Research</orgName>
							</affiliation>
						</author>
						<author>
							<affiliation key="aff1">
								<orgName type="institution">Tsinghua University</orgName>
							</affiliation>
						</author>
						<author>
							<affiliation key="aff2">
								<orgName type="institution">Microsoft Research</orgName>
							</affiliation>
						</author>
						<author>
							<affiliation key="aff3">
								<orgName type="institution">Microsoft Research</orgName>
							</affiliation>
						</author>
						<title level="a" type="main">R-FCN: Object Detection via Region-based Fully Convolutional Networks</title>
					</analytic>
					<monogr>
						<imprint>
							<date type="published" when="2016-06-21">21 Jun 2016</date>
						</imprint>
					</monogr>
					<idno type="arXiv">arXiv:1605.06409v2[cs.CV]</idno>
				</biblStruct>
			</sourceDesc>
		</fileDesc>
		<encodingDesc>
			<appInfo>
				<application version="0.6.1" ident="GROBID" when="2021-01-31T12:42+0000">
					<desc>GROBID - A machine learning software for extracting information from scholarly documents</desc>
					<ref target="https://github.com/kermitt2/grobid"/>
				</application>
			</appInfo>
		</encodingDesc>
		<profileDesc>
			<abstract>
				<p>We present region-based, fully convolutional networks for accurate and efficient object detection. In contrast to previous region-based detectors such as Fast/Faster R-CNN [6, 18] that apply a costly per-region subnetwork hundreds of times, our region-based detector is fully convolutional with almost all computation shared on the entire image. To achieve this goal, we propose position-sensitive score maps to address a dilemma between translation-invariance in image classification and translation-variance in object detection. Our method can thus naturally adopt fully convolutional image classifier backbones, such as the latest Residual Networks (ResNets) [9], for object detection. We show competitive results on the PASCAL VOC datasets (e.g., 83.6% mAP on the 2007 set) with the 101-layer ResNet. Meanwhile, our result is achieved at a test-time speed of 170ms per image, 2.5-20× faster than the Faster R-CNN counterpart. Code is made publicly available at: https://github.com/daijifeng001/r-fcn. * This work was done when Yi Li was an intern at Microsoft Research. 2 Only the last layer is fully-connected, which is removed and replaced when fine-tuning for object detection.</p>
			</abstract>
		</profileDesc>
	</teiHeader>
	<text xml:lang="en">
		<body>
<div xmlns="http://www.tei-c.org/ns/1.0"><head n="1">Introduction</head><p>A prevalent family <ref type="bibr" target="#b7">[8,</ref><ref type="bibr" target="#b5">6,</ref><ref type="bibr" target="#b17">18]</ref> of deep networks for object detection can be divided into two subnetworks by the Region-of-Interest (RoI) pooling layer <ref type="bibr" target="#b5">[6]</ref>: (i) a shared, "fully convolutional" subnetwork independent of RoIs, and (ii) an RoI-wise subnetwork that does not share computation. This decomposition <ref type="bibr" target="#b7">[8]</ref> was historically resulted from the pioneering classification architectures, such as AlexNet <ref type="bibr" target="#b9">[10]</ref> and VGG Nets <ref type="bibr" target="#b22">[23]</ref>, that consist of two subnetworks by design -a convolutional subnetwork ending with a spatial pooling layer, followed by several fully-connected (fc) layers. Thus the (last) spatial pooling layer in image classification networks is naturally turned into the RoI pooling layer in object detection networks <ref type="bibr" target="#b7">[8,</ref><ref type="bibr" target="#b5">6,</ref><ref type="bibr" target="#b17">18]</ref>.</p><p>But recent state-of-the-art image classification networks such as Residual Nets (ResNets) <ref type="bibr" target="#b8">[9]</ref> and GoogLeNets <ref type="bibr" target="#b23">[24,</ref><ref type="bibr" target="#b25">26]</ref> are by design fully convolutional 2 . By analogy, it appears natural to use all convolutional layers to construct the shared, convolutional subnetwork in the object detection architecture, leaving the RoI-wise subnetwork no hidden layer. However, as empirically investigated in this work, this naïve solution turns out to have considerably inferior detection accuracy that does not match the network's superior classification accuracy. To remedy this issue, in the ResNet paper <ref type="bibr" target="#b8">[9]</ref> the RoI pooling layer of the Faster R-CNN detector <ref type="bibr" target="#b17">[18]</ref> is unnaturally inserted between two sets of convolutional layers -this creates a deeper RoI-wise subnetwork that improves accuracy, at the cost of lower speed due to the unshared per-RoI computation.</p><p>We argue that the aforementioned unnatural design is caused by a dilemma of increasing translation invariance for image classification vs. respecting translation variance for object detection. On one hand, the image-level classification task favors translation invariance -shift of an object inside an image should be indiscriminative. Thus, deep (fully) convolutional architectures that are as translationinvariant as possible are preferable as evidenced by the leading results on ImageNet classification In this illustration, there are k × k = 3 × 3 position-sensitive score maps generated by a fully convolutional network. For each of the k × k bins in an RoI, pooling is only performed on one of the k 2 maps (marked by different colors). <ref type="table">Table 1</ref>: Methodologies of region-based detectors using ResNet-101 <ref type="bibr" target="#b8">[9]</ref>.</p><p>R-CNN <ref type="bibr" target="#b6">[7]</ref> Faster R-CNN <ref type="bibr" target="#b18">[19,</ref><ref type="bibr" target="#b8">9]</ref> R-FCN <ref type="bibr">[ours]</ref> depth of shared convolutional subnetwork 91 depth of RoI-wise subnetwork <ref type="bibr" target="#b8">[9,</ref><ref type="bibr" target="#b23">24,</ref><ref type="bibr" target="#b25">26]</ref>. On the other hand, the object detection task needs localization representations that are translation-variant to an extent. For example, translation of an object inside a candidate box should produce meaningful responses for describing how good the candidate box overlaps the object. We hypothesize that deeper convolutional layers in an image classification network are less sensitive to translation. To address this dilemma, the ResNet paper's detection pipeline <ref type="bibr" target="#b8">[9]</ref> inserts the RoI pooling layer into convolutions -this region-specific operation breaks down translation invariance, and the post-RoI convolutional layers are no longer translation-invariant when evaluated across different regions. However, this design sacrifices training and testing efficiency since it introduces a considerable number of region-wise layers <ref type="table">(Table 1)</ref>.</p><p>In this paper, we develop a framework called Region-based Fully Convolutional Network (R-FCN) for object detection. Our network consists of shared, fully convolutional architectures as is the case of FCN <ref type="bibr" target="#b14">[15]</ref>. To incorporate translation variance into FCN, we construct a set of position-sensitive score maps by using a bank of specialized convolutional layers as the FCN output. Each of these score maps encodes the position information with respect to a relative spatial position (e.g., "to the left of an object"). On top of this FCN, we append a position-sensitive RoI pooling layer that shepherds information from these score maps, with no weight (convolutional/fc) layers following. The entire architecture is learned end-to-end. All learnable layers are convolutional and shared on the entire image, yet encode spatial information required for object detection. <ref type="figure" target="#fig_0">Figure 1</ref> illustrates the key idea and <ref type="table">Table 1</ref> compares the methodologies among region-based detectors.</p><p>Using the 101-layer Residual Net (ResNet-101) <ref type="bibr" target="#b8">[9]</ref> as the backbone, our R-FCN yields competitive results of 83.6% mAP on the PASCAL VOC 2007 set and 82.0% the 2012 set. Meanwhile, our results are achieved at a test-time speed of 170ms per image using ResNet-101, which is 2.5× to 20× faster than the Faster R-CNN + ResNet-101 counterpart in <ref type="bibr" target="#b8">[9]</ref>. These experiments demonstrate that our method manages to address the dilemma between invariance/variance on translation, and fully convolutional image-level classifiers such as ResNets can be effectively converted to fully convolutional object detectors. Code is made publicly available at: https://github.com/daijifeng001/r-fcn.</p></div>
<div xmlns="http://www.tei-c.org/ns/1.0"><head n="2">Our approach</head><p>Overview. Following R-CNN <ref type="bibr" target="#b6">[7]</ref>, we adopt the popular two-stage object detection strategy <ref type="bibr" target="#b6">[7,</ref><ref type="bibr" target="#b7">8,</ref><ref type="bibr" target="#b5">6,</ref><ref type="bibr" target="#b17">18,</ref><ref type="bibr" target="#b0">1,</ref><ref type="bibr" target="#b21">22</ref>] that consists of: (i) region proposal, and (ii) region classification. Although methods that do not rely on region proposal do exist (e.g., <ref type="bibr" target="#b16">[17,</ref><ref type="bibr" target="#b13">14]</ref>), region-based systems still possess leading   <ref type="bibr" target="#b17">[18]</ref> proposes candidate RoIs, which are then applied on the score maps. All learnable weight layers are convolutional and are computed on the entire image; the per-RoI computational cost is negligible. accuracy on several benchmarks <ref type="bibr" target="#b4">[5,</ref><ref type="bibr" target="#b12">13,</ref><ref type="bibr" target="#b19">20]</ref>. We extract candidate regions by the Region Proposal Network (RPN) <ref type="bibr" target="#b17">[18]</ref>, which is a fully convolutional architecture in itself. Following <ref type="bibr" target="#b17">[18]</ref>, we share the features between RPN and R-FCN. <ref type="figure" target="#fig_2">Figure 2</ref> shows an overview of the system. Given the proposal regions (RoIs), the R-FCN architecture is designed to classify the RoIs into object categories and background. In R-FCN, all learnable weight layers are convolutional and are computed on the entire image. The last convolutional layer produces a bank of k 2 position-sensitive score maps for each category, and thus has a k 2 (C + 1)-channel output layer with C object categories (+1 for background). The bank of k 2 score maps correspond to a k × k spatial grid describing relative positions. For example, with k × k = 3 × 3, the 9 score maps encode the cases of {top-left, top-center, top-right, ..., bottom-right} of an object category.</p><p>R-FCN ends with a position-sensitive RoI pooling layer. This layer aggregates the outputs of the last convolutional layer and generates scores for each RoI. Unlike <ref type="bibr" target="#b7">[8,</ref><ref type="bibr" target="#b5">6]</ref>, our position-sensitive RoI layer conducts selective pooling, and each of the k × k bin aggregates responses from only one score map out of the bank of k × k score maps. With end-to-end training, this RoI layer shepherds the last convolutional layer to learn specialized position-sensitive score maps. <ref type="figure" target="#fig_0">Figure 1</ref> illustrates this idea. Backbone architecture. The incarnation of R-FCN in this paper is based on ResNet-101 <ref type="bibr" target="#b8">[9]</ref>, though other networks <ref type="bibr" target="#b9">[10,</ref><ref type="bibr" target="#b22">23]</ref> are applicable. ResNet-101 has 100 convolutional layers followed by global average pooling and a 1000-class fc layer. We remove the average pooling layer and the fc layer and only use the convolutional layers to compute feature maps. We use the ResNet-101 released by the authors of <ref type="bibr" target="#b8">[9]</ref>, pre-trained on ImageNet <ref type="bibr" target="#b19">[20]</ref>. The last convolutional block in ResNet-101 is 2048-d, and we attach a randomly initialized 1024-d 1×1 convolutional layer for reducing dimension (to be precise, this increases the depth in <ref type="table">Table 1</ref> by 1). Then we apply the k 2 (C + 1)-channel convolutional layer to generate score maps, as introduced next.</p><p>Position-sensitive score maps &amp; Position-sensitive RoI pooling. To explicitly encode position information into each RoI, we divide each RoI rectangle into k × k bins by a regular grid. For an RoI rectangle of a size w × h, a bin is of a size ≈ w k × h k <ref type="bibr" target="#b7">[8,</ref><ref type="bibr" target="#b5">6]</ref>. In our method, the last convolutional layer is constructed to produce k 2 score maps for each category. Inside the (i, j)-th bin (0 ≤ i, j ≤ k − 1), we define a position-sensitive RoI pooling operation that pools only over the (i, j)-th score map:</p><formula xml:id="formula_0">r c (i, j | Θ) = (x,y)∈bin(i,j) z i,j,c (x + x 0 , y + y 0 | Θ)/n.<label>(1)</label></formula><p>Here r c (i, j) is the pooled response in the (i, j)-th bin for the c-th category, z i,j,c is one score map out of the k 2 (C + 1) score maps, (x 0 , y 0 ) denotes the top-left corner of an RoI, n is the number of pixels in the bin, and Θ denotes all learnable parameters of the network. The (i, j)-th bin spans</p><formula xml:id="formula_1">i w k ≤ x &lt; (i + 1) w k and j h k ≤ y &lt; (j + 1) h k .</formula><p>The operation of Eqn.(1) is illustrated in <ref type="figure" target="#fig_0">Figure 1</ref>, where a color represents a pair of (i, j). Eqn.(1) performs average pooling (as we use throughout this paper), but max pooling can be conducted as well.</p><p>The k 2 position-sensitive scores then vote on the RoI. In this paper we simply vote by averaging the scores, producing a (C + 1)-dimensional vector for each RoI: r c (Θ) = i,j r c (i, j | Θ). Then we compute the softmax responses across categories: s c (Θ) = e rc(Θ) / C c =0 e r c (Θ) . They are used for evaluating the cross-entropy loss during training and for ranking the RoIs during inference.</p><p>We further address bounding box regression <ref type="bibr" target="#b6">[7,</ref><ref type="bibr" target="#b5">6]</ref> in a similar way. Aside from the above k 2 (C +1)-d convolutional layer, we append a sibling 4k 2 -d convolutional layer for bounding box regression. The position-sensitive RoI pooling is performed on this bank of 4k 2 maps, producing a 4k 2 -d vector for each RoI. Then it is aggregated into a 4-d vector by average voting. This 4-d vector parameterizes a bounding box as t = (t x , t y , t w , t h ) following the parameterization in <ref type="bibr" target="#b5">[6]</ref>. We note that we perform class-agnostic bounding box regression for simplicity, but the class-specific counterpart (i.e., with a 4k 2 C-d output layer) is applicable.</p><p>The concept of position-sensitive score maps is partially inspired by <ref type="bibr" target="#b2">[3]</ref> that develops FCNs for instance-level semantic segmentation. We further introduce the position-sensitive RoI pooling layer that shepherds learning of the score maps for object detection. There is no learnable layer after the RoI layer, enabling nearly cost-free region-wise computation and speeding up both training and inference.</p><p>Training. With pre-computed region proposals, it is easy to end-to-end train the R-FCN architecture. Following <ref type="bibr" target="#b5">[6]</ref>, our loss function defined on each RoI is the summation of the cross-entropy loss and the box regression loss:</p><formula xml:id="formula_2">L(s, t x,y,w,h ) = L cls (s c * ) + λ[c * &gt; 0]L reg (t, t * ). Here c * is the RoI's ground-truth label (c * = 0 means background). L cls (s c * ) = − log(s c * )</formula><p>is the cross-entropy loss for classification, L reg is the bounding box regression loss as defined in <ref type="bibr" target="#b5">[6]</ref>, and t * represents the ground truth box. [c * &gt; 0] is an indicator which equals to 1 if the argument is true and 0 otherwise. We set the balance weight λ = 1 as in <ref type="bibr" target="#b5">[6]</ref>. We define positive examples as the RoIs that have intersection-over-union (IoU) overlap with a ground-truth box of at least 0.5, and negative otherwise.</p><p>It is easy for our method to adopt online hard example mining (OHEM) <ref type="bibr" target="#b21">[22]</ref> during training. Our negligible per-RoI computation enables nearly cost-free example mining. Assuming N proposals per image, in the forward pass, we evaluate the loss of all N proposals. Then we sort all RoIs (positive and negative) by loss and select B RoIs that have the highest loss. Backpropagation <ref type="bibr" target="#b10">[11]</ref> is performed based on the selected examples. Because our per-RoI computation is negligible, the forward time is nearly not affected by N , in contrast to OHEM Fast R-CNN in <ref type="bibr" target="#b21">[22]</ref> that may double training time. We provide comprehensive timing statistics in <ref type="table" target="#tab_2">Table 3</ref> in the next section.</p><p>We use a weight decay of 0.0005 and a momentum of 0.9. By default we use single-scale training: images are resized such that the scale (shorter side of image) is 600 pixels <ref type="bibr" target="#b5">[6,</ref><ref type="bibr" target="#b17">18]</ref>. Each GPU holds 1 image and selects B = 128 RoIs for backprop. We train the model with 8 GPUs (so the effective mini-batch size is 8×). We fine-tune R-FCN using a learning rate of 0.001 for 20k mini-batches and 0.0001 for 10k mini-batches on VOC. To have R-FCN share features with RPN ( <ref type="figure" target="#fig_2">Figure 2</ref>), we adopt the 4-step alternating training 3 in <ref type="bibr" target="#b17">[18]</ref>, alternating between training RPN and training R-FCN.</p><p>Inference. As illustrated in <ref type="figure" target="#fig_2">Figure 2</ref>, the feature maps shared between RPN and R-FCN are computed (on an image with a single scale of 600). Then the RPN part proposes RoIs, on which the R-FCN part evaluates category-wise scores and regresses bounding boxes. During inference we evaluate 300 RoIs as in <ref type="bibr" target="#b17">[18]</ref> for fair comparisons. The results are post-processed by non-maximum suppression (NMS) using a threshold of 0.3 IoU <ref type="bibr" target="#b6">[7]</ref>, as standard practice.</p><p>À trous and stride. Our fully convolutional architecture enjoys the benefits of the network modifications that are widely used by FCNs for semantic segmentation <ref type="bibr" target="#b14">[15,</ref><ref type="bibr" target="#b1">2]</ref>. Particularly, we reduce ResNet-101's effective stride from 32 pixels to 16 pixels, increasing the score map resolution. All layers before and on the conv4 stage <ref type="bibr" target="#b8">[9]</ref> (stride=16) are unchanged; the stride=2 operations in the first conv5 block is modified to have stride=1, and all convolutional filters on the conv5 stage are modified by the "hole algorithm" <ref type="bibr" target="#b14">[15,</ref><ref type="bibr" target="#b1">2]</ref> ("Algorithme à trous" <ref type="bibr" target="#b15">[16]</ref>) to compensate for the reduced stride. For fair comparisons, the RPN is computed on top of the conv4 stage (that are shared with Although joint training <ref type="bibr" target="#b17">[18]</ref> is applicable, it is not straightforward to perform example mining jointly.   Visualization. In <ref type="figure" target="#fig_3">Figure 3</ref> and 4 we visualize the position-sensitive score maps learned by R-FCN when k × k = 3 × 3. These specialized maps are expected to be strongly activated at a specific relative position of an object. For example, the "top-center-sensitive" score map exhibits high scores roughly near the top-center position of an object. If a candidate box precisely overlaps with a true object <ref type="figure" target="#fig_3">(Figure 3</ref>), most of the k 2 bins in the RoI are strongly activated, and their voting leads to a high score. On the contrary, if a candidate box does not correctly overlaps with a true object <ref type="figure" target="#fig_5">(Figure 4</ref>), some of the k 2 bins in the RoI are not activated, and the voting score is low.</p></div>
<div xmlns="http://www.tei-c.org/ns/1.0"><head n="3">Related Work</head><p>R-CNN <ref type="bibr" target="#b6">[7]</ref> has demonstrated the effectiveness of using region proposals <ref type="bibr" target="#b26">[27,</ref><ref type="bibr" target="#b27">28]</ref> with deep networks. R-CNN evaluates convolutional networks on cropped and warped regions, and computation is not shared among regions <ref type="table">(Table 1</ref>). SPPnet <ref type="bibr" target="#b7">[8]</ref>, Fast R-CNN <ref type="bibr" target="#b5">[6]</ref>, and Faster R-CNN <ref type="bibr" target="#b17">[18]</ref> are "semiconvolutional", in which a convolutional subnetwork performs shared computation on the entire image and another subnetwork evaluates individual regions.</p><p>There have been object detectors that can be thought of as "fully convolutional" models. OverFeat <ref type="bibr" target="#b20">[21]</ref> detects objects by sliding multi-scale windows on the shared convolutional feature maps; similarly, in Fast R-CNN <ref type="bibr" target="#b5">[6]</ref> and <ref type="bibr" target="#b11">[12]</ref>, sliding windows that replace region proposals are investigated. In these cases, one can recast a sliding window of a single scale as a single convolutional layer. The RPN component in Faster R-CNN <ref type="bibr" target="#b17">[18]</ref> is a fully convolutional detector that predicts bounding boxes with respect to reference boxes (anchors) of multiple sizes. The original RPN is class-agnostic in <ref type="bibr" target="#b17">[18]</ref>, but its class-specific counterpart is applicable (see also <ref type="bibr" target="#b13">[14]</ref>) as we evaluate in the following.</p><p>Another family of object detectors resort to fully-connected (fc) layers for generating holistic object detection results on an entire image, such as <ref type="bibr" target="#b24">[25,</ref><ref type="bibr" target="#b3">4,</ref><ref type="bibr" target="#b16">17]</ref>.</p></div>
<div xmlns="http://www.tei-c.org/ns/1.0"><head n="4">Experiments</head></div>
<div xmlns="http://www.tei-c.org/ns/1.0"><head n="4.1">Experiments on PASCAL VOC</head><p>We perform experiments on PASCAL VOC <ref type="bibr" target="#b4">[5]</ref> that has 20 object categories. We train the models on the union set of VOC 2007 trainval and VOC 2012 trainval ("07+12") following <ref type="bibr" target="#b5">[6]</ref>, and evaluate on VOC 2007 test set. Object detection accuracy is measured by mean Average Precision (mAP).</p></div>
<div xmlns="http://www.tei-c.org/ns/1.0"><head>Comparisons with Other Fully Convolutional Strategies</head><p>Though fully convolutional detectors are available, experiments show that it is nontrivial for them to achieve good accuracy. We investigate the following fully convolutional strategies (or "almost" fully convolutional strategies that have only one classifier fc layer per RoI), using ResNet-101:</p><p>Naïve Faster R-CNN. As discussed in the introduction, one may use all convolutional layers in ResNet-101 to compute the shared feature maps, and adopt RoI pooling after the last convolutional layer (after conv5). An inexpensive 21-class fc layer is evaluated on each RoI (so this variant is "almost" fully convolutional). The à trous trick is used for fair comparisons.</p><p>Class-specific RPN. This RPN is trained following <ref type="bibr" target="#b17">[18]</ref>, except that the 2-class (object or not) convolutional classifier layer is replaced with a 21-class convolutional classifier layer. For fair comparisons, for this class-specific RPN we use ResNet-101's conv5 layers with the à trous trick.</p><p>R-FCN without position-sensitivity. By setting k = 1 we remove the position-sensitivity of the R-FCN. This is equivalent to global pooling within each RoI.</p><p>Analysis. <ref type="table" target="#tab_1">Table 2</ref> shows the results. We note that the standard (not naïve) Faster R-CNN in the ResNet paper <ref type="bibr" target="#b8">[9]</ref> achieves 76.4% mAP with ResNet-101 (see also <ref type="table" target="#tab_2">Table 3</ref>), which inserts the RoI pooling layer between conv4 and conv5 <ref type="bibr" target="#b8">[9]</ref>. As a comparison, the naïve Faster R-CNN (that applies RoI pooling after conv5) has a drastically lower mAP of 68.9% <ref type="table" target="#tab_1">(Table 2</ref>). This comparison empirically justifies the importance of respecting spatial information by inserting RoI pooling between layers for the Faster R-CNN system. Similar observations are reported in <ref type="bibr" target="#b18">[19]</ref>.</p><p>The class-specific RPN has an mAP of 67.6% <ref type="table" target="#tab_1">(Table 2)</ref>, about 9 points lower than the standard Faster R-CNN's 76.4%. This comparison is in line with the observations in <ref type="bibr" target="#b5">[6,</ref><ref type="bibr" target="#b11">12]</ref> -in fact, the class-specific RPN is similar to a special form of Fast R-CNN <ref type="bibr" target="#b5">[6]</ref> that uses dense sliding windows as proposals, which shows inferior results as reported in <ref type="bibr" target="#b5">[6,</ref><ref type="bibr" target="#b11">12]</ref>.</p><p>On the other hand, our R-FCN system has significantly better accuracy <ref type="table" target="#tab_1">(Table 2)</ref>. Its mAP (76.6%) is on par with the standard Faster R-CNN's (76.4%, <ref type="table" target="#tab_2">Table 3</ref>). These results indicate that our positionsensitive strategy manages to encode useful spatial information for locating objects, without using any learnable layer after RoI pooling.   The importance of position-sensitivity is further demonstrated by setting k = 1, for which R-FCN is unable to converge. In this degraded case, no spatial information can be explicitly captured within an RoI. Moreover, we report that naïve Faster R-CNN is able to converge if its RoI pooling output resolution is 1 × 1, but the mAP further drops by a large margin to 61.7% <ref type="table" target="#tab_1">(Table 2)</ref>.</p></div>
<div xmlns="http://www.tei-c.org/ns/1.0"><head>Comparisons with Faster R-CNN Using ResNet-101</head><p>Next we compare with standard "Faster R-CNN + ResNet-101" <ref type="bibr" target="#b8">[9]</ref> which is the strongest competitor and the top-performer on the PASCAL VOC, MS COCO, and ImageNet benchmarks. We use k × k = 7 × 7 in the following. <ref type="table" target="#tab_2">Table 3</ref> shows the comparisons. Faster R-CNN evaluates a 10-layer subnetwork for each region to achieve good accuracy, but R-FCN has negligible per-region cost. With 300 RoIs at test time, Faster R-CNN takes 0.42s per image, 2.5× slower than our R-FCN that takes 0.17s per image (on a K40 GPU; this number is 0.11s on a Titan X GPU). R-FCN also trains faster than Faster R-CNN. Moreover, hard example mining <ref type="bibr" target="#b21">[22]</ref> adds no cost to R-FCN training <ref type="table" target="#tab_2">(Table 3)</ref>. It is feasible to train R-FCN when mining from 2000 RoIs, in which case Faster R-CNN is 6× slower (2.9s vs. 0.46s). But experiments show that mining from a larger set of candidates (e.g., 2000) has no benefit ( <ref type="table" target="#tab_2">Table 3)</ref>. So we use 300 RoIs for both training and inference in other parts of this paper. <ref type="table" target="#tab_3">Table 4</ref> shows more comparisons. Following the multi-scale training in <ref type="bibr" target="#b7">[8]</ref>, we resize the image in each training iteration such that the scale is randomly sampled from {400,500,600,700,800} pixels. We still test a single scale of 600 pixels, so add no test-time cost. The mAP is 80.5%. In addition, we train our model on the MS COCO <ref type="bibr" target="#b12">[13]</ref> trainval set and then fine-tune it on the PASCAL VOC set. R-FCN achieves 83.6% mAP <ref type="table" target="#tab_3">(Table 4)</ref>, close to the "Faster R-CNN +++" system in <ref type="bibr" target="#b8">[9]</ref> that uses ResNet-101 as well. We note that our competitive result is obtained at a test speed of 0.17 seconds per image, 20× faster than Faster R-CNN +++ that takes 3.36 seconds as it further incorporates iterative box regression, context, and multi-scale testing <ref type="bibr" target="#b8">[9]</ref>. These comparisons are also observed on the PASCAL VOC 2012 test set <ref type="table" target="#tab_4">(Table 5</ref>).</p></div>
<div xmlns="http://www.tei-c.org/ns/1.0"><head>On the Impact of Depth</head><p>The following table shows the R-FCN results using ResNets of different depth <ref type="bibr" target="#b8">[9]</ref>. Our detection accuracy increases when the depth is increased from 50 to 101, but gets saturated with a depth of 152. </p></div>
<div xmlns="http://www.tei-c.org/ns/1.0"><head n="4.2">Experiments on MS COCO</head><p>Next we evaluate on the MS COCO dataset <ref type="bibr" target="#b12">[13]</ref> that has 80 object categories. Our experiments involve the 80k train set, 40k val set, and 20k test-dev set. We set the learning rate as 0.001 for 90k iterations and 0.0001 for next 30k iterations, with an effective mini-batch size of 8. We extend the alternating training <ref type="bibr" target="#b17">[18]</ref> from 4-step to 5-step (i.e., stopping after one more RPN training step), which slightly improves accuracy on this dataset when the features are shared; we also report that 2-step training is sufficient to achieve comparably good accuracy but the features are not shared.</p><p>The results are in <ref type="table" target="#tab_6">Table 6</ref>. Our single-scale trained R-FCN baseline has a val result of 48.9%/27.6%. This is comparable to the Faster R-CNN baseline (48.4%/27.2%), but ours is 2.5× faster testing. It is noteworthy that our method performs better on objects of small sizes (defined by <ref type="bibr" target="#b12">[13]</ref>). Our multi-scale trained (yet single-scale tested) R-FCN has a result of 49.1%/27.8% on the val set and 51.5%/29.2% on the test-dev set. Considering COCO's wide range of object scales, we further evaluate a multi-scale testing variant following <ref type="bibr" target="#b8">[9]</ref>, and use testing scales of {200,400,600,800,1000}. The mAP is 53.2%/31.5%. This result is close to the 1st-place result (Faster R-CNN +++ with ResNet-101, 55.7%/34.9%) in the MS COCO 2015 competition. Nevertheless, our method is simpler and adds no bells and whistles such as context or iterative box regression that were used by <ref type="bibr" target="#b8">[9]</ref>, and is faster for both training and testing. </p></div>
<div xmlns="http://www.tei-c.org/ns/1.0"><head n="5">Conclusion and Future Work</head><p>We presented Region-based Fully Convolutional Networks, a simple but accurate and efficient framework for object detection. Our system naturally adopts the state-of-the-art image classification backbones, such as ResNets, that are by design fully convolutional. Our method achieves accuracy competitive with the Faster R-CNN counterpart, but is much faster during both training and inference.</p><p>We intentionally keep the R-FCN system presented in the paper simple. There have been a series of orthogonal extensions of FCNs that were developed for semantic segmentation (e.g., see <ref type="bibr" target="#b1">[2]</ref>), as well as extensions of region-based methods for object detection (e.g., see <ref type="bibr" target="#b8">[9,</ref><ref type="bibr" target="#b0">1,</ref><ref type="bibr" target="#b21">22]</ref>). We expect our system will easily enjoy the benefits of the progress in the field.       <ref type="figure">Figure 6</ref>: Curated examples of R-FCN results on the MS COCO test-dev set (31.5% AP). The network is ResNet-101, and the training data is MS COCO trainval. A score threshold of 0.6 is used for displaying.  </p></div><figure xmlns="http://www.tei-c.org/ns/1.0" xml:id="fig_0"><head>Figure 1 :</head><label>1</label><figDesc>Key idea of R-FCN for object detection.</figDesc></figure>
<figure xmlns="http://www.tei-c.org/ns/1.0" xml:id="fig_2"><head>Figure 2 :</head><label>2</label><figDesc>Overall architecture of R-FCN. A Region Proposal Network (RPN)</figDesc></figure>
<figure xmlns="http://www.tei-c.org/ns/1.0" xml:id="fig_3"><head>Figure 3</head><label>3</label><figDesc>and 4 visualize an example. The details are introduced as follows.</figDesc></figure>
<figure xmlns="http://www.tei-c.org/ns/1.0" xml:id="fig_4"><head>Figure 3 :</head><label>3</label><figDesc>Visualization of R-FCN (k × k = 3 × 3) for the person category.</figDesc></figure>
<figure xmlns="http://www.tei-c.org/ns/1.0" xml:id="fig_5"><head>Figure 4 :</head><label>4</label><figDesc>Visualization when an RoI does not correctly overlap the object.R-FCN), as is the case in<ref type="bibr" target="#b8">[9]</ref> with Faster R-CNN, so the RPN is not affected by the à trous trick. The following table shows the ablation results of R-FCN (k × k = 7 × 7, no hard example mining). The à trous trick improves mAP by 2.6 points.</figDesc></figure>
<figure xmlns="http://www.tei-c.org/ns/1.0" xml:id="fig_7"><head>Figure 5 :</head><label>5</label><figDesc>Curated examples of R-FCN results on the PASCAL VOC 2007 test set (83.6% mAP). The network is ResNet-101, and the training data is 07+12+COCO. A score threshold of 0.6 is used for displaying. The running time per image is 170ms on one Nvidia K40 GPU.</figDesc></figure>
<figure xmlns="http://www.tei-c.org/ns/1.0" type="table" xml:id="tab_1"><head>Table 2 :</head><label>2</label><figDesc>Comparisons among fully convolutional (or "almost" fully convolutional) strategies using ResNet-101. All competitors in this table use the à trous trick. Hard example mining is not conducted.</figDesc><table><row><cell>method</cell><cell cols="2">RoI output size (k × k) mAP on VOC 07 (%)</cell></row><row><cell>naïve Faster R-CNN</cell><cell>× 1</cell><cell>61.7</cell></row><row><cell></cell><cell>× 7</cell><cell>68.9</cell></row><row><cell>class-specific RPN</cell><cell>-</cell><cell>67.6</cell></row><row><cell>R-FCN (w/o position-sensitivity)</cell><cell>× 1</cell><cell>fail</cell></row><row><cell>R-FCN</cell><cell>× 3</cell><cell>75.5</cell></row><row><cell></cell><cell>× 7</cell><cell>76.6</cell></row></table><note></note></figure>
<figure xmlns="http://www.tei-c.org/ns/1.0" type="table" xml:id="tab_2"><head>Table 3 :</head><label>3</label><figDesc>Comparisons between Faster R-CNN and R-FCN using ResNet-101. Timing is evaluated on a single Nvidia K40 GPU. With OHEM, N RoIs per image are computed in the forward pass, and 128 samples are selected for backpropagation. 300 RoIs are used for testing following<ref type="bibr" target="#b17">[18]</ref>.</figDesc><table><row><cell></cell><cell>depth of per-RoI subnetwork</cell><cell>training w/ OHEM?</cell><cell>train time (sec/img)</cell><cell>test time (sec/img)</cell><cell>mAP (%) on VOC07</cell></row><row><cell>Faster R-CNN</cell><cell>10</cell><cell></cell><cell>1.2</cell><cell>0.42</cell><cell>76.4</cell></row><row><cell>R-FCN</cell><cell>0</cell><cell></cell><cell>0.45</cell><cell>0.17</cell><cell>76.6</cell></row><row><cell>Faster R-CNN</cell><cell>10</cell><cell>(300 RoIs)</cell><cell>1.5</cell><cell>0.42</cell><cell>79.3</cell></row><row><cell>R-FCN</cell><cell>0</cell><cell>(300 RoIs)</cell><cell>0.45</cell><cell>0.17</cell><cell>79.5</cell></row><row><cell>Faster R-CNN</cell><cell>10</cell><cell>(2000 RoIs)</cell><cell>2.9</cell><cell>0.42</cell><cell>N/A</cell></row><row><cell>R-FCN</cell><cell></cell><cell>(2000 RoIs)</cell><cell>0.46</cell><cell>0.17</cell><cell>79.3</cell></row></table><note></note></figure>
<figure xmlns="http://www.tei-c.org/ns/1.0" type="table" xml:id="tab_3"><head>Table 4 :</head><label>4</label><figDesc>Comparisons on PASCAL VOC 2007 test set using ResNet-101.</figDesc><table><row><cell>"Faster R-CNN +++" [9]</cell></row></table><note></note></figure>
<figure xmlns="http://www.tei-c.org/ns/1.0" type="table" xml:id="tab_4"><head>Table 5 :</head><label>5</label><figDesc></figDesc><table><row><cell></cell><cell>training data</cell><cell>mAP (%)</cell><cell>test time (sec/img)</cell></row><row><cell>Faster R-CNN [9]</cell><cell>07++12</cell><cell>73.8</cell><cell>0.42</cell></row><row><cell>Faster R-CNN +++ [9]</cell><cell>07++12+COCO</cell><cell>83.8</cell><cell>3.36</cell></row><row><cell>R-FCN multi-sc train</cell><cell>07++12</cell><cell>77.6  †</cell><cell>0.17</cell></row><row><cell>R-FCN multi-sc train</cell><cell>07++12+COCO</cell><cell>82.0  ‡</cell><cell>0.17</cell></row></table><note>Comparisons on PASCAL VOC 2012 test set using ResNet-101. "07++12" [6] denotes the union set of 07 trainval+test and 12 trainval.† : http://host.robots.ox.ac.uk:8080/anonymous/44L5HI.html ‡ :http://host.robots.ox.ac.uk:8080/anonymous/MVCM2L.html</note></figure>
<figure xmlns="http://www.tei-c.org/ns/1.0" type="table" xml:id="tab_5"><head></head><label></label><figDesc>On the Impact of Region Proposals R-FCN can be easily applied with other region proposal methods, such as Selective Search (SS)<ref type="bibr" target="#b26">[27]</ref> and Edge Boxes (EB)<ref type="bibr" target="#b27">[28]</ref>. The following table shows the results (using ResNet-101) with different proposals. R-FCN performs competitively using SS or EB, showing the generality of our method.</figDesc><table><row><cell></cell><cell>training data</cell><cell>test data</cell><cell>ResNet-50</cell><cell cols="2">ResNet-101</cell><cell>ResNet-152</cell></row><row><cell>R-FCN</cell><cell>07+12</cell><cell></cell><cell>77.0</cell><cell>79.5</cell><cell>79.6</cell></row><row><cell>R-FCN multi-sc train</cell><cell>07+12</cell><cell></cell><cell>78.7</cell><cell>80.5</cell><cell>80.4</cell></row><row><cell></cell><cell>training data</cell><cell>test data</cell><cell>RPN [18]</cell><cell>SS [27]</cell><cell>EB [28]</cell></row><row><cell>R-FCN</cell><cell>07+12</cell><cell></cell><cell>79.5</cell><cell>77.2</cell><cell>77.8</cell></row></table><note></note></figure>
<figure xmlns="http://www.tei-c.org/ns/1.0" type="table" xml:id="tab_6"><head>Table 6 :</head><label>6</label><figDesc>Comparisons on MS COCO dataset using ResNet-101. The COCO-style AP is evaluated @ IoU ∈ [0.5, 0.95]. AP@0.5 is the PASCAL-style AP evaluated @ IoU = 0.5.</figDesc><table><row><cell></cell><cell>training data</cell><cell>test data</cell><cell>AP@0.5</cell><cell>AP</cell><cell>AP small</cell><cell>AP medium</cell><cell>AP large</cell><cell>test time (sec/img)</cell></row><row><cell>Faster R-CNN [9]</cell><cell>train</cell><cell>val</cell><cell>48.4</cell><cell>27.2</cell><cell>6.6</cell><cell>28.6</cell><cell>45.0</cell><cell>0.42</cell></row><row><cell>R-FCN</cell><cell>train</cell><cell>val</cell><cell>48.9</cell><cell>27.6</cell><cell>8.9</cell><cell>30.5</cell><cell>42.0</cell><cell>0.17</cell></row><row><cell>R-FCN multi-sc train</cell><cell>train</cell><cell>val</cell><cell>49.1</cell><cell>27.8</cell><cell>8.8</cell><cell>30.8</cell><cell>42.2</cell><cell>0.17</cell></row><row><cell>Faster R-CNN +++ [9]</cell><cell>trainval</cell><cell>test-dev</cell><cell>55.7</cell><cell>34.9</cell><cell>15.6</cell><cell>38.7</cell><cell>50.9</cell><cell>3.36</cell></row><row><cell>R-FCN</cell><cell>trainval</cell><cell>test-dev</cell><cell>51.5</cell><cell>29.2</cell><cell>10.3</cell><cell>32.4</cell><cell>43.3</cell><cell>0.17</cell></row><row><cell>R-FCN multi-sc train</cell><cell>trainval</cell><cell>test-dev</cell><cell>51.9</cell><cell>29.9</cell><cell>10.8</cell><cell>32.8</cell><cell>45.0</cell><cell>0.17</cell></row><row><cell>R-FCN multi-sc train, test</cell><cell>trainval</cell><cell>test-dev</cell><cell>53.2</cell><cell>31.5</cell><cell>14.3</cell><cell>35.5</cell><cell>44.2</cell><cell>1.00</cell></row></table><note></note></figure>
<figure xmlns="http://www.tei-c.org/ns/1.0" type="table" xml:id="tab_10"><head>Table 7 :</head><label>7</label><figDesc>Detailed detection results on the PASCAL VOC 2007 test set. method data mAP areo bike bird boat bottle bus car cat chair cow table dog horse mbike person plant sheep sofa train tv Faster R-CNN 07+12 76.4 79.8 80.7 76.2 68.3 55.9 85.1 85.3 89.8 56.7 87.8 69.4 88.3 88.9 80.9 78.4 41.7 78.6 79.8 85.3 72.0 Faster R-CNN+++ 07+12+CO 85.6 90.0 89.6 87.8 80.8 76.1 89.9 89.9 89.6 75.5 90.0 80.7 89.6 90.3 89.1 88.7 65.4 88.1 85.6 89.0 86.8 R-FCN 07+12 79.5 82.5 83.7 80.3 69.0 69.2 87.5 88.4 88.4 65.4 87.3 72.1 87.9 88.3 81.3 79.8 54.1 79.6 78.8 87.1 79.5 R-FCN ms train 07+12 80.5 79.9 87.2 81.5 72.0 69.8 86.8 88.5 89.8 67.0 88.1 74.5 89.8 90.6 79.9 81.2 53.7 81.8 81.5 85.9 79.9 R-FCN ms train 07+12+CO 83.6 88.1 88.4 81.5 76.2 73.8 88.7 89.7 89.6 71.1 89.9 76.6 90.0 90.4 88.7 86.6 59.7 87.4 84.1 88.7 82.4</figDesc><table /><note></note></figure>
<figure xmlns="http://www.tei-c.org/ns/1.0" type="table" xml:id="tab_11"><head>Table 8 :</head><label>8</label><figDesc>Detailed detection results on the PASCAL VOC 2012 test set. † : http://host.robots.ox.ac.uk: 8080/anonymous/44L5HI.html ‡ : http://host.robots.ox.ac.uk:8080/anonymous/MVCM2L.html method data mAP areo bike bird boat bottle bus car cat chair cow table dog horse mbike person plant sheep sofa train tv Faster R-CNN 07++12 73.8 86.5 81.6 77.2 58.0 51.0 78.6 76.6 93.2 48.6 80.4 59.0 92.1 85.3 84.8 80.7 48.1 77.3 66.5 84.7 65.6 Faster R-CNN+++ 07++12+CO 83.8 92.1 88.4 84.8 75.9 71.4 86.3 87.8 94.2 66.8 89.4 69.2 93.9 91.9 90.9 89.6 67.9 88.2 76.8 90.3 80.0 R-FCN ms train † 07++12 77.6 86.9 83.4 81.5 63.8 62.4 81.6 81.1 93.1 58.0 83.8 60.8 92.7 86.0 84.6 84.4 59.0 80.8 68.6 86.1 72.9 R-FCN ms train ‡ 07++12+CO 82.0 89.5 88.3 83.5 70.8 70.7 85.5 86.3 94.2 64.7 87.6 65.8 92.7 90.5 89.4 87.8 65.6 85.6 74.5 88.9 77.4</figDesc><table /><note></note></figure>
		</body>
		<back>
			<div type="references">

				<listBibl>

<biblStruct xml:id="b0">
	<analytic>
		<title level="a" type="main">Inside-outside net: Detecting objects in context with skip pooling and recurrent neural networks</title>
		<author>
			<persName xmlns="http://www.tei-c.org/ns/1.0"><forename type="first">S</forename><surname>Bell</surname></persName>
		</author>
		<author>
			<persName xmlns="http://www.tei-c.org/ns/1.0"><forename type="first">C</forename><forename type="middle">L</forename><surname>Zitnick</surname></persName>
		</author>
		<author>
			<persName xmlns="http://www.tei-c.org/ns/1.0"><forename type="first">K</forename><surname>Bala</surname></persName>
		</author>
		<author>
			<persName xmlns="http://www.tei-c.org/ns/1.0"><forename type="first">R</forename><surname>Girshick</surname></persName>
		</author>
	</analytic>
	<monogr>
		<title level="m">CVPR</title>
		<imprint>
			<date type="published" when="2016" />
		</imprint>
	</monogr>
</biblStruct>

<biblStruct xml:id="b1">
	<analytic>
		<title level="a" type="main">Semantic image segmentation with deep convolutional nets and fully connected crfs</title>
		<author>
			<persName xmlns="http://www.tei-c.org/ns/1.0"><forename type="first">L.-C</forename><surname>Chen</surname></persName>
		</author>
		<author>
			<persName xmlns="http://www.tei-c.org/ns/1.0"><forename type="first">G</forename><surname>Papandreou</surname></persName>
		</author>
		<author>
			<persName xmlns="http://www.tei-c.org/ns/1.0"><forename type="first">I</forename><surname>Kokkinos</surname></persName>
		</author>
		<author>
			<persName xmlns="http://www.tei-c.org/ns/1.0"><forename type="first">K</forename><surname>Murphy</surname></persName>
		</author>
		<author>
			<persName xmlns="http://www.tei-c.org/ns/1.0"><forename type="first">A</forename><forename type="middle">L</forename><surname>Yuille</surname></persName>
		</author>
	</analytic>
	<monogr>
		<title level="m">ICLR</title>
		<imprint>
			<date type="published" when="2015" />
		</imprint>
	</monogr>
</biblStruct>

<biblStruct xml:id="b2">
	<monogr>
		<author>
			<persName xmlns="http://www.tei-c.org/ns/1.0"><forename type="first">J</forename><surname>Dai</surname></persName>
		</author>
		<author>
			<persName xmlns="http://www.tei-c.org/ns/1.0"><forename type="first">K</forename><surname>He</surname></persName>
		</author>
		<author>
			<persName xmlns="http://www.tei-c.org/ns/1.0"><forename type="first">Y</forename><surname>Li</surname></persName>
		</author>
		<author>
			<persName xmlns="http://www.tei-c.org/ns/1.0"><forename type="first">S</forename><surname>Ren</surname></persName>
		</author>
		<author>
			<persName xmlns="http://www.tei-c.org/ns/1.0"><forename type="first">J</forename><surname>Sun</surname></persName>
		</author>
		<idno type="arXiv">arXiv:1603.08678</idno>
		<title level="m">Instance-sensitive fully convolutional networks</title>
		<imprint>
			<date type="published" when="2016" />
		</imprint>
	</monogr>
</biblStruct>

<biblStruct xml:id="b3">
	<analytic>
		<title level="a" type="main">Scalable object detection using deep neural networks</title>
		<author>
			<persName xmlns="http://www.tei-c.org/ns/1.0"><forename type="first">D</forename><surname>Erhan</surname></persName>
		</author>
		<author>
			<persName xmlns="http://www.tei-c.org/ns/1.0"><forename type="first">C</forename><surname>Szegedy</surname></persName>
		</author>
		<author>
			<persName xmlns="http://www.tei-c.org/ns/1.0"><forename type="first">A</forename><surname>Toshev</surname></persName>
		</author>
		<author>
			<persName xmlns="http://www.tei-c.org/ns/1.0"><forename type="first">D</forename><surname>Anguelov</surname></persName>
		</author>
	</analytic>
	<monogr>
		<title level="m">CVPR</title>
		<imprint>
			<date type="published" when="2014" />
		</imprint>
	</monogr>
</biblStruct>

<biblStruct xml:id="b4">
	<monogr>
		<author>
			<persName xmlns="http://www.tei-c.org/ns/1.0"><forename type="first">M</forename><surname>Everingham</surname></persName>
		</author>
		<author>
			<persName xmlns="http://www.tei-c.org/ns/1.0"><forename type="first">L</forename><surname>Van Gool</surname></persName>
		</author>
		<author>
			<persName xmlns="http://www.tei-c.org/ns/1.0"><forename type="first">C</forename><forename type="middle">K</forename><surname>Williams</surname></persName>
		</author>
		<author>
			<persName xmlns="http://www.tei-c.org/ns/1.0"><forename type="first">J</forename><surname>Winn</surname></persName>
		</author>
		<author>
			<persName xmlns="http://www.tei-c.org/ns/1.0"><forename type="first">A</forename><surname>Zisserman</surname></persName>
		</author>
		<title level="m">The PASCAL Visual Object Classes (VOC) Challenge. IJCV</title>
		<imprint>
			<date type="published" when="2010" />
		</imprint>
	</monogr>
</biblStruct>

<biblStruct xml:id="b5">
	<analytic>
		<title level="a" type="main">Fast R-CNN</title>
		<author>
			<persName xmlns="http://www.tei-c.org/ns/1.0"><forename type="first">R</forename><surname>Girshick</surname></persName>
		</author>
	</analytic>
	<monogr>
		<title level="m">ICCV</title>
		<imprint>
			<date type="published" when="2015" />
		</imprint>
	</monogr>
</biblStruct>

<biblStruct xml:id="b6">
	<analytic>
		<title level="a" type="main">Rich feature hierarchies for accurate object detection and semantic segmentation</title>
		<author>
			<persName xmlns="http://www.tei-c.org/ns/1.0"><forename type="first">R</forename><surname>Girshick</surname></persName>
		</author>
		<author>
			<persName xmlns="http://www.tei-c.org/ns/1.0"><forename type="first">J</forename><surname>Donahue</surname></persName>
		</author>
		<author>
			<persName xmlns="http://www.tei-c.org/ns/1.0"><forename type="first">T</forename><surname>Darrell</surname></persName>
		</author>
		<author>
			<persName xmlns="http://www.tei-c.org/ns/1.0"><forename type="first">J</forename><surname>Malik</surname></persName>
		</author>
	</analytic>
	<monogr>
		<title level="m">CVPR</title>
		<imprint>
			<date type="published" when="2014" />
		</imprint>
	</monogr>
</biblStruct>

<biblStruct xml:id="b7">
	<analytic>
		<title level="a" type="main">Spatial pyramid pooling in deep convolutional networks for visual recognition</title>
		<author>
			<persName xmlns="http://www.tei-c.org/ns/1.0"><forename type="first">K</forename><surname>He</surname></persName>
		</author>
		<author>
			<persName xmlns="http://www.tei-c.org/ns/1.0"><forename type="first">X</forename><surname>Zhang</surname></persName>
		</author>
		<author>
			<persName xmlns="http://www.tei-c.org/ns/1.0"><forename type="first">S</forename><surname>Ren</surname></persName>
		</author>
		<author>
			<persName xmlns="http://www.tei-c.org/ns/1.0"><forename type="first">J</forename><surname>Sun</surname></persName>
		</author>
	</analytic>
	<monogr>
		<title level="m">ECCV</title>
		<imprint>
			<date type="published" when="2014" />
		</imprint>
	</monogr>
</biblStruct>

<biblStruct xml:id="b8">
	<analytic>
		<title level="a" type="main">Deep residual learning for image recognition</title>
		<author>
			<persName xmlns="http://www.tei-c.org/ns/1.0"><forename type="first">K</forename><surname>He</surname></persName>
		</author>
		<author>
			<persName xmlns="http://www.tei-c.org/ns/1.0"><forename type="first">X</forename><surname>Zhang</surname></persName>
		</author>
		<author>
			<persName xmlns="http://www.tei-c.org/ns/1.0"><forename type="first">S</forename><surname>Ren</surname></persName>
		</author>
		<author>
			<persName xmlns="http://www.tei-c.org/ns/1.0"><forename type="first">J</forename><surname>Sun</surname></persName>
		</author>
	</analytic>
	<monogr>
		<title level="m">CVPR</title>
		<imprint>
			<date type="published" when="2016" />
		</imprint>
	</monogr>
</biblStruct>

<biblStruct xml:id="b9">
	<analytic>
		<title level="a" type="main">Imagenet classification with deep convolutional neural networks</title>
		<author>
			<persName xmlns="http://www.tei-c.org/ns/1.0"><forename type="first">A</forename><surname>Krizhevsky</surname></persName>
		</author>
		<author>
			<persName xmlns="http://www.tei-c.org/ns/1.0"><forename type="first">I</forename><surname>Sutskever</surname></persName>
		</author>
		<author>
			<persName xmlns="http://www.tei-c.org/ns/1.0"><forename type="first">G</forename><surname>Hinton</surname></persName>
		</author>
	</analytic>
	<monogr>
		<title level="m">NIPS</title>
		<imprint>
			<date type="published" when="2012" />
		</imprint>
	</monogr>
</biblStruct>

<biblStruct xml:id="b10">
	<analytic>
		<title level="a" type="main">Backpropagation applied to handwritten zip code recognition</title>
		<author>
			<persName xmlns="http://www.tei-c.org/ns/1.0"><forename type="first">Y</forename><surname>Lecun</surname></persName>
		</author>
		<author>
			<persName xmlns="http://www.tei-c.org/ns/1.0"><forename type="first">B</forename><surname>Boser</surname></persName>
		</author>
		<author>
			<persName xmlns="http://www.tei-c.org/ns/1.0"><forename type="first">J</forename><forename type="middle">S</forename><surname>Denker</surname></persName>
		</author>
		<author>
			<persName xmlns="http://www.tei-c.org/ns/1.0"><forename type="first">D</forename><surname>Henderson</surname></persName>
		</author>
		<author>
			<persName xmlns="http://www.tei-c.org/ns/1.0"><forename type="first">R</forename><forename type="middle">E</forename><surname>Howard</surname></persName>
		</author>
		<author>
			<persName xmlns="http://www.tei-c.org/ns/1.0"><forename type="first">W</forename><surname>Hubbard</surname></persName>
		</author>
		<author>
			<persName xmlns="http://www.tei-c.org/ns/1.0"><forename type="first">L</forename><forename type="middle">D</forename></persName>
		</author>
	</analytic>
	<monogr>
		<title level="j">Neural computation</title>
		<imprint>
			<date type="published" when="1989" />
		</imprint>
	</monogr>
</biblStruct>

<biblStruct xml:id="b11">
	<analytic>
		<title level="a" type="main">R-CNN minus R</title>
		<author>
			<persName xmlns="http://www.tei-c.org/ns/1.0"><forename type="first">K</forename><surname>Lenc</surname></persName>
		</author>
		<author>
			<persName xmlns="http://www.tei-c.org/ns/1.0"><forename type="first">A</forename><surname>Vedaldi</surname></persName>
		</author>
	</analytic>
	<monogr>
		<title level="m">BMVC</title>
		<imprint>
			<date type="published" when="2015" />
		</imprint>
	</monogr>
</biblStruct>

<biblStruct xml:id="b12">
	<analytic>
		<title level="a" type="main">Microsoft COCO: Common objects in context</title>
		<author>
			<persName xmlns="http://www.tei-c.org/ns/1.0"><forename type="first">T.-Y</forename><surname>Lin</surname></persName>
		</author>
		<author>
			<persName xmlns="http://www.tei-c.org/ns/1.0"><forename type="first">M</forename><surname>Maire</surname></persName>
		</author>
		<author>
			<persName xmlns="http://www.tei-c.org/ns/1.0"><forename type="first">S</forename><surname>Belongie</surname></persName>
		</author>
		<author>
			<persName xmlns="http://www.tei-c.org/ns/1.0"><forename type="first">J</forename><surname>Hays</surname></persName>
		</author>
		<author>
			<persName xmlns="http://www.tei-c.org/ns/1.0"><forename type="first">P</forename><surname>Perona</surname></persName>
		</author>
		<author>
			<persName xmlns="http://www.tei-c.org/ns/1.0"><forename type="first">D</forename><surname>Ramanan</surname></persName>
		</author>
		<author>
			<persName xmlns="http://www.tei-c.org/ns/1.0"><forename type="first">P</forename><surname>Dollár</surname></persName>
		</author>
		<author>
			<persName xmlns="http://www.tei-c.org/ns/1.0"><forename type="first">C</forename><forename type="middle">L</forename><surname>Zitnick</surname></persName>
		</author>
	</analytic>
	<monogr>
		<title level="m">ECCV</title>
		<imprint>
			<date type="published" when="2014" />
		</imprint>
	</monogr>
</biblStruct>

<biblStruct xml:id="b13">
	<monogr>
		<author>
			<persName xmlns="http://www.tei-c.org/ns/1.0"><forename type="first">W</forename><surname>Liu</surname></persName>
		</author>
		<author>
			<persName xmlns="http://www.tei-c.org/ns/1.0"><forename type="first">D</forename><surname>Anguelov</surname></persName>
		</author>
		<author>
			<persName xmlns="http://www.tei-c.org/ns/1.0"><forename type="first">D</forename><surname>Erhan</surname></persName>
		</author>
		<author>
			<persName xmlns="http://www.tei-c.org/ns/1.0"><forename type="first">C</forename><surname>Szegedy</surname></persName>
		</author>
		<author>
			<persName xmlns="http://www.tei-c.org/ns/1.0"><forename type="first">S</forename><surname>Reed</surname></persName>
		</author>
		<idno type="arXiv">arXiv:1512.02325v2</idno>
		<title level="m">SSD: Single shot multibox detector</title>
		<imprint>
			<date type="published" when="2015" />
		</imprint>
	</monogr>
</biblStruct>

<biblStruct xml:id="b14">
	<analytic>
		<title level="a" type="main">Fully convolutional networks for semantic segmentation</title>
		<author>
			<persName xmlns="http://www.tei-c.org/ns/1.0"><forename type="first">J</forename><surname>Long</surname></persName>
		</author>
		<author>
			<persName xmlns="http://www.tei-c.org/ns/1.0"><forename type="first">E</forename><surname>Shelhamer</surname></persName>
		</author>
		<author>
			<persName xmlns="http://www.tei-c.org/ns/1.0"><forename type="first">T</forename><surname>Darrell</surname></persName>
		</author>
	</analytic>
	<monogr>
		<title level="m">CVPR</title>
		<imprint>
			<date type="published" when="2015" />
		</imprint>
	</monogr>
</biblStruct>

<biblStruct xml:id="b15">
	<monogr>
		<title level="m" type="main">A wavelet tour of signal processing</title>
		<author>
			<persName xmlns="http://www.tei-c.org/ns/1.0"><forename type="first">S</forename><surname>Mallat</surname></persName>
		</author>
		<imprint>
			<date type="published" when="1999" />
			<publisher>Academic press</publisher>
		</imprint>
	</monogr>
</biblStruct>

<biblStruct xml:id="b16">
	<analytic>
		<title level="a" type="main">You only look once: Unified, real-time object detection</title>
		<author>
			<persName xmlns="http://www.tei-c.org/ns/1.0"><forename type="first">J</forename><surname>Redmon</surname></persName>
		</author>
		<author>
			<persName xmlns="http://www.tei-c.org/ns/1.0"><forename type="first">S</forename><surname>Divvala</surname></persName>
		</author>
		<author>
			<persName xmlns="http://www.tei-c.org/ns/1.0"><forename type="first">R</forename><surname>Girshick</surname></persName>
		</author>
		<author>
			<persName xmlns="http://www.tei-c.org/ns/1.0"><forename type="first">A</forename><surname>Farhadi</surname></persName>
		</author>
	</analytic>
	<monogr>
		<title level="m">CVPR</title>
		<imprint>
			<date type="published" when="2016" />
		</imprint>
	</monogr>
</biblStruct>

<biblStruct xml:id="b17">
	<analytic>
		<title level="a" type="main">Faster R-CNN: Towards real-time object detection with region proposal networks</title>
		<author>
			<persName xmlns="http://www.tei-c.org/ns/1.0"><forename type="first">S</forename><surname>Ren</surname></persName>
		</author>
		<author>
			<persName xmlns="http://www.tei-c.org/ns/1.0"><forename type="first">K</forename><surname>He</surname></persName>
		</author>
		<author>
			<persName xmlns="http://www.tei-c.org/ns/1.0"><forename type="first">R</forename><surname>Girshick</surname></persName>
		</author>
		<author>
			<persName xmlns="http://www.tei-c.org/ns/1.0"><forename type="first">J</forename><surname>Sun</surname></persName>
		</author>
	</analytic>
	<monogr>
		<title level="m">NIPS</title>
		<imprint>
			<date type="published" when="2015" />
		</imprint>
	</monogr>
</biblStruct>

<biblStruct xml:id="b18">
	<monogr>
		<author>
			<persName xmlns="http://www.tei-c.org/ns/1.0"><forename type="first">S</forename><surname>Ren</surname></persName>
		</author>
		<author>
			<persName xmlns="http://www.tei-c.org/ns/1.0"><forename type="first">K</forename><surname>He</surname></persName>
		</author>
		<author>
			<persName xmlns="http://www.tei-c.org/ns/1.0"><forename type="first">R</forename><surname>Girshick</surname></persName>
		</author>
		<author>
			<persName xmlns="http://www.tei-c.org/ns/1.0"><forename type="first">X</forename><surname>Zhang</surname></persName>
		</author>
		<author>
			<persName xmlns="http://www.tei-c.org/ns/1.0"><forename type="first">J</forename><surname>Sun</surname></persName>
		</author>
		<idno type="arXiv">arXiv:1504.06066</idno>
		<title level="m">Object detection networks on convolutional feature maps</title>
		<imprint>
			<date type="published" when="2015" />
		</imprint>
	</monogr>
</biblStruct>

<biblStruct xml:id="b19">
	<monogr>
		<title/>
		<author>
			<persName xmlns="http://www.tei-c.org/ns/1.0"><forename type="first">O</forename><surname>Russakovsky</surname></persName>
		</author>
		<author>
			<persName xmlns="http://www.tei-c.org/ns/1.0"><forename type="first">J</forename><surname>Deng</surname></persName>
		</author>
		<author>
			<persName xmlns="http://www.tei-c.org/ns/1.0"><forename type="first">H</forename><surname>Su</surname></persName>
		</author>
		<author>
			<persName xmlns="http://www.tei-c.org/ns/1.0"><forename type="first">J</forename><surname>Krause</surname></persName>
		</author>
		<author>
			<persName xmlns="http://www.tei-c.org/ns/1.0"><forename type="first">S</forename><surname>Satheesh</surname></persName>
		</author>
		<author>
			<persName xmlns="http://www.tei-c.org/ns/1.0"><forename type="first">S</forename><surname>Ma</surname></persName>
		</author>
		<author>
			<persName xmlns="http://www.tei-c.org/ns/1.0"><forename type="first">Z</forename><surname>Huang</surname></persName>
		</author>
		<author>
			<persName xmlns="http://www.tei-c.org/ns/1.0"><forename type="first">A</forename><surname>Karpathy</surname></persName>
		</author>
		<author>
			<persName xmlns="http://www.tei-c.org/ns/1.0"><forename type="first">A</forename><surname>Khosla</surname></persName>
		</author>
		<author>
			<persName xmlns="http://www.tei-c.org/ns/1.0"><forename type="first">M</forename><surname>Bernstein</surname></persName>
		</author>
		<author>
			<persName xmlns="http://www.tei-c.org/ns/1.0"><forename type="first">A</forename><forename type="middle">C</forename><surname>Berg</surname></persName>
		</author>
		<author>
			<persName xmlns="http://www.tei-c.org/ns/1.0"><forename type="first">L</forename><surname>Fei-Fei</surname></persName>
		</author>
		<imprint>
			<date type="published" when="2015" />
		</imprint>
	</monogr>
	<note>ImageNet Large Scale Visual Recognition Challenge. IJCV</note>
</biblStruct>

<biblStruct xml:id="b20">
	<analytic>
		<title level="a" type="main">Overfeat: Integrated recognition, localization and detection using convolutional networks</title>
		<author>
			<persName xmlns="http://www.tei-c.org/ns/1.0"><forename type="first">P</forename><surname>Sermanet</surname></persName>
		</author>
		<author>
			<persName xmlns="http://www.tei-c.org/ns/1.0"><forename type="first">D</forename><surname>Eigen</surname></persName>
		</author>
		<author>
			<persName xmlns="http://www.tei-c.org/ns/1.0"><forename type="first">X</forename><surname>Zhang</surname></persName>
		</author>
		<author>
			<persName xmlns="http://www.tei-c.org/ns/1.0"><forename type="first">M</forename><surname>Mathieu</surname></persName>
		</author>
		<author>
			<persName xmlns="http://www.tei-c.org/ns/1.0"><forename type="first">R</forename><surname>Fergus</surname></persName>
		</author>
		<author>
			<persName xmlns="http://www.tei-c.org/ns/1.0"><forename type="first">Y</forename><surname>Lecun</surname></persName>
		</author>
	</analytic>
	<monogr>
		<title level="m">ICLR</title>
		<imprint>
			<date type="published" when="2014" />
		</imprint>
	</monogr>
</biblStruct>

<biblStruct xml:id="b21">
	<analytic>
		<title level="a" type="main">Training region-based object detectors with online hard example mining</title>
		<author>
			<persName xmlns="http://www.tei-c.org/ns/1.0"><forename type="first">A</forename><surname>Shrivastava</surname></persName>
		</author>
		<author>
			<persName xmlns="http://www.tei-c.org/ns/1.0"><forename type="first">A</forename><surname>Gupta</surname></persName>
		</author>
		<author>
			<persName xmlns="http://www.tei-c.org/ns/1.0"><forename type="first">R</forename><surname>Girshick</surname></persName>
		</author>
	</analytic>
	<monogr>
		<title level="m">CVPR</title>
		<imprint>
			<date type="published" when="2016" />
		</imprint>
	</monogr>
</biblStruct>

<biblStruct xml:id="b22">
	<analytic>
		<title level="a" type="main">Very deep convolutional networks for large-scale image recognition</title>
		<author>
			<persName xmlns="http://www.tei-c.org/ns/1.0"><forename type="first">K</forename><surname>Simonyan</surname></persName>
		</author>
		<author>
			<persName xmlns="http://www.tei-c.org/ns/1.0"><forename type="first">A</forename><surname>Zisserman</surname></persName>
		</author>
	</analytic>
	<monogr>
		<title level="m">ICLR</title>
		<imprint>
			<date type="published" when="2015" />
		</imprint>
	</monogr>
</biblStruct>

<biblStruct xml:id="b23">
	<analytic>
		<title level="a" type="main">Going deeper with convolutions</title>
		<author>
			<persName xmlns="http://www.tei-c.org/ns/1.0"><forename type="first">C</forename><surname>Szegedy</surname></persName>
		</author>
		<author>
			<persName xmlns="http://www.tei-c.org/ns/1.0"><forename type="first">W</forename><surname>Liu</surname></persName>
		</author>
		<author>
			<persName xmlns="http://www.tei-c.org/ns/1.0"><forename type="first">Y</forename><surname>Jia</surname></persName>
		</author>
		<author>
			<persName xmlns="http://www.tei-c.org/ns/1.0"><forename type="first">P</forename><surname>Sermanet</surname></persName>
		</author>
		<author>
			<persName xmlns="http://www.tei-c.org/ns/1.0"><forename type="first">S</forename><surname>Reed</surname></persName>
		</author>
		<author>
			<persName xmlns="http://www.tei-c.org/ns/1.0"><forename type="first">D</forename><surname>Anguelov</surname></persName>
		</author>
		<author>
			<persName xmlns="http://www.tei-c.org/ns/1.0"><forename type="first">D</forename><surname>Erhan</surname></persName>
		</author>
		<author>
			<persName xmlns="http://www.tei-c.org/ns/1.0"><forename type="first">A</forename><surname>Rabinovich</surname></persName>
		</author>
	</analytic>
	<monogr>
		<title level="m">CVPR</title>
		<imprint>
			<date type="published" when="2015" />
		</imprint>
	</monogr>
</biblStruct>

<biblStruct xml:id="b24">
	<analytic>
		<title level="a" type="main">Deep neural networks for object detection</title>
		<author>
			<persName xmlns="http://www.tei-c.org/ns/1.0"><forename type="first">C</forename><surname>Szegedy</surname></persName>
		</author>
		<author>
			<persName xmlns="http://www.tei-c.org/ns/1.0"><forename type="first">A</forename><surname>Toshev</surname></persName>
		</author>
		<author>
			<persName xmlns="http://www.tei-c.org/ns/1.0"><forename type="first">D</forename><surname>Erhan</surname></persName>
		</author>
	</analytic>
	<monogr>
		<title level="m">NIPS</title>
		<imprint>
			<date type="published" when="2013" />
		</imprint>
	</monogr>
</biblStruct>

<biblStruct xml:id="b25">
	<analytic>
		<title level="a" type="main">Rethinking the inception architecture for computer vision</title>
		<author>
			<persName xmlns="http://www.tei-c.org/ns/1.0"><forename type="first">C</forename><surname>Szegedy</surname></persName>
		</author>
		<author>
			<persName xmlns="http://www.tei-c.org/ns/1.0"><forename type="first">V</forename><surname>Vanhoucke</surname></persName>
		</author>
		<author>
			<persName xmlns="http://www.tei-c.org/ns/1.0"><forename type="first">S</forename><surname>Ioffe</surname></persName>
		</author>
		<author>
			<persName xmlns="http://www.tei-c.org/ns/1.0"><forename type="first">J</forename><surname>Shlens</surname></persName>
		</author>
		<author>
			<persName xmlns="http://www.tei-c.org/ns/1.0"><forename type="first">Z</forename><surname>Wojna</surname></persName>
		</author>
	</analytic>
	<monogr>
		<title level="m">CVPR</title>
		<imprint>
			<date type="published" when="2016" />
		</imprint>
	</monogr>
</biblStruct>

<biblStruct xml:id="b26">
	<monogr>
		<title level="m" type="main">Selective search for object recognition</title>
		<author>
			<persName xmlns="http://www.tei-c.org/ns/1.0"><forename type="first">J</forename><forename type="middle">R</forename><surname>Uijlings</surname></persName>
		</author>
		<author>
			<persName xmlns="http://www.tei-c.org/ns/1.0"><forename type="first">K</forename><forename type="middle">E</forename><surname>Van De Sande</surname></persName>
		</author>
		<author>
			<persName xmlns="http://www.tei-c.org/ns/1.0"><forename type="first">T</forename><surname>Gevers</surname></persName>
		</author>
		<author>
			<persName xmlns="http://www.tei-c.org/ns/1.0"><forename type="first">A</forename><forename type="middle">W</forename><surname>Smeulders</surname></persName>
		</author>
		<imprint>
			<date type="published" when="2013" />
			<publisher>IJCV</publisher>
		</imprint>
	</monogr>
</biblStruct>

<biblStruct xml:id="b27">
	<analytic>
		<title level="a" type="main">Edge boxes: Locating object proposals from edges</title>
		<author>
			<persName xmlns="http://www.tei-c.org/ns/1.0"><forename type="first">C</forename><forename type="middle">L</forename><surname>Zitnick</surname></persName>
		</author>
		<author>
			<persName xmlns="http://www.tei-c.org/ns/1.0"><forename type="first">P</forename><surname>Dollár</surname></persName>
		</author>
	</analytic>
	<monogr>
		<title level="m">ECCV</title>
		<imprint>
			<date type="published" when="2014" />
		</imprint>
	</monogr>
</biblStruct>

				</listBibl>
			</div>
		</back>
	</text>
</TEI>
