<?xml version="1.0" encoding="UTF-8"?>
<TEI xml:space="preserve" xmlns="http://www.tei-c.org/ns/1.0" 
xmlns:xsi="http://www.w3.org/2001/XMLSchema-instance" 
xsi:schemaLocation="http://www.tei-c.org/ns/1.0 /Users/cindy/tmp/grobid-0.6.1/grobid-home/schemas/xsd/Grobid.xsd"
 xmlns:xlink="http://www.w3.org/1999/xlink">
	<teiHeader xml:lang="en">
		<fileDesc>
			<titleStmt>
				<title level="a" type="main">Teaching Machines to Read and Comprehend</title>
			</titleStmt>
			<publicationStmt>
				<publisher/>
				<availability status="unknown"><licence/></availability>
				<date type="published" when="2015-11-19">19 Nov 2015</date>
			</publicationStmt>
			<sourceDesc>
				<biblStruct>
					<analytic>
						<author>
							<persName xmlns="http://www.tei-c.org/ns/1.0"><forename type="first">Karl</forename><surname>Moritz</surname></persName>
							<affiliation key="aff0">
								<orgName type="institution">University of Oxford</orgName>
							</affiliation>
						</author>
						<author>
							<persName xmlns="http://www.tei-c.org/ns/1.0"><forename type="first">Tomáš</forename><surname>Kočiský</surname></persName>
							<email>tkocisky@google.com</email>
							<affiliation key="aff0">
								<orgName type="institution">University of Oxford</orgName>
							</affiliation>
						</author>
						<author>
							<persName xmlns="http://www.tei-c.org/ns/1.0"><forename type="first">‡</forename><forename type="middle">Edward</forename><surname>Grefenstette</surname></persName>
							<affiliation key="aff0">
								<orgName type="institution">University of Oxford</orgName>
							</affiliation>
						</author>
						<author>
							<persName xmlns="http://www.tei-c.org/ns/1.0"><forename type="first">Lasse</forename><surname>Espeholt</surname></persName>
							<email>lespeholt@google.com</email>
							<affiliation key="aff0">
								<orgName type="institution">University of Oxford</orgName>
							</affiliation>
						</author>
						<author>
							<persName xmlns="http://www.tei-c.org/ns/1.0"><forename type="first">Will</forename><surname>Kay</surname></persName>
							<email>wkay@google.com</email>
							<affiliation key="aff0">
								<orgName type="institution">University of Oxford</orgName>
							</affiliation>
						</author>
						<author>
							<persName xmlns="http://www.tei-c.org/ns/1.0"><forename type="first">Mustafa</forename><surname>Suleyman</surname></persName>
							<email>mustafasul@google.com</email>
							<affiliation key="aff0">
								<orgName type="institution">University of Oxford</orgName>
							</affiliation>
						</author>
						<author>
							<persName xmlns="http://www.tei-c.org/ns/1.0"><forename type="first">Phil</forename><surname>Blunsom</surname></persName>
							<email>pblunsom@google.com</email>
							<affiliation key="aff0">
								<orgName type="institution">University of Oxford</orgName>
							</affiliation>
						</author>
						<author>
							<persName xmlns="http://www.tei-c.org/ns/1.0"><forename type="first">Google</forename><surname>Deepmind</surname></persName>
							<affiliation key="aff0">
								<orgName type="institution">University of Oxford</orgName>
							</affiliation>
						</author>
						<title level="a" type="main">Teaching Machines to Read and Comprehend</title>
					</analytic>
					<monogr>
						<imprint>
							<date type="published" when="2015-11-19">19 Nov 2015</date>
						</imprint>
					</monogr>
					<idno type="arXiv">arXiv:1506.03340v3[cs.CL]</idno>
				</biblStruct>
			</sourceDesc>
		</fileDesc>
		<encodingDesc>
			<appInfo>
				<application version="0.6.1" ident="GROBID" when="2021-01-31T12:41+0000">
					<desc>GROBID - A machine learning software for extracting information from scholarly documents</desc>
					<ref target="https://github.com/kermitt2/grobid"/>
				</application>
			</appInfo>
		</encodingDesc>
		<profileDesc>
			<abstract>
				<p>Teaching machines to read natural language documents remains an elusive challenge. Machine reading systems can be tested on their ability to answer questions posed on the contents of documents that they have seen, but until now large scale training and test datasets have been missing for this type of evaluation. In this work we define a new methodology that resolves this bottleneck and provides large scale supervised reading comprehension data. This allows us to develop a class of attention based deep neural networks that learn to read real documents and answer complex questions with minimal prior knowledge of language structure.</p>
			</abstract>
		</profileDesc>
	</teiHeader>
	<text xml:lang="en">
		<body>
<div xmlns="http://www.tei-c.org/ns/1.0"><head n="1">Introduction</head><p>Progress on the path from shallow bag-of-words information retrieval algorithms to machines capable of reading and understanding documents has been slow. Traditional approaches to machine reading and comprehension have been based on either hand engineered grammars <ref type="bibr" target="#b0">[1]</ref>, or information extraction methods of detecting predicate argument triples that can later be queried as a relational database <ref type="bibr" target="#b1">[2]</ref>. Supervised machine learning approaches have largely been absent from this space due to both the lack of large scale training datasets, and the difficulty in structuring statistical models flexible enough to learn to exploit document structure.</p><p>While obtaining supervised natural language reading comprehension data has proved difficult, some researchers have explored generating synthetic narratives and queries <ref type="bibr" target="#b2">[3,</ref><ref type="bibr" target="#b3">4]</ref>. Such approaches allow the generation of almost unlimited amounts of supervised data and enable researchers to isolate the performance of their algorithms on individual simulated phenomena. Work on such data has shown that neural network based models hold promise for modelling reading comprehension, something that we will build upon here. Historically, however, many similar approaches in Computational Linguistics have failed to manage the transition from synthetic data to real environments, as such closed worlds inevitably fail to capture the complexity, richness, and noise of natural language <ref type="bibr" target="#b4">[5]</ref>.</p><p>In this work we seek to directly address the lack of real natural language training data by introducing a novel approach to building a supervised reading comprehension data set. We observe that summary and paraphrase sentences, with their associated documents, can be readily converted to context-query-answer triples using simple entity detection and anonymisation algorithms. Using this approach we have collected two new corpora of roughly a million news stories with associated queries from the CNN and Daily Mail websites.</p><p>We demonstrate the efficacy of our new corpora by building novel deep learning models for reading comprehension. These models draw on recent developments for incorporating attention mechanisms into recurrent neural network architectures <ref type="bibr" target="#b5">[6,</ref><ref type="bibr" target="#b6">7,</ref><ref type="bibr" target="#b7">8,</ref><ref type="bibr" target="#b3">4]</ref>. This allows a model to focus on the aspects of a document that it believes will help it answer a question, and also allows us to visualises its inference process. We compare these neural models to a range of baselines and heuristic benchmarks based upon a traditional frame semantic analysis provided by a state-of-the-art natural language processing  (NLP) pipeline. Our results indicate that the neural models achieve a higher accuracy, and do so without any specific encoding of the document or query structure.</p></div>
<div xmlns="http://www.tei-c.org/ns/1.0"><head n="2">Supervised training data for reading comprehension</head><p>The reading comprehension task naturally lends itself to a formulation as a supervised learning problem. Specifically we seek to estimate the conditional probability p(a|c, q), where c is a context document, q a query relating to that document, and a the answer to that query. For a focused evaluation we wish to be able to exclude additional information, such as world knowledge gained from co-occurrence statistics, in order to test a model's core capability to detect and understand the linguistic relationships between entities in the context document.</p><p>Such an approach requires a large training corpus of document-query-answer triples and until now such corpora have been limited to hundreds of examples and thus mostly of use only for testing <ref type="bibr" target="#b8">[9]</ref>. This limitation has meant that most work in this area has taken the form of unsupervised approaches which use templates or syntactic/semantic analysers to extract relation tuples from the document to form a knowledge graph that can be queried.</p><p>Here we propose a methodology for creating real-world, large scale supervised training data for learning reading comprehension models. Inspired by work in summarisation <ref type="bibr" target="#b9">[10,</ref><ref type="bibr" target="#b10">11]</ref>, we create two machine reading corpora by exploiting online newspaper articles and their matching summaries. We have collected 93k articles from the CNN 1 and 220k articles from the Daily Mail 2 websites. Both news providers supplement their articles with a number of bullet points, summarising aspects of the information contained in the article. Of key importance is that these summary points are abstractive and do not simply copy sentences from the documents. We construct a corpus of document-queryanswer triples by turning these bullet points into Cloze <ref type="bibr" target="#b11">[12]</ref> style questions by replacing one entity at a time with a placeholder. This results in a combined corpus of roughly 1M data points <ref type="table" target="#tab_0">(Table 1)</ref>. Code to replicate our datasets-and to apply this method to other sources-is available online 3 .</p></div>
<div xmlns="http://www.tei-c.org/ns/1.0"><head n="2.1">Entity replacement and permutation</head><p>Note that the focus of this paper is to provide a corpus for evaluating a model's ability to read and comprehend a single document, not world knowledge or co-occurrence. To understand that distinction consider for instance the following Cloze form queries (created from headlines in the Daily Mail validation set): a) The hi-tech bra that helps you beat breast X; b) Could Saccharin help beat X ?; c) Can fish oils help fight prostate X ? An ngram language model trained on the Daily Mail would easily correctly predict that (X = cancer), regardless of the contents of the context document, simply because this is a very frequently cured entity in the Daily Mail corpus.</p></div>
<div xmlns="http://www.tei-c.org/ns/1.0"><head>Original Version</head><p>Anonymised Version</p></div>
<div xmlns="http://www.tei-c.org/ns/1.0"><head>Context</head><p>The BBC producer allegedly struck by Jeremy Clarkson will not press charges against the "Top Gear" host, his lawyer said Friday. Clarkson, who hosted one of the most-watched television shows in the world, was dropped by the BBC Wednesday after an internal investigation by the British broadcaster found he had subjected producer Oisin Tymon "to an unprovoked physical and verbal attack." . . . the ent381 producer allegedly struck by ent212 will not press charges against the " ent153 " host , his lawyer said friday . ent212 , who hosted one of the most -watched television shows in the world , was dropped by the ent381 wednesday after an internal investigation by the ent180 broadcaster found he had subjected producer ent193 " to an unprovoked physical and verbal attack . " . . .</p></div>
<div xmlns="http://www.tei-c.org/ns/1.0"><head>Query</head><p>Producer X will not press charges against Jeremy Clarkson, his lawyer says.</p><p>producer X will not press charges against ent212 , his lawyer says .</p></div>
<div xmlns="http://www.tei-c.org/ns/1.0"><head>Answer</head><p>Oisin Tymon ent193 To prevent such degenerate solutions and create a focused task we anonymise and randomise our corpora with the following procedure, a) use a coreference system to establish coreferents in each data point; b) replace all entities with abstract entity markers according to coreference; c) randomly permute these entity markers whenever a data point is loaded.</p><p>Compare the original and anonymised version of the example in <ref type="table" target="#tab_2">Table 3</ref>. Clearly a human reader can answer both queries correctly. However in the anonymised setup the context document is required for answering the query, whereas the original version could also be answered by someone with the requisite background knowledge. Therefore, following this procedure, the only remaining strategy for answering questions is to do so by exploiting the context presented with each question. Thus performance on our two corpora truly measures reading comprehension capability. Naturally a production system would benefit from using all available information sources, such as clues through language and co-occurrence statistics. <ref type="table" target="#tab_1">Table 2</ref> gives an indication of the difficulty of the task, showing how frequent the correct answer is contained in the top N entity markers in a given document. Note that our models don't distinguish between entity markers and regular words. This makes the task harder and the models more general.</p></div>
<div xmlns="http://www.tei-c.org/ns/1.0"><head n="3">Models</head><p>So far we have motivated the need for better datasets and tasks to evaluate the capabilities of machine reading models. We proceed by describing a number of baselines, benchmarks and new models to evaluate against this paradigm. We define two simple baselines, the majority baseline (maximum frequency) picks the entity most frequently observed in the context document, whereas the exclusive majority (exclusive frequency) chooses the entity most frequently observed in the context but not observed in the query. The idea behind this exclusion is that the placeholder is unlikely to be mentioned twice in a single Cloze form query.</p></div>
<div xmlns="http://www.tei-c.org/ns/1.0"><head n="3.1">Symbolic Matching Models</head><p>Traditionally, a pipeline of NLP models has been used for attempting question answering, that is models that make heavy use of linguistic annotation, structured world knowledge and semantic parsing and similar NLP pipeline outputs. Building on these approaches, we define a number of NLP-centric models for our machine reading task.</p><p>Frame-Semantic Parsing Frame-semantic parsing attempts to identify predicates and their arguments, allowing models access to information about "who did what to whom". Naturally this kind of annotation lends itself to being exploited for question answering. We develop a benchmark that makes use of frame-semantic annotations which we obtained by parsing our model with a state-ofthe-art frame-semantic parser <ref type="bibr" target="#b12">[13,</ref><ref type="bibr" target="#b13">14]</ref>. As the parser makes extensive use of linguistic information we run these benchmarks on the unanonymised version of our corpora. There is no significant advantage in this as the frame-semantic approach used here does not possess the capability to generalise through a language model beyond exploiting one during the parsing phase. Thus, the key objective of evaluating machine comprehension abilities is maintained. Extracting entity-predicate triplesdenoted as (e 1 , V, e 2 )-from both the query q and context document d, we attempt to resolve queries using a number of rules with an increasing recall/precision trade-off as follows <ref type="table">(Table 4)</ref>.</p><formula xml:id="formula_0">Strategy Pattern ∈ q Pattern ∈ d Example (Cloze / Context) 1 Exact match (p, V, y) (x, V, y) X loves Suse / Kim loves Suse 2 be.01.V match (p, be.01.V, y) (x, be.01.V, y) X is president / Mike is president 3 Correct frame (p, V, y) (x, V, z) X won Oscar / Tom won Academy Award 4 Permuted frame (p, V, y) (y, V, x) X met Suse / Suse met Tom 5 Matching entity (p, V, y) (x, Z, y)</formula><p>X likes candy / Tom loves candy 6 Back-off strategy Pick the most frequent entity from the context that doesn't appear in the query <ref type="table">Table 4</ref>: Resolution strategies using PropBank triples. x denotes the entity proposed as answer, V is a fully qualified PropBank frame (e.g. give.01.V). Strategies are ordered by precedence and answers determined accordingly. This heuristic algorithm was iteratively tuned on the validation data set.</p><p>For reasons of clarity, we pretend that all PropBank triples are of the form (e 1 , V, e 2 ). In practice, we take the argument numberings of the parser into account and only compare like with like, except in cases such as the permuted frame rule, where ordering is relaxed. In the case of multiple possible answers from a single rule, we randomly choose one.</p></div>
<div xmlns="http://www.tei-c.org/ns/1.0"><head>Word Distance Benchmark</head><p>We consider another baseline that relies on word distance measurements. Here, we align the placeholder of the Cloze form question with each possible entity in the context document and calculate a distance measure between the question and the context around the aligned entity. This score is calculated by summing the distances of every word in q to their nearest aligned word in d, where alignment is defined by matching words either directly or as aligned by the coreference system. We tune the maximum penalty per word (m = 8) on the validation data.</p></div>
<div xmlns="http://www.tei-c.org/ns/1.0"><head n="3.2">Neural Network Models</head><p>Neural networks have successfully been applied to a range of tasks in NLP. This includes classification tasks such as sentiment analysis <ref type="bibr" target="#b14">[15]</ref> or POS tagging <ref type="bibr" target="#b15">[16]</ref>, as well as generative problems such as language modelling or machine translation <ref type="bibr" target="#b16">[17]</ref>. We propose three neural models for estimating the probability of word type a from document d answering query q:</p><formula xml:id="formula_1">p(a|d, q) ∝ exp (W (a)g(d, q)) , s.t. a ∈ V,</formula><p>where V is the vocabulary <ref type="bibr" target="#b3">4</ref> , and W (a) indexes row a of weight matrix W and through a slight abuse of notation word types double as indexes. Note that we do not privilege entities or variables, the model must learn to differentiate these in the input sequence. The function g(d, q) returns a vector embedding of a document and query pair.</p><p>The Deep LSTM Reader Long short-term memory (LSTM, <ref type="bibr" target="#b17">[18]</ref>) networks have recently seen considerable success in tasks such as machine translation and language modelling <ref type="bibr" target="#b16">[17]</ref>. When used for translation, Deep LSTMs <ref type="bibr" target="#b18">[19]</ref> have shown a remarkable ability to embed long sequences into a vector representation which contains enough information to generate a full translation in another language. Our first neural model for reading comprehension tests the ability of Deep LSTM encoders to handle significantly longer sequences. We feed our documents one word at a time into a Deep LSTM encoder, after a delimiter we then also feed the query into the encoder. Alternatively we also experiment with processing the query then the document. The result is that this model processes each document query pair as a single long sequence. Given the embedded document and query the network predicts which token in the document answers the query.   We employ a Deep LSTM cell with skip connections from each input x(t) to every hidden layer, and from every hidden layer to the output y(t):</p><p>x</p><formula xml:id="formula_2">(t, k) = x(t)||y (t, k − 1), y(t) = y (t, 1)|| . . . ||y (t, K) i(t, k) = σ (W kxi x (t, k) + W khi h(t − 1, k) + W kci c(t − 1, k) + b ki ) f (t, k) = σ (W kxf x(t) + W khf h(t − 1, k) + W kcf c(t − 1, k) + b kf ) c(t, k) = f (t, k)c(t − 1, k) + i(t, k) tanh (W kxc x (t, k) + W khc h(t − 1, k) + b kc ) o(t, k) = σ (W kxo x (t, k) + W kho h(t − 1, k) + W kco c(t, k) + b ko ) h(t, k) = o(t, k) tanh (c(t, k))</formula><p>y (t, k) = W ky h(t, k) + b ky where || indicates vector concatenation h(t, k) is the hidden state for layer k at time t, and i, f , o are the input, forget, and output gates respectively. Thus our Deep LSTM Reader is defined by g LSTM (d, q) = y(|d| + |q|) with input x(t) the concatenation of d and q separated by the delimiter |||.</p><p>The Attentive Reader The Deep LSTM Reader must propagate dependencies over long distances in order to connect queries to their answers. The fixed width hidden vector forms a bottleneck for this information flow that we propose to circumvent using an attention mechanism inspired by recent results in translation and image recognition <ref type="bibr" target="#b5">[6,</ref><ref type="bibr" target="#b6">7]</ref>. This attention model first encodes the document and the query using separate bidirectional single layer LSTMs <ref type="bibr" target="#b18">[19]</ref>.</p><p>We denote the outputs of the forward and backward LSTMs as − → y (t) and ← − y (t) respectively. The encoding u of a query of length |q| is formed by the concatenation of the final forward and backward outputs,</p><formula xml:id="formula_3">u = − → y q (|q|) || ← − y q (1).</formula><p>For the document the composite output for each token at position t is, y</p><formula xml:id="formula_4">d (t) = − → y d (t) || ← − y d (t).</formula><p>The representation r of the document d is formed by a weighted sum of these output vectors. These weights are interpreted as the degree to which the network attends to a particular token in the document when answering the query: The model is completed with the definition of the joint document and query embedding via a nonlinear combination:</p><formula xml:id="formula_5">m(t) = tanh (W ym y d (t) + W um u) , s<label>(t</label></formula><formula xml:id="formula_6">g AR (d, q) = tanh (W rg r + W ug u) .</formula><p>The Attentive Reader can be viewed as a generalisation of the application of Memory Networks to question answering <ref type="bibr" target="#b2">[3]</ref>. That model employs an attention mechanism at the sentence level where each sentence is represented by a bag of embeddings. The Attentive Reader employs a finer grained token level attention mechanism where the tokens are embedded given their entire future and past context in the input document.</p><p>The Impatient Reader The Attentive Reader is able to focus on the passages of a context document that are most likely to inform the answer to the query. We can go further by equipping the model with the ability to reread from the document as each query token is read. At each token i of the query q the model computes a document representation vector r(i) using the bidirectional embedding</p><formula xml:id="formula_7">y q (i) = − → y q (i) || ← − y q (i): m(i, t) = tanh (W dm y d (t) + W rm r(i − 1) + W qm y q (i)) , 1 ≤ i ≤ |q|, s(i, t) ∝ exp (w ms m(i, t)) , r(0) = r 0 , r(i) = y d s(i) + tanh (W rr r(i − 1)) 1 ≤ i ≤ |q|.</formula><p>The result is an attention mechanism that allows the model to recurrently accumulate information from the document as it sees each query token, ultimately outputting a final joint document query representation for the answer prediction,</p><formula xml:id="formula_8">g IR (d, q) = tanh (W rg r(|q|) + W qg u) .</formula></div>
<div xmlns="http://www.tei-c.org/ns/1.0"><head n="4">Empirical Evaluation</head><p>Having described a number of models in the previous section, we next evaluate these models on our reading comprehension corpora. Our hypothesis is that neural models should in principle be well suited for this task. However, we argued that simple recurrent models such as the LSTM probably have insufficient expressive power for solving tasks that require complex inference. We expect that the attention-based models would therefore outperform the pure LSTM-based approaches.</p><p>Considering the second dimension of our investigation, the comparison of traditional versus neural approaches to NLP, we do not have a strong prior favouring one approach over the other. While numerous publications in the past few years have demonstrated neural models outperforming classical methods, it remains unclear how much of that is a side-effect of the language modelling capabilities intrinsic to any neural model for NLP. The entity anonymisation and permutation aspect of the task presented here may end up levelling the playing field in that regard, favouring models capable of dealing with syntax rather than just semantics.</p><p>With these considerations in mind, the experimental part of this paper is designed with a threefold aim. First, we want to establish the difficulty of our machine reading task by applying a wide range of models to it. Second, we compare the performance of parse-based methods versus that of neural models. Third, within the group of neural models examined, we want to determine what each component contributes to the end performance; that is, we want to analyse the extent to which an LSTM can solve this task, and to what extent various attention mechanisms impact performance.</p><p>All model hyperparameters were tuned on the respective validation sets of the two corpora. <ref type="bibr" target="#b4">5</ref> Our experimental results are in  <ref type="bibr" target="#b15">[16,</ref><ref type="bibr">32]</ref> and dropout [0.0, 0.1, 0.2]. We evaluate two types of feeds. In the cqa setup we feed first the context document and subsequently the question into the encoder, while the qca model starts by feeding in the question followed by the context document. We report results on the best model (underlined hyperparameters, qca setup).   Frame-semantic benchmark While the one frame-semantic model proposed in this paper is clearly a simplification of what could be achieved with annotations from an NLP pipeline, it does highlight the difficulty of the task when approached from a symbolic NLP perspective.</p><p>Two issues stand out when analysing the results in detail. First, the frame-semantic pipeline has a poor degree of coverage with many relations not being picked up by our PropBank parser as they do not adhere to the default predicate-argument structure. This effect is exacerbated by the type of language used in the highlights that form the basis of our datasets. The second issue is that the frame-semantic approach does not trivially scale to situations where several sentences, and thus frames, are required to answer a query. This was true for the majority of queries in the dataset.</p><p>Word distance benchmark More surprising perhaps is the relatively strong performance of the word distance benchmark, particularly relative to the frame-semantic benchmark, which we had expected to perform better. Here, again, the nature of the datasets used can explain aspects of this result. Where the frame-semantic model suffered due to the language used in the highlights, the word distance model benefited. Particularly in the case of the Daily Mail dataset, highlights frequently have significant lexical overlap with passages in the accompanying article, which makes it easy for the word distance benchmark. For instance the query "Tom Hanks is friends with X's manager, Scooter Brown" has the phrase "... turns out he is good friends with Scooter Brown, manager for Carly Rae Jepson" in the context. The word distance benchmark correctly aligns these two while the frame-semantic approach fails to pickup the friendship or management relations when parsing the query. We expect that on other types of machine reading data where questions rather than Cloze queries are used this particular model would perform significantly worse.</p><p>Neural models Within the group of neural models explored here, the results paint a clear picture with the Impatient and the Attentive Readers outperforming all other models. This is consistent with our hypothesis that attention is a key ingredient for machine reading and question answering due to the need to propagate information over long distances. The Deep LSTM Reader performs surprisingly well, once again demonstrating that this simple sequential architecture can do a reasonable job of learning to abstract long sequences, even when they are up to two thousand tokens in length. However this model does fail to match the performance of the attention based models, even though these only use single layer LSTMs. <ref type="bibr" target="#b5">6</ref> The poor results of the Uniform Reader support our hypothesis of the significance of the attention mechanism in the Attentive model's performance as the only difference between these models is that the attention variables are ignored in the Uniform Reader. The precision@recall statistics in <ref type="figure" target="#fig_4">Figure 2</ref> again highlight the strength of the attentive approach.</p><p>We can visualise the attention mechanism as a heatmap over a context document to gain further insight into the models' performance. The highlighted words show which tokens in the document were attended to by the model. In addition we must also take into account that the vectors at each</p><p>Memory constraints prevented us from experimenting with deeper Attentive Readers.</p><p>. . .</p><p>. . . <ref type="figure">Figure 3</ref>: Attention heat maps from the Attentive Reader for two correctly answered validation set queries (the correct answers are ent23 and ent63, respectively). Both examples require significant lexical generalisation and co-reference resolution in order to be answered correctly by a given model.</p><p>token integrate long range contextual information via the bidirectional LSTM encoders. <ref type="figure">Figure 3</ref> depicts heat maps for two queries that were correctly answered by the Attentive Reader. <ref type="bibr" target="#b6">7</ref> In both cases confidently arriving at the correct answer requires the model to perform both significant lexical generalsiation, e.g. 'killed' → 'deceased', and co-reference or anaphora resolution, e.g. 'ent119 was killed' → 'he was identified.' However it is also clear that the model is able to integrate these signals with rough heuristic indicators such as the proximity of query words to the candidate answer.</p></div>
<div xmlns="http://www.tei-c.org/ns/1.0"><head n="5">Conclusion</head><p>The supervised paradigm for training machine reading and comprehension models provides a promising avenue for making progress on the path to building full natural language understanding systems. We have demonstrated a methodology for obtaining a large number of document-queryanswer triples and shown that recurrent and attention based neural networks provide an effective modelling framework for this task. Our analysis indicates that the Attentive and Impatient Readers are able to propagate and integrate semantic information over long distances. In particular we believe that the incorporation of an attention mechanism is the key contributor to these results.</p><p>The attention mechanism that we have employed is just one instantiation of a very general idea which can be further exploited. However, the incorporation of world knowledge and multi-document queries will also require the development of attention and embedding mechanisms whose complexity to query does not scale linearly with the data set size. There are still many queries requiring complex inference and long range reference resolution that our models are not yet able to answer. As such our data provides a scalable challenge that should support NLP research into the future. Further, significantly bigger training data sets can be acquired using the techniques we have described, undoubtedly allowing us to train more expressive and accurate models.</p></div>
<div xmlns="http://www.tei-c.org/ns/1.0"><head>A Model hyperparameters</head><p>The precise hyperparameters used for the various attentive models are as in <ref type="table" target="#tab_7">Table 6</ref>. All models were trained using asynchronous RmsProp <ref type="bibr" target="#b19">[20]</ref> with a momentum of 0.9 and a decay of 0.95.  To understand how the model performance depends on the size of the context, we plot performance versus document lengths in Figures 4 and 5. The first figure <ref type="figure" target="#fig_5">(Fig. 4</ref>) plots a sliding window of performance across document length, showing that performance of the attentive models degrades slightly as documents increase in length. The second figure <ref type="figure" target="#fig_6">(Fig. 5)</ref> shows the cumulative performance with documents up to length N , showing that while the length does impact the models' performance, that effect becomes negligible after reaching a length of~500 tokens.  </p></div>
<div xmlns="http://www.tei-c.org/ns/1.0"><head>Model</head></div>
<div xmlns="http://www.tei-c.org/ns/1.0"><head>C Additional Heatmap Analysis</head><p>We expand on the analysis of the attention mechanism presented in the paper by including visualisations for additional queries from the CNN validation dataset below. We consider examples from the Attentive Reader as well as the Impatient Reader in this appendix.</p></div>
<div xmlns="http://www.tei-c.org/ns/1.0"><head>C.1 Attentive Reader</head><p>Positive Instances <ref type="figure">Figure 6</ref> shows two positive examples from the CNN validation set that require reasonable levels of lexical generalisation and co-reference in order to be answered. The first query in <ref type="figure">Figure 7</ref> contains strong lexical cues through the quote, but requires identifying the entity quoted, which is non-trivial in the context document. The final positive example (also in <ref type="figure">Figure 7</ref>) demonstrates the fearlessness of our model. <ref type="figure">Figure 6</ref>: Attention heat maps from the Attentive Reader for two more correctly answered validation set queries. Both examples require significant lexical generalisation and co-reference resolution to find the correct answers ent201 and ent214, respectively.</p><p>Negative Instances <ref type="figure" target="#fig_7">Figures 8 and 9</ref> show examples of queries where the Attentive Reader fails to select the correct answer. The two examples in <ref type="figure">Figure 8</ref> highlight a fairly common phenomenon in the data, namely ambiguous queries, where-at least following the anonymisation processmultiple entities are plausible answers even when evaluated manually. Note that in both cases the query searches for an entity marker that describes a geographic location, preceded by the word "in".</p><p>Here it is unclear whether the placeholder refers to a part of town, town, region or country. <ref type="figure" target="#fig_7">Figure 9</ref> contains two additional negative cases. The first failure is caused by the co-reference entity selection process. The correct entity, ent15, and the predicted one, ent81, both refer to the same person, but not being clustered together. Arguably this is a difficult clustering as one entity refers to "Kate Middleton" and the other to "The Duchess of Cambridge". The right example shows a situation in which the model fails as it perhaps gets too little information from the short query and then selects the wrong cue with the term "claims" near the wrongly identified entity ent1 (correct: ent74).</p></div>
<div xmlns="http://www.tei-c.org/ns/1.0"><head>C.2 Impatient Reader</head><p>To give a better intuition for the behaviour of the Impatient Reader, we use a similar visualisation technique as before. However, this time around we highlight the attention at every time step as the model updates its focus while moving through a given query. <ref type="figure" target="#fig_2">Figures 10-13</ref> shows how the attention of the Impatient Reader changes and becomes increasingly more accurate as the model <ref type="figure">Figure 7</ref>: Two more correctly answered validation set queries. The left example (entity ent315) requires correctly attributing the quote, which does not appear trivial with a number of other candidate entities in the vicinity. The right hand side shows our model is not afraid of Chuck Norris (ent164). <ref type="figure">Figure 8</ref>: Attention heat maps from the Attentive Reader for two wrongly answered validation set queries. In the left case the model returns ent85 (correct: ent67), in the right example it gives ent24 (correct: ent64). In both cases the query is unanswerable due to its ambiguous nature and the model selects a plausible answer.</p><p>considers larger parts of the query. Note how the attention is distributed fairly arbitraty at first, slowly focussing on the correct entity ent5 only once the question has sufficiently been parsed.     </p></div><figure xmlns="http://www.tei-c.org/ns/1.0" xml:id="fig_1"><head></head><label></label><figDesc>A two layer Deep LSTM Reader with the question encoded before the document.</figDesc></figure>
<figure xmlns="http://www.tei-c.org/ns/1.0" xml:id="fig_2"><head>Figure 1 :</head><label>1</label><figDesc>Document and query embedding models.</figDesc></figure>
<figure xmlns="http://www.tei-c.org/ns/1.0" xml:id="fig_3"><head></head><label></label><figDesc>) ∝ exp (w ms m(t)) , r = y d s, where we are interpreting y d as a matrix with each column being the composite representation y d (t) of document token t. The variable s(t) is the normalised attention at token t. Given this attention score the embedding of the document r is computed as the weighted sum of the token embeddings.</figDesc></figure>
<figure xmlns="http://www.tei-c.org/ns/1.0" xml:id="fig_4"><head>Figure 2 :</head><label>2</label><figDesc>Precision@Recall for the attention models on the CNN validation data.</figDesc></figure>
<figure xmlns="http://www.tei-c.org/ns/1.0" xml:id="fig_5"><head>Figure 4 :</head><label>4</label><figDesc>Precision@Document Length for the attention models on the CNN validation data. The chart shows the precision for each decile in document lengths across the corpus as well as the precision for the 5% longest articles.</figDesc></figure>
<figure xmlns="http://www.tei-c.org/ns/1.0" xml:id="fig_6"><head>Figure 5 :</head><label>5</label><figDesc>Aggregated precision for documents up to a certain lengths. The points mark the i th decile in document lengths across the corpus.</figDesc></figure>
<figure xmlns="http://www.tei-c.org/ns/1.0" xml:id="fig_7"><head>Figure 9 :</head><label>9</label><figDesc>Additional heat maps for negative results. Here the left query selected ent81 instead of ent15 and the right query ent1 instead of ent74.</figDesc></figure>
<figure xmlns="http://www.tei-c.org/ns/1.0" xml:id="fig_8"><head>Figure 10 :</head><label>10</label><figDesc>Attention of the Impatient Reader at time steps 1, 2 and 3.</figDesc></figure>
<figure xmlns="http://www.tei-c.org/ns/1.0" xml:id="fig_9"><head>Figure 11 :</head><label>11</label><figDesc>Attention of the Impatient Reader at time steps 4, 5 and 6.</figDesc></figure>
<figure xmlns="http://www.tei-c.org/ns/1.0" xml:id="fig_10"><head>Figure 12 :</head><label>12</label><figDesc>Attention of the Impatient Reader at time steps 7, 8 and 9.</figDesc></figure>
<figure xmlns="http://www.tei-c.org/ns/1.0" xml:id="fig_11"><head>Figure 13 :</head><label>13</label><figDesc>Attention of the Impatient Reader at time steps 10, 11 and 12.</figDesc></figure>
<figure xmlns="http://www.tei-c.org/ns/1.0" type="table" xml:id="tab_0"><head>Table 1 :</head><label>1</label><figDesc>Corpus statistics. Articles were collected starting in April 2007 for CNN and June 2010 for the Daily Mail, both until the end of April 2015. Validation data is from March, test data from April 2015. Articles of over 2000 tokens and queries whose answer entity did not appear in the context were filtered out.</figDesc><table><row><cell cols="3">Top N Cumulative %</cell></row><row><cell></cell><cell cols="2">CNN Daily Mail</cell></row><row><cell></cell><cell>30.5</cell><cell>25.6</cell></row><row><cell>2</cell><cell>47.7</cell><cell>42.4</cell></row><row><cell>3</cell><cell>58.1</cell><cell>53.7</cell></row><row><cell>5</cell><cell>70.6</cell><cell>68.1</cell></row><row><cell>10</cell><cell>85.1</cell><cell>85.5</cell></row></table><note></note></figure>
<figure xmlns="http://www.tei-c.org/ns/1.0" type="table" xml:id="tab_1"><head>Table 2 :</head><label>2</label><figDesc></figDesc><table><row><cell>Percentage of time that</cell></row><row><cell>the correct answer is contained in</cell></row><row><cell>the top N most frequent entities</cell></row><row><cell>in a given document.</cell></row></table><note></note></figure>
<figure xmlns="http://www.tei-c.org/ns/1.0" type="table" xml:id="tab_2"><head>Table 3 :</head><label>3</label><figDesc>Original and anonymised version of a data point from the Daily Mail validation set. The anonymised entity markers are constantly permuted during training and testing.</figDesc><table /><note></note></figure>
<figure xmlns="http://www.tei-c.org/ns/1.0" type="table" xml:id="tab_3"><head>Table 5</head><label>5</label><figDesc>, with the Attentive and Impatient Readers performing best across both datasets.</figDesc><table><row><cell>For the Deep LSTM Reader, we consider hidden layer sizes [64, 128, 256], depths [1, 2, 4], initial learning</cell></row><row><cell>rates [1E−3, 5E−4, 1E−4, 5E−5], batch sizes</cell></row></table><note></note></figure>
<figure xmlns="http://www.tei-c.org/ns/1.0" type="table" xml:id="tab_4"><head></head><label></label><figDesc>For the attention models we consider hidden layer sizes [64, 128, 256], single layer, initial learning rates [1E−4, 5E−5, 2.5E−5, 1E−5], batch sizes [8, 16, 32] and dropout [0, 0.1, 0.2, 0.5]. For all models we used asynchronous RmsProp [20] with a momentum of 0.9 and a decay of 0.95. See Appendix A for more details of the experimental setup.</figDesc><table><row><cell></cell><cell>CNN</cell><cell cols="2">Daily Mail</cell></row><row><cell></cell><cell>valid</cell><cell>test valid</cell><cell>test</cell></row><row><cell>Maximum frequency</cell><cell cols="2">30.5 33.2 25.6</cell><cell>25.5</cell></row><row><cell>Exclusive frequency</cell><cell cols="2">36.6 39.3 32.7</cell><cell>32.8</cell></row><row><cell cols="3">Frame-semantic model 36.3 40.2 35.5</cell><cell>35.5</cell></row><row><cell cols="3">Word distance model 50.5 50.9 56.4</cell><cell>55.5</cell></row><row><cell>Deep LSTM Reader</cell><cell cols="2">55.0 57.0 63.3</cell><cell>62.2</cell></row><row><cell>Uniform Reader</cell><cell cols="2">39.0 39.4 34.6</cell><cell>34.4</cell></row><row><cell>Attentive Reader</cell><cell cols="2">61.6 63.0 70.5</cell><cell>69.0</cell></row><row><cell>Impatient Reader</cell><cell cols="2">61.8 63.8 69.0</cell><cell>68.0</cell></row></table><note></note></figure>
<figure xmlns="http://www.tei-c.org/ns/1.0" type="table" xml:id="tab_5"><head>Table 5 :</head><label>5</label><figDesc>Accuracy of all the models and benchmarks on the CNN and Daily Mail datasets. The Uniform Reader baseline sets all of the m(t) parameters to be equal.</figDesc><table /><note></note></figure>
<figure xmlns="http://www.tei-c.org/ns/1.0" type="table" xml:id="tab_7"><head>Table 6 :</head><label>6</label><figDesc>Model hyperparameters</figDesc><table /><note>B Performance across document length</note></figure>
			<note xmlns="http://www.tei-c.org/ns/1.0" place="foot" n="1">www.cnn.com 2 www.dailymail.co.uk 3 http://www.github.com/deepmind/rc-data/</note>
			<note xmlns="http://www.tei-c.org/ns/1.0" place="foot" n="4">The vocabulary includes all the word types in the documents, questions, the entity maskers, and the question unknown entity marker.</note>
			<note xmlns="http://www.tei-c.org/ns/1.0" place="foot" n="7">Note that these examples were chosen as they were short, the average CNN validation document contained 763 tokens and 27 entities, thus most instances were significantly harder to answer than these examples.</note>
		</body>
		<back>
			<div type="references">

				<listBibl>

<biblStruct xml:id="b0">
	<analytic>
		<title level="a" type="main">A rule-based question answering system for reading comprehension tests</title>
		<author>
			<persName xmlns="http://www.tei-c.org/ns/1.0"><forename type="first">Ellen</forename><surname>Riloff</surname></persName>
		</author>
		<author>
			<persName xmlns="http://www.tei-c.org/ns/1.0"><forename type="first">Michael</forename><surname>Thelen</surname></persName>
		</author>
	</analytic>
	<monogr>
		<title level="m">Proceedings of the ANLP/NAACL Workshop on Reading Comprehension Tests As Evaluation for Computer-based Language Understanding Sytems</title>
		<meeting>the ANLP/NAACL Workshop on Reading Comprehension Tests As Evaluation for Computer-based Language Understanding Sytems</meeting>
		<imprint/>
	</monogr>
</biblStruct>

<biblStruct xml:id="b1">
	<analytic>
		<title level="a" type="main">Machine reading at the University of Washington</title>
		<author>
			<persName xmlns="http://www.tei-c.org/ns/1.0"><forename type="first">Hoifung</forename><surname>Poon</surname></persName>
		</author>
		<author>
			<persName xmlns="http://www.tei-c.org/ns/1.0"><forename type="first">Janara</forename><surname>Christensen</surname></persName>
		</author>
		<author>
			<persName xmlns="http://www.tei-c.org/ns/1.0"><forename type="first">Pedro</forename><surname>Domingos</surname></persName>
		</author>
		<author>
			<persName xmlns="http://www.tei-c.org/ns/1.0"><forename type="first">Oren</forename><surname>Etzioni</surname></persName>
		</author>
		<author>
			<persName xmlns="http://www.tei-c.org/ns/1.0"><forename type="first">Raphael</forename><surname>Hoffmann</surname></persName>
		</author>
		<author>
			<persName xmlns="http://www.tei-c.org/ns/1.0"><forename type="first">Chloe</forename><surname>Kiddon</surname></persName>
		</author>
		<author>
			<persName xmlns="http://www.tei-c.org/ns/1.0"><forename type="first">Thomas</forename><surname>Lin</surname></persName>
		</author>
		<author>
			<persName xmlns="http://www.tei-c.org/ns/1.0"><forename type="first">Xiao</forename><surname>Ling</surname></persName>
		</author>
		<author>
			<persName xmlns="http://www.tei-c.org/ns/1.0"><forename type="first">Alan</forename><surname>Mausam</surname></persName>
		</author>
		<author>
			<persName xmlns="http://www.tei-c.org/ns/1.0"><forename type="first">Stefan</forename><surname>Ritter</surname></persName>
		</author>
		<author>
			<persName xmlns="http://www.tei-c.org/ns/1.0"><forename type="first">Stephen</forename><surname>Schoenmackers</surname></persName>
		</author>
		<author>
			<persName xmlns="http://www.tei-c.org/ns/1.0"><forename type="first">Dan</forename><surname>Soderland</surname></persName>
		</author>
		<author>
			<persName xmlns="http://www.tei-c.org/ns/1.0"><forename type="first">Fei</forename><surname>Weld</surname></persName>
		</author>
		<author>
			<persName xmlns="http://www.tei-c.org/ns/1.0"><forename type="first">Congle</forename><surname>Wu</surname></persName>
		</author>
		<author>
			<persName xmlns="http://www.tei-c.org/ns/1.0"><surname>Zhang</surname></persName>
		</author>
	</analytic>
	<monogr>
		<title level="m">Proceedings of the NAACL HLT 2010 First International Workshop on Formalisms and Methodology for Learning by Reading</title>
		<meeting>the NAACL HLT 2010 First International Workshop on Formalisms and Methodology for Learning by Reading</meeting>
		<imprint/>
	</monogr>
</biblStruct>

<biblStruct xml:id="b2">
	<monogr>
		<title/>
		<author>
			<persName xmlns="http://www.tei-c.org/ns/1.0"><forename type="first">Jason</forename><surname>Weston</surname></persName>
		</author>
		<author>
			<persName xmlns="http://www.tei-c.org/ns/1.0"><forename type="first">Sumit</forename><surname>Chopra</surname></persName>
		</author>
		<author>
			<persName xmlns="http://www.tei-c.org/ns/1.0"><forename type="first">Antoine</forename><surname>Bordes</surname></persName>
		</author>
		<idno>abs/1410.3916</idno>
		<imprint>
			<date type="published" when="2014" />
		</imprint>
	</monogr>
</biblStruct>

<biblStruct xml:id="b3">
	<monogr>
		<title level="m" type="main">End-to-end memory networks</title>
		<author>
			<persName xmlns="http://www.tei-c.org/ns/1.0"><forename type="first">Sainbayar</forename><surname>Sukhbaatar</surname></persName>
		</author>
		<author>
			<persName xmlns="http://www.tei-c.org/ns/1.0"><forename type="first">Arthur</forename><surname>Szlam</surname></persName>
		</author>
		<author>
			<persName xmlns="http://www.tei-c.org/ns/1.0"><forename type="first">Jason</forename><surname>Weston</surname></persName>
		</author>
		<author>
			<persName xmlns="http://www.tei-c.org/ns/1.0"><forename type="first">Rob</forename><surname>Fergus</surname></persName>
		</author>
		<idno>abs/1503.08895</idno>
		<imprint>
			<date type="published" when="2015" />
			<publisher>CoRR</publisher>
		</imprint>
	</monogr>
</biblStruct>

<biblStruct xml:id="b4">
	<monogr>
		<title level="m" type="main">Understanding Natural Language</title>
		<author>
			<persName xmlns="http://www.tei-c.org/ns/1.0"><forename type="first">Terry</forename><surname>Winograd</surname></persName>
		</author>
		<imprint>
			<date type="published" when="1972" />
			<publisher>Academic Press, Inc</publisher>
			<pubPlace>Orlando, FL, USA</pubPlace>
		</imprint>
	</monogr>
</biblStruct>

<biblStruct xml:id="b5">
	<monogr>
		<title level="m" type="main">Neural machine translation by jointly learning to align and translate</title>
		<author>
			<persName xmlns="http://www.tei-c.org/ns/1.0"><forename type="first">Dzmitry</forename><surname>Bahdanau</surname></persName>
		</author>
		<author>
			<persName xmlns="http://www.tei-c.org/ns/1.0"><forename type="first">Kyunghyun</forename><surname>Cho</surname></persName>
		</author>
		<author>
			<persName xmlns="http://www.tei-c.org/ns/1.0"><forename type="first">Yoshua</forename><surname>Bengio</surname></persName>
		</author>
		<idno>abs/1409.0473</idno>
		<imprint>
			<date type="published" when="2014" />
			<publisher>CoRR</publisher>
		</imprint>
	</monogr>
</biblStruct>

<biblStruct xml:id="b6">
	<analytic>
		<title level="a" type="main">Recurrent models of visual attention</title>
		<author>
			<persName xmlns="http://www.tei-c.org/ns/1.0"><forename type="first">Volodymyr</forename><surname>Mnih</surname></persName>
		</author>
		<author>
			<persName xmlns="http://www.tei-c.org/ns/1.0"><forename type="first">Nicolas</forename><surname>Heess</surname></persName>
		</author>
		<author>
			<persName xmlns="http://www.tei-c.org/ns/1.0"><forename type="first">Alex</forename><surname>Graves</surname></persName>
		</author>
		<author>
			<persName xmlns="http://www.tei-c.org/ns/1.0"><forename type="first">Koray</forename><surname>Kavukcuoglu</surname></persName>
		</author>
	</analytic>
	<monogr>
		<title level="m">Advances in Neural Information Processing Systems</title>
		<imprint>
			<biblScope unit="page">27</biblScope>
		</imprint>
	</monogr>
</biblStruct>

<biblStruct xml:id="b7">
	<monogr>
		<title level="m" type="main">DRAW: A recurrent neural network for image generation</title>
		<author>
			<persName xmlns="http://www.tei-c.org/ns/1.0"><forename type="first">Karol</forename><surname>Gregor</surname></persName>
		</author>
		<author>
			<persName xmlns="http://www.tei-c.org/ns/1.0"><forename type="first">Ivo</forename><surname>Danihelka</surname></persName>
		</author>
		<author>
			<persName xmlns="http://www.tei-c.org/ns/1.0"><forename type="first">Alex</forename><surname>Graves</surname></persName>
		</author>
		<author>
			<persName xmlns="http://www.tei-c.org/ns/1.0"><forename type="first">Daan</forename><surname>Wierstra</surname></persName>
		</author>
		<idno>abs/1502.04623</idno>
		<imprint>
			<date type="published" when="2015" />
			<publisher>CoRR</publisher>
		</imprint>
	</monogr>
</biblStruct>

<biblStruct xml:id="b8">
	<analytic>
		<title level="a" type="main">Mctest: A challenge dataset for the open-domain machine comprehension of text</title>
		<author>
			<persName xmlns="http://www.tei-c.org/ns/1.0"><forename type="first">Matthew</forename><surname>Richardson</surname></persName>
		</author>
		<author>
			<persName xmlns="http://www.tei-c.org/ns/1.0"><forename type="first">J</forename><forename type="middle">C</forename><surname>Christopher</surname></persName>
		</author>
		<author>
			<persName xmlns="http://www.tei-c.org/ns/1.0"><forename type="first">Erin</forename><surname>Burges</surname></persName>
		</author>
		<author>
			<persName xmlns="http://www.tei-c.org/ns/1.0"><surname>Renshaw</surname></persName>
		</author>
	</analytic>
	<monogr>
		<title level="m">Proceedings of EMNLP</title>
		<meeting>EMNLP</meeting>
		<imprint/>
	</monogr>
</biblStruct>

<biblStruct xml:id="b9">
	<analytic>
		<title level="a" type="main">Enhancing single-document summarization by combining RankNet and third-party sources</title>
		<author>
			<persName xmlns="http://www.tei-c.org/ns/1.0"><forename type="first">Krysta</forename><surname>Svore</surname></persName>
		</author>
		<author>
			<persName xmlns="http://www.tei-c.org/ns/1.0"><forename type="first">Lucy</forename><surname>Vanderwende</surname></persName>
		</author>
		<author>
			<persName xmlns="http://www.tei-c.org/ns/1.0"><forename type="first">Christopher</forename><surname>Burges</surname></persName>
		</author>
	</analytic>
	<monogr>
		<title level="m">Proceedings of EMNLP/CoNLL</title>
		<meeting>EMNLP/CoNLL</meeting>
		<imprint/>
	</monogr>
</biblStruct>

<biblStruct xml:id="b10">
	<analytic>
		<title level="a" type="main">Automatic generation of story highlights</title>
		<author>
			<persName xmlns="http://www.tei-c.org/ns/1.0"><forename type="first">Kristian</forename><surname>Woodsend</surname></persName>
		</author>
		<author>
			<persName xmlns="http://www.tei-c.org/ns/1.0"><forename type="first">Mirella</forename><surname>Lapata</surname></persName>
		</author>
	</analytic>
	<monogr>
		<title level="m">Proceedings of ACL</title>
		<meeting>ACL</meeting>
		<imprint>
			<date type="published" when="2010" />
		</imprint>
	</monogr>
</biblStruct>

<biblStruct xml:id="b11">
	<analytic>
		<title level="a" type="main">Cloze procedure&quot;: a new tool for measuring readability</title>
		<author>
			<persName xmlns="http://www.tei-c.org/ns/1.0"><forename type="first">L</forename><surname>Wilson</surname></persName>
		</author>
		<author>
			<persName xmlns="http://www.tei-c.org/ns/1.0"><surname>Taylor</surname></persName>
		</author>
	</analytic>
	<monogr>
		<title level="j">Journalism Quarterly</title>
		<imprint>
			<biblScope unit="volume">30</biblScope>
			<biblScope unit="page" from="415" to="433" />
			<date type="published" when="1953" />
		</imprint>
	</monogr>
</biblStruct>

<biblStruct xml:id="b12">
	<analytic>
		<title level="a" type="main">Framesemantic parsing</title>
		<author>
			<persName xmlns="http://www.tei-c.org/ns/1.0"><forename type="first">Dipanjan</forename><surname>Das</surname></persName>
		</author>
		<author>
			<persName xmlns="http://www.tei-c.org/ns/1.0"><forename type="first">Desai</forename><surname>Chen</surname></persName>
		</author>
		<author>
			<persName xmlns="http://www.tei-c.org/ns/1.0"><forename type="first">F</forename><forename type="middle">T</forename><surname>André</surname></persName>
		</author>
		<author>
			<persName xmlns="http://www.tei-c.org/ns/1.0"><forename type="first">Nathan</forename><surname>Martins</surname></persName>
		</author>
		<author>
			<persName xmlns="http://www.tei-c.org/ns/1.0"><forename type="first">Noah</forename><forename type="middle">A</forename><surname>Schneider</surname></persName>
		</author>
		<author>
			<persName xmlns="http://www.tei-c.org/ns/1.0"><surname>Smith</surname></persName>
		</author>
	</analytic>
	<monogr>
		<title level="j">Computational Linguistics</title>
		<imprint>
			<biblScope unit="volume">40</biblScope>
			<biblScope unit="issue">1</biblScope>
			<biblScope unit="page" from="9" to="56" />
			<date type="published" when="2013" />
		</imprint>
	</monogr>
</biblStruct>

<biblStruct xml:id="b13">
	<analytic>
		<title level="a" type="main">Semantic frame identification with distributed word representations</title>
		<author>
			<persName xmlns="http://www.tei-c.org/ns/1.0"><forename type="first">Karl</forename><surname>Moritz Hermann</surname></persName>
		</author>
		<author>
			<persName xmlns="http://www.tei-c.org/ns/1.0"><forename type="first">Dipanjan</forename><surname>Das</surname></persName>
		</author>
		<author>
			<persName xmlns="http://www.tei-c.org/ns/1.0"><forename type="first">Jason</forename><surname>Weston</surname></persName>
		</author>
		<author>
			<persName xmlns="http://www.tei-c.org/ns/1.0"><forename type="first">Kuzman</forename><surname>Ganchev</surname></persName>
		</author>
	</analytic>
	<monogr>
		<title level="m">Proceedings of ACL</title>
		<meeting>ACL</meeting>
		<imprint>
			<date type="published" when="2014-06" />
		</imprint>
	</monogr>
</biblStruct>

<biblStruct xml:id="b14">
	<analytic>
		<title level="a" type="main">A convolutional neural network for modelling sentences</title>
		<author>
			<persName xmlns="http://www.tei-c.org/ns/1.0"><forename type="first">Nal</forename><surname>Kalchbrenner</surname></persName>
		</author>
		<author>
			<persName xmlns="http://www.tei-c.org/ns/1.0"><forename type="first">Edward</forename><surname>Grefenstette</surname></persName>
		</author>
		<author>
			<persName xmlns="http://www.tei-c.org/ns/1.0"><forename type="first">Phil</forename><surname>Blunsom</surname></persName>
		</author>
	</analytic>
	<monogr>
		<title level="m">Proceedings of ACL</title>
		<meeting>ACL</meeting>
		<imprint>
			<date type="published" when="2014" />
		</imprint>
	</monogr>
</biblStruct>

<biblStruct xml:id="b15">
	<analytic>
		<title level="a" type="main">Natural language processing (almost) from scratch</title>
		<author>
			<persName xmlns="http://www.tei-c.org/ns/1.0"><forename type="first">Ronan</forename><surname>Collobert</surname></persName>
		</author>
		<author>
			<persName xmlns="http://www.tei-c.org/ns/1.0"><forename type="first">Jason</forename><surname>Weston</surname></persName>
		</author>
		<author>
			<persName xmlns="http://www.tei-c.org/ns/1.0"><forename type="first">Léon</forename><surname>Bottou</surname></persName>
		</author>
		<author>
			<persName xmlns="http://www.tei-c.org/ns/1.0"><forename type="first">Michael</forename><surname>Karlen</surname></persName>
		</author>
		<author>
			<persName xmlns="http://www.tei-c.org/ns/1.0"><forename type="first">Koray</forename><surname>Kavukcuoglu</surname></persName>
		</author>
		<author>
			<persName xmlns="http://www.tei-c.org/ns/1.0"><forename type="first">Pavel</forename><surname>Kuksa</surname></persName>
		</author>
	</analytic>
	<monogr>
		<title level="j">Journal of Machine Learning Research</title>
		<imprint>
			<biblScope unit="volume">12</biblScope>
			<biblScope unit="page" from="2493" to="2537" />
			<date type="published" when="2011-11" />
		</imprint>
	</monogr>
</biblStruct>

<biblStruct xml:id="b16">
	<analytic>
		<title level="a" type="main">Sequence to sequence learning with neural networks</title>
		<author>
			<persName xmlns="http://www.tei-c.org/ns/1.0"><forename type="first">Ilya</forename><surname>Sutskever</surname></persName>
		</author>
		<author>
			<persName xmlns="http://www.tei-c.org/ns/1.0"><forename type="first">Oriol</forename><surname>Vinyals</surname></persName>
		</author>
		<author>
			<persName xmlns="http://www.tei-c.org/ns/1.0"><forename type="first">Quoc</forename><forename type="middle">V</forename><surname>Le</surname></persName>
		</author>
	</analytic>
	<monogr>
		<title level="m">Advances in Neural Information Processing Systems</title>
		<imprint>
			<biblScope unit="page">27</biblScope>
		</imprint>
	</monogr>
</biblStruct>

<biblStruct xml:id="b17">
	<analytic>
		<title level="a" type="main">Long short-term memory</title>
		<author>
			<persName xmlns="http://www.tei-c.org/ns/1.0"><forename type="first">Sepp</forename><surname>Hochreiter</surname></persName>
		</author>
		<author>
			<persName xmlns="http://www.tei-c.org/ns/1.0"><forename type="first">Jürgen</forename><surname>Schmidhuber</surname></persName>
		</author>
	</analytic>
	<monogr>
		<title level="j">Neural Computation</title>
		<imprint>
			<biblScope unit="volume">9</biblScope>
			<biblScope unit="issue">8</biblScope>
			<biblScope unit="page" from="1735" to="1780" />
			<date type="published" when="1997-11" />
		</imprint>
	</monogr>
</biblStruct>

<biblStruct xml:id="b18">
	<analytic>
		<title level="a" type="main">Supervised Sequence Labelling with Recurrent Neural Networks</title>
		<author>
			<persName xmlns="http://www.tei-c.org/ns/1.0"><forename type="first">Alex</forename><surname>Graves</surname></persName>
		</author>
	</analytic>
	<monogr>
		<title level="j">Studies in Computational Intelligence</title>
		<imprint>
			<biblScope unit="volume">385</biblScope>
			<date type="published" when="2012" />
			<publisher>Springer</publisher>
		</imprint>
	</monogr>
</biblStruct>

<biblStruct xml:id="b19">
	<analytic>
		<title level="a" type="main">Lecture 6.5-RmsProp: Divide the gradient by a running average of its recent magnitude</title>
		<author>
			<persName xmlns="http://www.tei-c.org/ns/1.0"><forename type="first">T</forename><surname>Tieleman</surname></persName>
		</author>
		<author>
			<persName xmlns="http://www.tei-c.org/ns/1.0"><forename type="first">G</forename><surname>Hinton</surname></persName>
		</author>
	</analytic>
	<monogr>
		<title level="m">COURSERA: Neural Networks for Machine Learning</title>
		<imprint>
			<date type="published" when="2012" />
		</imprint>
	</monogr>
</biblStruct>

				</listBibl>
			</div>
		</back>
	</text>
</TEI>
