<?xml version="1.0" encoding="UTF-8"?>
<TEI xml:space="preserve" xmlns="http://www.tei-c.org/ns/1.0" 
xmlns:xsi="http://www.w3.org/2001/XMLSchema-instance" 
xsi:schemaLocation="http://www.tei-c.org/ns/1.0 /Users/cindy/tmp/grobid-0.6.1/grobid-home/schemas/xsd/Grobid.xsd"
 xmlns:xlink="http://www.w3.org/1999/xlink">
	<teiHeader xml:lang="en">
		<fileDesc>
			<titleStmt>
				<title level="a" type="main">PlaNet -Photo Geolocation with Convolutional Neural Networks</title>
			</titleStmt>
			<publicationStmt>
				<publisher/>
				<availability status="unknown"><licence/></availability>
				<date type="published" when="2016-02-17">17 Feb 2016</date>
			</publicationStmt>
			<sourceDesc>
				<biblStruct>
					<analytic>
						<author>
							<persName xmlns="http://www.tei-c.org/ns/1.0"><forename type="first">Tobias</forename><surname>Weyand</surname></persName>
							<email>weyand@google.com</email>
							<affiliation key="aff0">
								<orgName type="institution">RWTH Aachen University</orgName>
							</affiliation>
						</author>
						<author>
							<persName xmlns="http://www.tei-c.org/ns/1.0"><forename type="first">Ilya</forename><surname>Kostrikov</surname></persName>
							<email>ilya.kostrikov@rwth-aachen.de</email>
							<affiliation key="aff0">
								<orgName type="institution">RWTH Aachen University</orgName>
							</affiliation>
						</author>
						<author>
							<persName xmlns="http://www.tei-c.org/ns/1.0"><forename type="first">James</forename><surname>Philbin</surname></persName>
							<email>philbinj@gmail.com</email>
							<affiliation key="aff0">
								<orgName type="institution">RWTH Aachen University</orgName>
							</affiliation>
						</author>
						<title level="a" type="main">PlaNet -Photo Geolocation with Convolutional Neural Networks</title>
					</analytic>
					<monogr>
						<imprint>
							<date type="published" when="2016-02-17">17 Feb 2016</date>
						</imprint>
					</monogr>
					<idno type="arXiv">arXiv:1602.05314v1[cs.CV]</idno>
				</biblStruct>
			</sourceDesc>
		</fileDesc>
		<encodingDesc>
			<appInfo>
				<application version="0.6.1" ident="GROBID" when="2021-01-31T12:45+0000">
					<desc>GROBID - A machine learning software for extracting information from scholarly documents</desc>
					<ref target="https://github.com/kermitt2/grobid"/>
				</application>
			</appInfo>
		</encodingDesc>
		<profileDesc>
			<abstract>
				<p>Is it possible to build a system to determine the location where a photo was taken using just its pixels? In general, the problem seems exceptionally difficult: it is trivial to construct situations where no location can be inferred. Yet images often contain informative cues such as landmarks, weather patterns, vegetation, road markings, and architectural details, which in combination may allow one to determine an approximate location and occasionally an exact location. Websites such as GeoGuessr and View from your Window suggest that humans are relatively good at integrating these cues to geolocate images, especially enmasse. In computer vision, the photo geolocation problem is usually approached using image retrieval methods. In contrast, we pose the problem as one of classification by subdividing the surface of the earth into thousands of multiscale geographic cells, and train a deep network using millions of geotagged images. While previous approaches only recognize landmarks or perform approximate matching using global image descriptors, our model is able to use and integrate multiple visible cues. We show that the resulting model, called PlaNet, outperforms previous approaches and even attains superhuman levels of accuracy in some cases. Moreover, we extend our model to photo albums by combining it with a long short-term memory (LSTM) architecture. By learning to exploit temporal coherence to geolocate uncertain photos, we demonstrate that this model achieves a 50% performance improvement over the singleimage model.</p>
			</abstract>
		</profileDesc>
	</teiHeader>
	<text xml:lang="en">
		<body>
<div xmlns="http://www.tei-c.org/ns/1.0"><head n="1.">Introduction</head><p>Photo geolocation is an extremely challenging task since many photos offer only a few cues about their location and these cues can often be ambiguous. For instance, an image of a typical beach scene could be taken on many coasts across the world. Even when landmarks are present there can still be ambiguity: a photo of the Rialto Bridge could be taken either at its original location in Venice, Italy, or in Las Vegas which has a replica of the bridge! In the absence Photo CC-BY-NC by stevekc (a)</p><p>Photo CC-BY-NC by edwin.11 <ref type="bibr">(b)</ref> Photo CC-BY-NC by jonathanfh (c) <ref type="figure">Figure 1</ref>. Given a query photo (left), PlaNet outputs a probability distribution over the surface of the earth (right). Viewing the task as a classification problem allows PlaNet to express its uncertainty about a photo. While the Eiffel Tower (a) is confidently assigned to Paris, the model believes that the fjord photo (b) could have been taken in either New Zealand or Norway. For the beach photo (c), PlaNet assigns the highest probability to southern California (correct), but some probability mass is also assigned to places with similar beaches, like Mexico and the Mediterranean. (For visualization purposes we use a model with a much lower spatial resolution than our full model.) of obvious and discriminative landmarks, humans can fall back on their world knowledge and use multiple cues to infer the location of a photo. For example, the language of street signs or the driving direction of cars can help narrow down possible locations. Traditional computer vision algorithms typically lack this kind of world knowledge, relying on the features provided to them during training.</p><p>Most previous work has therefore focused on covering restricted subsets of the problem, like landmark build-ings <ref type="bibr" target="#b0">[1,</ref><ref type="bibr" target="#b36">37,</ref><ref type="bibr" target="#b53">54]</ref>, cities where street view imagery is available <ref type="bibr" target="#b6">[7,</ref><ref type="bibr" target="#b25">26,</ref><ref type="bibr" target="#b51">52]</ref>, or places where coverage of internet photos is dense enough to allow building a structure-frommotion reconstruction that a query photo can be matched against <ref type="bibr" target="#b30">[31,</ref><ref type="bibr" target="#b40">41]</ref>. In contrast, our goal is to localize any type of photo taken at any location. To our knowledge, very few other works have addressed this task <ref type="bibr" target="#b16">[17,</ref><ref type="bibr" target="#b17">18]</ref>.</p><p>We treat the task of geolocation as a classification problem and subdivide the surface of the earth into a set of geographical cells which make up the target classes. We then train a convolutional neural network (CNN) <ref type="bibr" target="#b45">[46]</ref> using millions of geotagged images. At inference time, our model outputs a discrete probability distribution over the earth, assigning each geographical cell a likelihood that the input photo was taken inside it.</p><p>The resulting model, which we call PlaNet, is capable of localizing a large variety of photos. Besides landmark buildings and street scenes, PlaNet can often predict the location of nature scenes like mountains, waterfalls or beaches with surprising accuracy. In cases of ambiguity, it will often output a distribution with multiple modes corresponding to plausible locations ( <ref type="figure">Fig. 1)</ref>. PlaNet outperforms the Im2GPS approach <ref type="bibr" target="#b16">[17,</ref><ref type="bibr" target="#b17">18]</ref> that shares a similar goal.</p><p>A small-scale experiment shows that PlaNet even reaches superhuman performance at the task of geolocating street view scenes. Moreover, we show that the features learned by PlaNet can be used for image retrieval and achieve stateof-the-art results on the INRIA Holidays dataset <ref type="bibr" target="#b22">[23]</ref>.</p><p>Sometimes an image provides no useful cues: this is often the case with portraits, or photos of pets and common foods. However, we could still make predictions about the location of such photos if we also consider photos taken at roughly the same time either before or after the query. To this end, we have extended PlaNet to work on groups of photos by combining it with an LSTM approach. This method yields a 50% improvement over the single-image model when applied to photo albums. The reason for this improvement is that LSTMs learn to exploit temporal coherence in albums to correctly geolocate even those photos that the single-image model would fail to annotate confidently. For example, a photo of a croissant could be taken anywhere in the world, but if it is in the same album as a photo of the Eiffel Tower, the LSTM model will use this cue to geolocate it to Paris.</p></div>
<div xmlns="http://www.tei-c.org/ns/1.0"><head n="2.">Related Work</head><p>Given a query photo, Im2GPS <ref type="bibr" target="#b16">[17,</ref><ref type="bibr" target="#b17">18]</ref> retrieves similar images from millions of geotagged Flickr photos and assigns the location of the closest match to the query. Image distances are computed using a combination of global image descriptors. Im2GPS shows that with enough data, even this simple approach can achieve surprisingly good results. We discuss Im2GPS in detail in Sec. 3.</p><p>Because photo coverage in rural areas is sparse, <ref type="bibr" target="#b31">[32,</ref><ref type="bibr" target="#b32">33]</ref> make additional use of satellite aerial imagery. <ref type="bibr" target="#b32">[33]</ref> use CNNs to learn a joint embedding for ground and aerial images and localize a query image by matching it against a database of aerial images. <ref type="bibr" target="#b48">[49]</ref> take a similar approach and use a CNN to transform ground-level features to the feature space of aerial images.</p><p>Image retrieval based on local features, bags-of-visualwords (BoVWs) and inverted indices <ref type="bibr" target="#b34">[35,</ref><ref type="bibr" target="#b44">45]</ref> has been shown to be more accurate than global descriptors at matching buildings, but requires more space and lacks the invariance to match e.g. natural scenes or articulated objects. Most local feature based approaches therefore focus on localization within cities, either based on photos from photo sharing websites <ref type="bibr" target="#b4">[5,</ref><ref type="bibr" target="#b35">36]</ref> or street view <ref type="bibr" target="#b1">[2,</ref><ref type="bibr" target="#b6">7,</ref><ref type="bibr" target="#b25">26,</ref><ref type="bibr" target="#b26">27,</ref><ref type="bibr" target="#b42">43,</ref><ref type="bibr" target="#b50">51,</ref><ref type="bibr" target="#b51">52]</ref>. Skyline2GPS [38] also uses street view data, but takes a unique approach that segments the skyline out of an image captured by an upward-facing camera and matches it against a 3D model of the city.</p><p>While matching against geotagged images can provide the rough location of a query photo, some applications require the exact 6-dof camera pose. Pose estimation approaches achieve this goal using 3D models reconstructed using structure-from-motion from internet photos. A query image is localized by establishing correspondences between its interest points and the points in the 3D model and solving the resulting perspective-n-point (PnP) problem to obtain the camera parameters <ref type="bibr" target="#b29">[30,</ref><ref type="bibr" target="#b30">31,</ref><ref type="bibr" target="#b39">40]</ref>. Because matching the query descriptors against the 3D model descriptors is expensive, some approaches combine this technique with efficient image retrieval based on inverted indices <ref type="bibr" target="#b4">[5,</ref><ref type="bibr" target="#b20">21,</ref><ref type="bibr" target="#b41">42]</ref>.</p><p>Instead of matching against a flat collection of photos, landmark recognition systems <ref type="bibr" target="#b0">[1,</ref><ref type="bibr" target="#b13">14,</ref><ref type="bibr" target="#b21">22,</ref><ref type="bibr" target="#b36">37,</ref><ref type="bibr" target="#b53">54]</ref> build a database of landmark buildings by clustering images from internet photo collections. The landmarks in a query image are recognized by retrieving matching database images and returning the landmark associated with them. Instead of using image retrieval, <ref type="bibr" target="#b3">[4,</ref><ref type="bibr" target="#b28">29]</ref> use SVMs trained on BoVW of landmark clusters to decide which landmark is shown in a query image. Instead of operating on image clusters, <ref type="bibr" target="#b15">[16]</ref>, train one exemplar SVM for each image in a dataset of street view images.</p><p>A task related to image geolocation is scene recognition, for which the SUN database <ref type="bibr" target="#b49">[50]</ref> is an established benchmark. The database consists of 131k images categorized into 908 scene categories such as "mountain", "cathedral" or "staircase". The SUN survey paper <ref type="bibr" target="#b49">[50]</ref> shows that Overfeat <ref type="bibr" target="#b43">[44]</ref>, a CNN trained on ImageNet <ref type="bibr" target="#b8">[9]</ref> images, consistently outperforms other approaches, including global descriptors like GIST and local descriptors like SIFT, motivating our use of CNNs for image geolocation.</p><p>In Sec. 4, we extend PlaNet to geolocate sequences of images using LSTMs. Several previous approaches have also realized the potential of exploiting temporal coherence to geolocate images. <ref type="bibr" target="#b5">[6,</ref><ref type="bibr" target="#b28">29]</ref> first cluster the photo collection into landmarks and then learn to predict the sequence of landmarks in a query photo sequence. While <ref type="bibr" target="#b5">[6]</ref> train a Hidden Markov Model (HMM) on a dataset of photo albums to learn popular tourist routes, <ref type="bibr" target="#b28">[29]</ref> train a structured SVM that uses temporal information as an additional feature. Images2GPS <ref type="bibr" target="#b24">[25]</ref> also trains an HMM, but instead of landmarks, its classes are a set of geographical cells partitioning the surface of the earth. This is similar to our approach, however we use a much finer discretization.</p><p>Instead of performing geolocation, <ref type="bibr" target="#b27">[28]</ref> train a CNN on a large collection of geotagged Flickr photos to predict geographical attributes like "population", "elevation" or "household income". <ref type="bibr" target="#b12">[13]</ref> cluster street view imagery to discover latent scene types that are characteristic for certain geographical areas and analyze how these types correlate with geopolitical boundaries.</p><p>In summary, most previous approaches to photo geolocation are restricted to urban areas which are densely covered by street view imagery and tourist photos. Exceptions are Im2GPS <ref type="bibr" target="#b17">[18,</ref><ref type="bibr" target="#b16">17]</ref> and <ref type="bibr" target="#b31">[32,</ref><ref type="bibr" target="#b32">33,</ref><ref type="bibr" target="#b48">49]</ref>, which make additional use of satellite imagery. Prior work has shown that CNNs are well-suited for scene classification <ref type="bibr" target="#b49">[50]</ref> and geographical attribute prediction <ref type="bibr" target="#b27">[28]</ref>, but to our knowledge ours is the first method that directly takes a classification approach to geolocation using CNNs.</p></div>
<div xmlns="http://www.tei-c.org/ns/1.0"><head n="3.">Image Geolocation with CNNs</head><p>We pose the task of image geolocation as a classification problem. For this, we subdivide the earth into a set of geographical cells. The input to our CNN are the image pixels and the target output is a one-hot vector encoding the cell containing the geotag of the image. Given a test image, the output of this model is a probability distribution over the world. The advantage of this formulation over a regression from pixels to latitude/longitude coordinates is that the model can express its uncertainty about an image by assigning each cell a confidence that the image was taken there. In contrast, a regression model would be forced to pinpoint a single location and would have no natural way of expressing uncertainty about its prediction, especially in the presence of multi-modal answers (as are expected in this task).</p><p>Adaptive partitioning using S2 Cells. We use Google's open source S2 geometry library <ref type="bibr" target="#b11">12</ref> to partition the earth's surface into a set of non-overlapping cells that define the classes of our model. The S2 library defines a hierarchical partitioning of the surface of a sphere by projecting the surfaces of an enclosing cube on it. The six sides of the cube are subdivided hierarchically by six quad-trees. A node in a quad-tree defines a region on the surface of the sphere called an S2 cell. <ref type="figure" target="#fig_0">Fig. 3</ref> illustrates this in 2D. We chose this subdivision scheme over a simple subdivision of latitude/longitude coordinates, because (i) lat/lon regions get elongated near the poles while S2 cells keep a close-toquadratic shape, and (ii) S2 cells have mostly uniform size (the ratio between the largest and smallest S2 cell is 2.08).</p><p>A naive approach to define a tiling of the earth would be to use all S2 cells at a certain fixed depth in the hierarchy, resulting in a set of roughly equally sized cells (see <ref type="figure">Fig. 1</ref>). However, this would produce a very imbalanced class distribution since the geographical distribution of photos has strong peaks in densely populated areas. We therefore perform adaptive subdivision based on the photos' geotags: starting at the roots, we recursively descend each quad-tree and subdivide cells until no cell contains more than a certain fixed number t 1 of photos. This way, sparsely populated areas are covered by larger cells and densely populated areas are covered by finer cells. Then, we discard all cells containing less than a minimum of t 2 photos. Therefore, PlaNet does not cover areas where photos are very unlikely to be taken, such as oceans or poles. We remove all images from the training set that are in any of the discarded cells. This adaptive tiling has several advantages over a uniform one: (i) training classes are more balanced, (ii) it makes effective use of the parameter space because more model capacity is spent on densely populated areas, (iii) the model can reach up to street-level accuracy in city areas where cells are small. <ref type="figure" target="#fig_1">Fig. 2</ref> shows the S2 partitioning for our dataset.</p><p>CNN training. We train a CNN based on the Inception architecture <ref type="bibr" target="#b45">[46]</ref> with batch normalization <ref type="bibr" target="#b19">[20]</ref>. The SoftMax output layer has one output for each S2 cells in the partitioning. We set the target output value to 1.0 at the index of the S2 cell the respective training image belongs to and all other outputs to 0.0. We initialize the weights of our model with random values and use the AdaGrad <ref type="bibr" target="#b10">[11]</ref> stochastic gradient descent with a learning rate of 0.045.</p><p>Our dataset consists of 126M photos with Exif geolocations mined from all over the web. We applied very little filtering, only excluding images that are non-photos (like diagrams, clip-art, etc.) and porn. Our dataset is therefore extremely noisy, including indoor photos, portraits, photos of pets, food, products and other photos not indicative of location. Moreover, the Exif geolocations may be incorrect by several hundred meters due to noise. We split the dataset into 91M training images and 34M validation images.</p><p>For the adaptive S2 cell partitioning (Sec. 3) we set t 1 = 10, 000 and t 2 = 50. The resulting partitioning consists of 26, 263 S2 cells <ref type="figure" target="#fig_1">(Fig. 2</ref>). Our Inception model has a total of 97,321,048 parameters. We train the model for 2.5 months on 200 CPU cores using the DistBelief framework <ref type="bibr" target="#b7">[8]</ref> until the accuracy on the validation set converges. The long training time is due to the large variety of the training data and the large number of classes.</p><p>We ensure that none of the test sets we use in this paper have any (near-) duplicate images in the training set. For this, we use a CNN trained on near-duplicate images to compute a binary embedding for each training and test image and then remove test images whose Hamming distance to a training image is below an aggressively chosen threshold.</p><p>Geolocation accuracy. To quantitatively measure the localization accuracy of the model, we collected a dataset of 2.3M geotagged Flickr photos from across the world. Other than selecting geotagged images with 1 to 5 textual tags, we did not apply any filtering. Therefore, most of the images have little to no cues about their location.</p><p>To compute localization error, we run inference and compute the distance between the center of the predicted S2 cell to the original location of the photo. We note that this error measure is pessimistic, because even if the ground truth location is within the predicted cell, the error can still be large depending on the cell size. <ref type="figure" target="#fig_3">Fig. 4</ref> shows what fraction of this dataset was localized with a certain geographical distance of the ground truth locations. The blue curve shows the performance for the most confident prediction, and the other curves show the performance for the best of the top-{2,3,4,5} predictions per image. Following <ref type="bibr" target="#b17">[18]</ref>, we added  approximate geographical scales of streets, cities, regions, countries and continents. Despite the difficulty of the data, PlaNet is able to localize 3.6% of the images at street-level accuracy and 10.1% at city-level accuracy. 28.4% of the photos are correctly localized at country level and 48.0% at continent level. When considering the best of the top-5 predictions, the model localizes roughly twice as many images correctly at street, city, region and country level.</p><p>Qualitative Results. An important advantage of our localization-as-classification paradigm is that the model output is a probability distribution over the globe. This way, even if an image can not be confidently localized, the model outputs confidences for possible locations. To illustrate this, we trained a smaller model using only S2 cells at level 4 in the S2 hierarchy, resulting in a total of only 354 S2 cells. <ref type="figure">Fig. 1</ref> shows the predictions of this model for test images with different levels of geographical ambiguity. <ref type="figure" target="#fig_4">Fig. 5</ref> shows examples of the different types of images   PlaNet can localize. landmarks, which can also be recognized by landmark recognition engines <ref type="bibr" target="#b0">[1,</ref><ref type="bibr" target="#b36">37,</ref><ref type="bibr" target="#b53">54]</ref>, PlaNet can often correctly localize street scenes, landscapes, buildings of characteristic architecture, locally typical objects like red phone booths, and even some plants and animals. <ref type="figure" target="#fig_5">Fig. 6</ref> shows some failure modes. Misclassifications often occur due to ambiguity, e.g., because certain landscapes or objects occur in multiple places, or are more typical for a certain place than the one the photo was taken (e.g., the kind of car in the first image is most typically found in Cuba).</p><p>To give a visual impression of the representations PlaNet has learned for individual S2 cells, <ref type="figure" target="#fig_6">Fig. 7</ref> shows the test images that the model assigns to a given cell with the highest confidence. The model learns a very diverse representation of a single cell, containing the different landmarks, landscapes, or animals that a typical for a specific region. inside cities. One of the few approaches that, like ours, aims at geolocating arbitrary photos is Im2GPS <ref type="bibr" target="#b16">[17,</ref><ref type="bibr" target="#b17">18]</ref>. However, instead of classification, Im2GPS is based on nearest neighbor matching. The original Im2GPS approach <ref type="bibr" target="#b16">[17]</ref> matches the query image against a database of 6.5M Flickr images and returns the geolocation of the closest matching image. Images are represented by a combination of six different global image descriptors. A recent extension of Im2GPS <ref type="bibr" target="#b17">[18]</ref> uses both an improved image representation and a more sophisticated localization technique. It estimates a per-pixel probability of being "ground", "vertical", "sky", or "porous" and computes color and texture histograms for each of these classes. Additionally, bag-ofvisual-word vectors of length 1k and 50k based on SIFT features are computed for each image. The geolocation of a query is estimated by retrieving nearest neighbors, geoclustering them with mean shift, training 1-vs-all SVMs for each resulting cluster, and finally picking the average GPS coordinate of the cluster whose SVM gives the query image the highest positive score.</p></div>
<div xmlns="http://www.tei-c.org/ns/1.0"><head>Comparison to Im2GPS. As discussed in Sec. 2, most image-based localization approaches focus on photos taken</head><p>We evaluate PlaNet on the Im2GPS test dataset <ref type="bibr" target="#b16">[17]</ref> that consists of 237 geotagged photos from Flickr, curated such that most photos contain at least a few geographical cues. Tab. 1 compares the performance of PlaNet and both ver- sions of Im2GPS. The new version is a significant improvement over the old one. However, PlaNet outperforms even the new version with a considerable margin. In particular, PlaNet localizes 236% more images accurately at street level. The gap narrows at coarser scales, but even at country level PlaNet still localizes 51% more images accurately. A caveat of our evaluation is that PlaNet was trained on 14x more data than Im2GPS uses, which certainly gives PlaNet an advantage. However, note that because Im2GPS performs a nearest neighbor search, its runtime grows with the number of images while CNN evaluation speed is independent of the amount of training data. Since the Im2GPS feature vectors have a dimensionality of 100,000, Im2GPS would require 8.5GB to represent our corpus of 91M training examples (assuming one byte per descriptor dimension, not counting the space required for a search index). In contrast, our model uses only 377 MB, which even fits into the memory of a smartphone.</p><p>Comparison to human performance. To find out how PlaNet compares with human intuition, we let it compete against 10 well-traveled human subjects in a game of Geoguessr (www.geoguessr.com). Geoguessr presents the player with a random street view panorama (sampled from all street view panoramas across the world) and asks them to place a marker on a map at the location the panorama was captured. Players are allowed to pan and zoom in the panorama, but may not navigate to adjacent panoramas. The map is zoomable, so the location can be specified as precisely as the player wants. For this experiment, we used the game's "challenge mode" where two players are shown the same set of 5 panoramas. We entered the PlaNet guesses manually by taking a screenshot of the view presented by the game, running inference on it and entering the center of the highest confidence S2 cell as the guess of the PlaNet player. For a fair comparison, we did not allow the human subjects to pan and zoom, so they did not use more informa-tion than we gave to the model. For each subject, we used a different set of panoramas, so humans and PlaNet played a total of 50 different rounds.</p><p>In total, PlaNet won 28 of the 50 rounds with a median localization error of 1131.7 km, while the median human localization error was 2320.75 km. <ref type="figure" target="#fig_7">Fig. 8</ref> shows what percentage of panoramas were localized within which distance by humans and PlaNet respectively. Neither humans nor PlaNet were able to localize photos below street or city level, showing that this task was even harder than the Flickr dataset and the Im2GPS dataset. <ref type="figure">Fig. 9</ref> shows some example panoramas from the game together with the guessed locations. Most panoramas were taken in rural areas containing little to no geographical cues.</p><p>When asked what cues they used, human subjects said they looked for any type of signs, the types of vegetation, the architectural style, the color of lane markings and the direction of traffic on the street. Furthermore, humans knew that street view is not available in certain countries such as China allowing them to further narrow down their guesses. One would expect that these cues, especially street signs, together with world knowledge and common sense should give humans an unfair advantage over PlaNet, which was trained solely on image pixels and geolocations. Yet, PlaNet was able to outperform humans by a considerable margin. For example, PlaNet localized 17 panoramas at country granularity (750 km) while humans only localized 11 panoramas within this radius. We think PlaNet has an advantage over humans because it has seen many more places than any human can ever visit and has learned subtle cues of different scenes that are even hard for a well-traveled human to distinguish.</p><p>Features for image retrieval. A recent study <ref type="bibr" target="#b38">[39]</ref> showed that the activations of Overfeat <ref type="bibr" target="#b43">[44]</ref>, a CNN trained on Im-ageNet <ref type="bibr" target="#b8">[9]</ref> can serve as powerful features for several computer vision tasks, including image retrieval. Since PlaNet was trained for location recognition, its features should be well-suited for image retrieval of tourist photos. To test this, we evaluate the PlaNet features on the INRIA Holidays dataset <ref type="bibr" target="#b22">[23]</ref>, consisting of 1,491 personal holiday photos, including landmarks, cities and natural scenes. We extract image embeddings from the final layer below the SoftMax layer (a 2048-dim. vector) and rank images by the Euclidean distance between their embedding vectors. As can be seen in Tab. 2, the PlaNet features outperform the Overfeat features. This is expected since our training data is more similar to the photos from the Holidays dataset than ImageNet. The same observation was made by <ref type="bibr" target="#b2">[3]</ref> who found that re-training on a landmark dataset improves retrieval performance of CNN features compared to those from a model trained on ImageNet. Their features even outperform ours, which is likely because <ref type="bibr" target="#b2">[3]</ref> use a carefully crafted landmark dataset for re-training while we applied <ref type="figure">Figure 9</ref>. Top: GeoGuessr panorama, Bottom: Ground truth location (yellow), human guess (green), PlaNet guess (blue). only minimal filtering. Using the spatial search and augmentation techniques described in <ref type="bibr" target="#b38">[39]</ref>, PlaNet even outperforms state-of-the-art local feature based image retrieval approaches on the Holidays dataset. We note that the Euclidean distance between these image embeddings is not necessarily meaningful as PlaNet was trained for classification. We expect Euclidean embeddings trained for image retrieval using a triplet loss <ref type="bibr" target="#b47">[48]</ref> to deliver even higher mAP. To analyze which parts of the input image are most important for the classifier's decision, we employ a method introduced by Zeiler et al. <ref type="bibr" target="#b52">[53]</ref>. We plot an activation map where the value of each pixel is the classifier's confidence in the ground truth geolocation if the corresponding part of the image is occluded by a gray box <ref type="figure">(Fig. 10</ref>).</p></div>
<div xmlns="http://www.tei-c.org/ns/1.0"><head>Method</head></div>
<div xmlns="http://www.tei-c.org/ns/1.0"><head n="4.">Sequence Geolocation with LSTMs</head><p>While PlaNet is capable of localizing a large variety of images, many images are ambiguous or do not contain enough information that would allow to localize them. However we can exploit the fact that photos naturally occur in sequences, e.g., photo albums, that have a high geographical correlation. Intuitively, if we can confidently localize some of the photos in an album, we can use this information to also localize the photos with uncertain location. Assigning each photo in an album a location is a sequence-tosequence problem which requires a model that accumulates a state from previously seen examples and makes the decision for the current example based on both the state and the current example. Therefore, long-short term memory (LSTM) architectures <ref type="bibr" target="#b18">[19]</ref> seem like a good fit for this task. We now explore how to address the problem of predicting photo sequence geolocations using LSTMs.</p><p>Training Data. For this task, we collected a dataset of 29.7M public photo albums with geotags from Google+, which we split into 23.5M training albums (490M images) and 6.2M testing albums (126M) images. We use the S2 quantization scheme from the previous section to assign labels to the images.</p><p>Model architecture. The basic structure of our model is as follows <ref type="figure">(Fig. 11a)</ref>: Given an image, we extract an embedding vector from the final layer before the SoftMax layer in PlaNet. This vector is fed into the LSTM unit. The output vector of the LSTM is then fed into a SoftMax layer that performs the classification into S2 cells. We feed the images of an album into the model in chronological order. For the Inception part, we re-use the parameters of the singleimage model. During training, we keep the Inception part fixed and only train the LSTM units and the SoftMax layer.</p><p>Results. We compare this model to the single-image PlaNet model and a baseline that simply averages the single-image   <ref type="table">Table 4</ref>. Results of PlaNet LSTM on Google+ photo albums. Percentages are the fraction of images in the dataset localized within the respective distance.</p><p>PlaNet predictions of all images in an album and assigns the average to all images. The results are shown in Tab. 4 (first 3 rows). Averaging within albums ('PlaNet avg') already yields a significant improvement over single-image PlaNet (45.7% relative on street level), since it transfers more confident predictions to ambiguous images. However, the LSTM model clearly outperforms the averaging technique (50.5% relative improvement on the street level). Visual inspection of results showed that if an image with high location confidence is followed by several images with lower location confidence, the LSTM model assigns the low-confidence images locations close to the high-confidence image. Thus, while the original PlaNet model tends to "jump around", the LSTM model tends to predict close-by locations unless there is strong evidence of a location change. The LSTM model outperforms the averaging baseline because the base-line assigns all images in an album the same confidences and can thus not produce accurate predictions for albums that include different locations (such as albums of trips). A problem with this simple LSTM model is that many albums contain a number of images in the beginning that contain no helpful visual information. Due to its unidirectional nature, this model cannot fix wrong predictions that occur in the beginning of the sequence after observing a photo with a confident location. For this reason, we now evaluate a model where the LSTM ingests multiple photos from the album before making its first prediction.</p><p>Label offset. The idea of this model is to shift the labels such that inference is postponed for several time steps <ref type="figure">(Fig. 11b)</ref>. The main motivation under this idea is that this model can accumulate information from several images in a sequence before making predictions. Nevertheless, we found that using offsets does not improve localization accuracy (Tab. 4, LSTM off1, LSTM off2). We assume this is because the mapping from input image to output labels becomes more complex, making prediction more difficult for all photos, while improving predictions just for a limited amount of photos. Moreover, this approach does not solve the problem universally: For example, if we offset the label by 2 steps, but the first image with high location confidence occurs only after 3 steps, the prediction for the first image will likely still be wrong. To fix this, we now consider models that condition their predictions on all images in the sequence instead of only previous ones.</p><p>Repeated sequences. We first evaluate a model that was trained on sequences that had been constructed by concatenating two instances of the same sequence <ref type="figure">(Fig. 11c</ref>). For this model, we take predictions only for the images from the second half of the sequence (i.e. the repeated part). Thus, all predictions are conditioned on observations from all images. At inference time, passing the sequence to the model for the first time can be viewed as an encoding stage where the LSTM builds up an internal state based on the images. The second pass is the decoding stage where at each image, the LSTM makes a prediction based on its state and the current image. Results show that this approach outperforms the single-pass LSTMs (Tab. 4, LSTM rep), achieving a 7.8% relative improvement at street level, at the cost of a twofold increase in inference time. However, by visually inspecting the results we observed a problem with this approach: if there are low-confidence images at the beginning of the sequence, they tend to get assigned to the last confident location in the sequence, because the model learns to rely on its previous prediction. Therefore, predictions from the end of the sequence get carried over to the beginning.</p><p>Bi-directional LSTM. A well-known neural network architecture that conditions the predictions on the whole sequence are bi-directional LSTM (BLSTM) <ref type="bibr" target="#b14">[15]</ref>. This model can be seen as a concatenation of two LSTM models, where the first one does a forward pass, while the second does a backward pass on a sequence <ref type="figure">(Fig. 11d)</ref>. Bidirectional LSTMs cannot be trained with truncated backpropagation through time <ref type="bibr" target="#b11">[12]</ref> and thus require to unroll the LSTMs to the full length of the sequence. To reduce the computational cost of training, we had to limit the length of the sequences to 25 images. This causes a decrease in total accuracy since longer albums typically yield higher accuracy than shorter ones. Since our experiments on this data are not directly comparable to the previous ones, we also evaluate the repeated LSTM model on sequences truncated to 25 images. As the results show (Tab. 4: LSTM rep 25, BLSTM 25), BLSTMs clearly outperform repeated LSTMs (16.6% relative improvement on street level). However, because they are not tractable for long sequences, the repeated model might still be preferable in practice.</p></div>
<div xmlns="http://www.tei-c.org/ns/1.0"><head n="5.">Conclusion</head><p>We presented PlaNet, a CNN for image geolocation. Regarding problem as classification, PlaNet produces a probability distribution over the globe. This allows it to express its uncertainty about the location of a photo and assign probability mass to potential locations. While previous work mainly focused on photos taken inside cities, PlaNet is able to localize landscapes, locally typical objects, and even plants and animals. Our experiments show that PlaNet far outperforms other methods for geolocation of generic pho-tos and even reaches superhuman performance. We further extended PlaNet to photo album geolocation by combining it with LSTMs. Our experiments show that using contextual information for image-based localization makes it reach 50% higher performance than the single-image model.</p></div><figure xmlns="http://www.tei-c.org/ns/1.0" xml:id="fig_0"><head>Figure 3 .</head><label>3</label><figDesc>S2 cell quantization in 2D. The sides of the square are subdivided recursively and projected onto the circle.</figDesc></figure>
<figure xmlns="http://www.tei-c.org/ns/1.0" xml:id="fig_1"><head>Figure 2 .</head><label>2</label><figDesc>Left: Adaptive partitioning of the world into 26,263 S2 cells. Right: Detail views of Great Britain and Ireland and the San Francisco bay area.</figDesc></figure>
<figure xmlns="http://www.tei-c.org/ns/1.0" xml:id="fig_2"><head></head><label></label><figDesc>best of top-2 predictions best of top-3 predictions best of top-4 predictions best of top-5 predictions</figDesc></figure>
<figure xmlns="http://www.tei-c.org/ns/1.0" xml:id="fig_3"><head>Figure 4 .</head><label>4</label><figDesc>Geolocation accuracy of the top-k most confident predictions on 2.3M Flickr photos. (Lower right is best.)</figDesc></figure>
<figure xmlns="http://www.tei-c.org/ns/1.0" xml:id="fig_4"><head>Figure 5 .</head><label>5</label><figDesc>Examples of images PlaNet localizes correctly. Our model is capable of localizing photos of famous landmarks (top row), but often yields surprisingly accurate results for images with more subtle geographical cues. The model learns to recognize locally typical landscapes, objects, architectural styles and even plants and animals.</figDesc></figure>
<figure xmlns="http://www.tei-c.org/ns/1.0" xml:id="fig_5"><head>Figure 6 .</head><label>6</label><figDesc>Examples of incorrectly localized images.</figDesc></figure>
<figure xmlns="http://www.tei-c.org/ns/1.0" xml:id="fig_6"><head>Figure 7 .</head><label>7</label><figDesc>The top-5 most confident images from the Flickr dataset for the S2 cells on the left, showing the diverse visual representation of places that PlaNet learns.</figDesc></figure>
<figure xmlns="http://www.tei-c.org/ns/1.0" xml:id="fig_7"><head>Figure 8 .</head><label>8</label><figDesc>Geolocation error of PlaNet vs. humans.</figDesc></figure>
<figure xmlns="http://www.tei-c.org/ns/1.0" xml:id="fig_8"><head>Figure 10 .Figure 11 .</head><label>1011</label><figDesc>Left: Input image, right: Heatmap of the probability of the correct class when sliding an occluding window over the image as in [53]. (a) Grand Canyon. Occluding the distinctive mountain formation makes the confidence in the correct location drop the most. (b) Norway. While the house in the foreground is fairly generic, the snowy mountain range on the left is the most important cue. (c) Shanghai. Confidence in the correct location increases if the palm trees in the foreground are covered since they are not common in Shanghai. Time-unrolled diagrams of the PlaNet LSTM models. (a) Basic model. (b) Label offset. (c) Repeated sequence. The first pass is used to generate the state inside the LSTM, so we only use the predictions of the second pass (red box). (d) Bi-directional LSTM.</figDesc></figure>
<figure xmlns="http://www.tei-c.org/ns/1.0" type="table" xml:id="tab_1"><head>Table 2 .Table 3 .</head><label>23</label><figDesc>Image retrieval mAP using PlaNet features compared to other methods. Median localization error (km) by image category on the Im2GPS test set. Manmade Landmark are landmark buildings like the Eiffel Tower, Natural Landmark are geographical features like the Grand Canyon, City Scene and Natural Scene are photos taken in cities or in nature not showing any distinctive landmarks, and Animal are photos of individual animals.</figDesc><table><row><cell></cell><cell></cell><cell cols="3">Holidays mAP</cell></row><row><cell cols="2">BoVW</cell><cell></cell><cell cols="2">57.2 [24]</cell></row><row><cell cols="3">Hamming Embedding</cell><cell cols="2">77.5 [24]</cell></row><row><cell cols="2">Fine Vocabulary</cell><cell></cell><cell cols="2">74.9 [34]</cell></row><row><cell cols="2">ASMK+MA</cell><cell></cell><cell cols="2">82.2 [47]</cell></row><row><cell cols="2">GIST</cell><cell></cell><cell cols="2">37.6 [10]</cell></row><row><cell cols="2">Overfeat</cell><cell></cell><cell cols="2">64.2 [39]</cell></row><row><cell cols="3">Overfeat+aug+ss</cell><cell cols="2">84.3 [39]</cell></row><row><cell cols="3">AlexNet+LM Retraining</cell><cell cols="2">79.3 [3]</cell></row><row><cell cols="3">PlaNet (this work)</cell><cell></cell><cell>73.3</cell></row><row><cell cols="2">PlaNet+aug+ss</cell><cell></cell><cell></cell><cell>89.9</cell></row><row><cell></cell><cell>Manmade</cell><cell>Natural</cell><cell>City</cell><cell>Natural</cell></row><row><cell>Method</cell><cell>Landmark</cell><cell>Landmark</cell><cell>Scene</cell><cell>Scene Animal</cell></row><row><cell>Im2GPS (new)</cell><cell>61.1</cell><cell cols="3">37.4 3375.3 5701.3 6528.0</cell></row><row><cell>PlaNet</cell><cell>74.5</cell><cell cols="3">61.0 212.6 1803.3 1400.0</cell></row></table><note></note></figure>
			<note xmlns="http://www.tei-c.org/ns/1.0" place="foot" n="1">https://code.google.com/p/s2-geometry-library/ 2 https://docs.google.com/presentation/d/1Hl4KapfAENAOf4gv-pSngKwvS jwNVHRPZTTDzXXn6Q/view</note>
		</body>
		<back>
			<div type="references">

				<listBibl>

<biblStruct xml:id="b0">
	<analytic>
		<title level="a" type="main">Retrieving Landmark and Non-Landmark Images from Community Photo Collections</title>
		<author>
			<persName xmlns="http://www.tei-c.org/ns/1.0"><forename type="first">Y</forename><surname>Avrithis</surname></persName>
		</author>
		<author>
			<persName xmlns="http://www.tei-c.org/ns/1.0"><forename type="first">Y</forename><surname>Kalantidis</surname></persName>
		</author>
		<author>
			<persName xmlns="http://www.tei-c.org/ns/1.0"><forename type="first">G</forename><surname>Tolias</surname></persName>
		</author>
		<author>
			<persName xmlns="http://www.tei-c.org/ns/1.0"><forename type="first">E</forename><surname>Spyrou</surname></persName>
		</author>
	</analytic>
	<monogr>
		<title level="m">ACM Multimedia</title>
		<imprint>
			<date type="published" when="2010" />
			<biblScope unit="volume">2</biblScope>
			<biblScope unit="page">5</biblScope>
		</imprint>
	</monogr>
</biblStruct>

<biblStruct xml:id="b1">
	<analytic>
		<title level="a" type="main">Handling urban location recognition as a 2D homothetic problem</title>
		<author>
			<persName xmlns="http://www.tei-c.org/ns/1.0"><forename type="first">G</forename><surname>Baatz</surname></persName>
		</author>
		<author>
			<persName xmlns="http://www.tei-c.org/ns/1.0"><forename type="first">K</forename><surname>Koeser</surname></persName>
		</author>
		<author>
			<persName xmlns="http://www.tei-c.org/ns/1.0"><forename type="first">D</forename><surname>Chen</surname></persName>
		</author>
		<author>
			<persName xmlns="http://www.tei-c.org/ns/1.0"><forename type="first">R</forename><surname>Grzeszczuk</surname></persName>
		</author>
		<author>
			<persName xmlns="http://www.tei-c.org/ns/1.0"><forename type="first">M</forename><surname>Pollefeys</surname></persName>
		</author>
	</analytic>
	<monogr>
		<title level="m">ECCV</title>
		<imprint>
			<date type="published" when="2010" />
		</imprint>
	</monogr>
</biblStruct>

<biblStruct xml:id="b2">
	<analytic>
		<title level="a" type="main">Neural codes for image retrieval</title>
		<author>
			<persName xmlns="http://www.tei-c.org/ns/1.0"><forename type="first">A</forename><surname>Babenko</surname></persName>
		</author>
		<author>
			<persName xmlns="http://www.tei-c.org/ns/1.0"><forename type="first">A</forename><surname>Slesarev</surname></persName>
		</author>
		<author>
			<persName xmlns="http://www.tei-c.org/ns/1.0"><forename type="first">A</forename><surname>Chigorin</surname></persName>
		</author>
		<author>
			<persName xmlns="http://www.tei-c.org/ns/1.0"><forename type="first">V</forename><surname>Lempitsky</surname></persName>
		</author>
	</analytic>
	<monogr>
		<title level="m">ECCV</title>
		<imprint>
			<date type="published" when="2014" />
			<biblScope unit="volume">6</biblScope>
			<biblScope unit="page">7</biblScope>
		</imprint>
	</monogr>
</biblStruct>

<biblStruct xml:id="b3">
	<analytic>
		<title level="a" type="main">Leveraging Structure from Motion to Learn Discriminative Codebooks for Scalable Landmark Classification</title>
		<author>
			<persName xmlns="http://www.tei-c.org/ns/1.0"><forename type="first">A</forename><surname>Bergamo</surname></persName>
		</author>
		<author>
			<persName xmlns="http://www.tei-c.org/ns/1.0"><forename type="first">S</forename><forename type="middle">N</forename><surname>Sinha</surname></persName>
		</author>
		<author>
			<persName xmlns="http://www.tei-c.org/ns/1.0"><forename type="first">L</forename><surname>Torresani</surname></persName>
		</author>
	</analytic>
	<monogr>
		<title level="m">CVPR</title>
		<imprint>
			<date type="published" when="2013" />
		</imprint>
	</monogr>
</biblStruct>

<biblStruct xml:id="b4">
	<analytic>
		<title level="a" type="main">Graph-Based Discriminative Learning for Location Recognition</title>
		<author>
			<persName xmlns="http://www.tei-c.org/ns/1.0"><forename type="first">S</forename><surname>Cao</surname></persName>
		</author>
		<author>
			<persName xmlns="http://www.tei-c.org/ns/1.0"><forename type="first">N</forename><surname>Snavely</surname></persName>
		</author>
	</analytic>
	<monogr>
		<title level="j">IJCV</title>
		<imprint>
			<biblScope unit="volume">112</biblScope>
			<biblScope unit="issue">2</biblScope>
			<biblScope unit="page" from="239" to="254" />
			<date type="published" when="2015" />
		</imprint>
	</monogr>
</biblStruct>

<biblStruct xml:id="b5">
	<analytic>
		<title level="a" type="main">Clues from the Beaten Path: Location Estimation with Bursty Sequences of Tourist Photos</title>
		<author>
			<persName xmlns="http://www.tei-c.org/ns/1.0"><forename type="first">C.-Y</forename><surname>Chen</surname></persName>
		</author>
		<author>
			<persName xmlns="http://www.tei-c.org/ns/1.0"><forename type="first">K</forename><surname>Grauman</surname></persName>
		</author>
	</analytic>
	<monogr>
		<title level="m">CVPR</title>
		<imprint>
			<date type="published" when="2011" />
		</imprint>
	</monogr>
</biblStruct>

<biblStruct xml:id="b6">
	<analytic>
		<title level="a" type="main">City-scale landmark identification on mobile devices</title>
		<author>
			<persName xmlns="http://www.tei-c.org/ns/1.0"><forename type="first">D</forename><surname>Chen</surname></persName>
		</author>
		<author>
			<persName xmlns="http://www.tei-c.org/ns/1.0"><forename type="first">G</forename><surname>Baatz</surname></persName>
		</author>
		<author>
			<persName xmlns="http://www.tei-c.org/ns/1.0"><forename type="first">K</forename><surname>Köser</surname></persName>
		</author>
		<author>
			<persName xmlns="http://www.tei-c.org/ns/1.0"><forename type="first">S</forename><surname>Tsai</surname></persName>
		</author>
		<author>
			<persName xmlns="http://www.tei-c.org/ns/1.0"><forename type="first">R</forename><surname>Vedantham</surname></persName>
		</author>
		<author>
			<persName xmlns="http://www.tei-c.org/ns/1.0"><forename type="first">T</forename><surname>Pylvänäinen</surname></persName>
		</author>
		<author>
			<persName xmlns="http://www.tei-c.org/ns/1.0"><forename type="first">K</forename><surname>Roimela</surname></persName>
		</author>
		<author>
			<persName xmlns="http://www.tei-c.org/ns/1.0"><forename type="first">X</forename><surname>Chen</surname></persName>
		</author>
		<author>
			<persName xmlns="http://www.tei-c.org/ns/1.0"><forename type="first">J</forename><surname>Bach</surname></persName>
		</author>
		<author>
			<persName xmlns="http://www.tei-c.org/ns/1.0"><forename type="first">M</forename><surname>Pollefeys</surname></persName>
		</author>
		<author>
			<persName xmlns="http://www.tei-c.org/ns/1.0"><forename type="first">B</forename><surname>Girod</surname></persName>
		</author>
		<author>
			<persName xmlns="http://www.tei-c.org/ns/1.0"><forename type="first">R</forename><surname>Grzeszczuk</surname></persName>
		</author>
	</analytic>
	<monogr>
		<title level="m">CVPR</title>
		<imprint>
			<date type="published" when="2011" />
		</imprint>
	</monogr>
</biblStruct>

<biblStruct xml:id="b7">
	<analytic>
		<title level="a" type="main">Large Scale Distributed Deep Networks</title>
		<author>
			<persName xmlns="http://www.tei-c.org/ns/1.0"><forename type="first">J</forename><surname>Dean</surname></persName>
		</author>
		<author>
			<persName xmlns="http://www.tei-c.org/ns/1.0"><forename type="first">G</forename><forename type="middle">S</forename><surname>Corrado</surname></persName>
		</author>
		<author>
			<persName xmlns="http://www.tei-c.org/ns/1.0"><forename type="first">R</forename><surname>Monga</surname></persName>
		</author>
		<author>
			<persName xmlns="http://www.tei-c.org/ns/1.0"><forename type="first">K</forename><surname>Chen</surname></persName>
		</author>
		<author>
			<persName xmlns="http://www.tei-c.org/ns/1.0"><forename type="first">M</forename><surname>Devin</surname></persName>
		</author>
		<author>
			<persName xmlns="http://www.tei-c.org/ns/1.0"><forename type="first">Q</forename><forename type="middle">V</forename><surname>Le</surname></persName>
		</author>
		<author>
			<persName xmlns="http://www.tei-c.org/ns/1.0"><forename type="first">M</forename><forename type="middle">Z</forename><surname>Mao</surname></persName>
		</author>
		<author>
			<persName xmlns="http://www.tei-c.org/ns/1.0"><forename type="first">M</forename><surname>Ranzato</surname></persName>
		</author>
		<author>
			<persName xmlns="http://www.tei-c.org/ns/1.0"><forename type="first">A</forename><surname>Senior</surname></persName>
		</author>
		<author>
			<persName xmlns="http://www.tei-c.org/ns/1.0"><forename type="first">P</forename><surname>Tucker</surname></persName>
		</author>
		<author>
			<persName xmlns="http://www.tei-c.org/ns/1.0"><forename type="first">K</forename><surname>Yang</surname></persName>
		</author>
		<author>
			<persName xmlns="http://www.tei-c.org/ns/1.0"><forename type="first">A</forename><forename type="middle">Y</forename><surname>Ng</surname></persName>
		</author>
	</analytic>
	<monogr>
		<title level="m">NIPS</title>
		<imprint>
			<date type="published" when="2012" />
		</imprint>
	</monogr>
</biblStruct>

<biblStruct xml:id="b8">
	<analytic>
		<title level="a" type="main">ImageNet: A Large-Scale Hierarchical Image Database</title>
		<author>
			<persName xmlns="http://www.tei-c.org/ns/1.0"><forename type="first">J</forename><surname>Deng</surname></persName>
		</author>
		<author>
			<persName xmlns="http://www.tei-c.org/ns/1.0"><forename type="first">W</forename><surname>Dong</surname></persName>
		</author>
		<author>
			<persName xmlns="http://www.tei-c.org/ns/1.0"><forename type="first">R</forename><surname>Socher</surname></persName>
		</author>
		<author>
			<persName xmlns="http://www.tei-c.org/ns/1.0"><forename type="first">L.-J</forename><surname>Li</surname></persName>
		</author>
		<author>
			<persName xmlns="http://www.tei-c.org/ns/1.0"><forename type="first">K</forename><surname>Li</surname></persName>
		</author>
		<author>
			<persName xmlns="http://www.tei-c.org/ns/1.0"><forename type="first">L</forename><surname>Fei-Fei</surname></persName>
		</author>
	</analytic>
	<monogr>
		<title level="m">CVPR</title>
		<imprint>
			<date type="published" when="2009" />
			<biblScope unit="volume">2</biblScope>
			<biblScope unit="page">6</biblScope>
		</imprint>
	</monogr>
</biblStruct>

<biblStruct xml:id="b9">
	<analytic>
		<title level="a" type="main">Evaluation of gist descriptors for web-scale image search</title>
		<author>
			<persName xmlns="http://www.tei-c.org/ns/1.0"><forename type="first">M</forename><surname>Douze</surname></persName>
		</author>
		<author>
			<persName xmlns="http://www.tei-c.org/ns/1.0"><forename type="first">H</forename><surname>Jégou</surname></persName>
		</author>
		<author>
			<persName xmlns="http://www.tei-c.org/ns/1.0"><forename type="first">S</forename><surname>Harsimrat</surname></persName>
		</author>
		<author>
			<persName xmlns="http://www.tei-c.org/ns/1.0"><forename type="first">L</forename><surname>Amsaleg</surname></persName>
		</author>
		<author>
			<persName xmlns="http://www.tei-c.org/ns/1.0"><forename type="first">C</forename><surname>Schmid</surname></persName>
		</author>
	</analytic>
	<monogr>
		<title level="m">CIVR</title>
		<imprint>
			<date type="published" when="2009" />
		</imprint>
	</monogr>
</biblStruct>

<biblStruct xml:id="b10">
	<analytic>
		<title level="a" type="main">Adaptive Subgradient Methods for Online Learning and Stochastic Optimization</title>
		<author>
			<persName xmlns="http://www.tei-c.org/ns/1.0"><forename type="first">J</forename><surname>Duchi</surname></persName>
		</author>
		<author>
			<persName xmlns="http://www.tei-c.org/ns/1.0"><forename type="first">E</forename><surname>Hazan</surname></persName>
		</author>
		<author>
			<persName xmlns="http://www.tei-c.org/ns/1.0"><forename type="first">Y</forename><surname>Singer</surname></persName>
		</author>
	</analytic>
	<monogr>
		<title level="j">JMLR</title>
		<imprint>
			<biblScope unit="volume">12</biblScope>
			<biblScope unit="issue">3</biblScope>
			<biblScope unit="page" from="2121" to="2159" />
			<date type="published" when="2011" />
		</imprint>
	</monogr>
</biblStruct>

<biblStruct xml:id="b11">
	<analytic>
		<title level="a" type="main">Finding Structure in Time</title>
		<author>
			<persName xmlns="http://www.tei-c.org/ns/1.0"><forename type="first">J</forename><surname>Elman</surname></persName>
		</author>
	</analytic>
	<monogr>
		<title level="j">Cognitive Science</title>
		<imprint>
			<biblScope unit="volume">14</biblScope>
			<biblScope unit="issue">2</biblScope>
			<biblScope unit="page" from="179" to="211" />
			<date type="published" when="1990" />
		</imprint>
	</monogr>
</biblStruct>

<biblStruct xml:id="b12">
	<analytic>
		<title level="a" type="main">Unsupervised Nonparametric Geospatial Modeling from Ground Imagery</title>
		<author>
			<persName xmlns="http://www.tei-c.org/ns/1.0"><forename type="first">N</forename><surname>Frey</surname></persName>
		</author>
		<author>
			<persName xmlns="http://www.tei-c.org/ns/1.0"><forename type="first">A</forename><surname>Torralba</surname></persName>
		</author>
		<author>
			<persName xmlns="http://www.tei-c.org/ns/1.0"><forename type="first">C</forename><surname>Stauffer</surname></persName>
		</author>
	</analytic>
	<monogr>
		<title level="m">WACV</title>
		<imprint>
			<date type="published" when="2014" />
		</imprint>
	</monogr>
</biblStruct>

<biblStruct xml:id="b13">
	<analytic>
		<title level="a" type="main">I Know What You Did Last Summer: Object-Level Auto-Annotation of Holiday Snaps</title>
		<author>
			<persName xmlns="http://www.tei-c.org/ns/1.0"><forename type="first">S</forename><surname>Gammeter</surname></persName>
		</author>
		<author>
			<persName xmlns="http://www.tei-c.org/ns/1.0"><forename type="first">T</forename><surname>Quack</surname></persName>
		</author>
		<author>
			<persName xmlns="http://www.tei-c.org/ns/1.0"><forename type="first">L</forename><surname>Van Gool</surname></persName>
		</author>
	</analytic>
	<monogr>
		<title level="m">ICCV</title>
		<imprint>
			<date type="published" when="2009" />
		</imprint>
	</monogr>
</biblStruct>

<biblStruct xml:id="b14">
	<analytic>
		<title level="a" type="main">Framewise Phoneme Classification with Bidirectional LSTM and Other Neural Network Architectures</title>
		<author>
			<persName xmlns="http://www.tei-c.org/ns/1.0"><forename type="first">A</forename><surname>Graves</surname></persName>
		</author>
		<author>
			<persName xmlns="http://www.tei-c.org/ns/1.0"><forename type="first">J</forename><surname>Schmidthuber</surname></persName>
		</author>
	</analytic>
	<monogr>
		<title level="j">Neural Networks</title>
		<imprint>
			<biblScope unit="volume">18</biblScope>
			<biblScope unit="issue">9</biblScope>
			<biblScope unit="page" from="5" to="6" />
			<date type="published" when="2005" />
		</imprint>
	</monogr>
</biblStruct>

<biblStruct xml:id="b15">
	<analytic>
		<title level="a" type="main">Learning perlocation classifiers for visual place recognition</title>
		<author>
			<persName xmlns="http://www.tei-c.org/ns/1.0"><forename type="first">P</forename><surname>Gronat</surname></persName>
		</author>
		<author>
			<persName xmlns="http://www.tei-c.org/ns/1.0"><forename type="first">G</forename><surname>Obozinski</surname></persName>
		</author>
		<author>
			<persName xmlns="http://www.tei-c.org/ns/1.0"><forename type="first">J</forename><surname>Sivic</surname></persName>
		</author>
		<author>
			<persName xmlns="http://www.tei-c.org/ns/1.0"><forename type="first">T</forename><surname>Pajdla</surname></persName>
		</author>
	</analytic>
	<monogr>
		<title level="m">CVPR</title>
		<imprint>
			<date type="published" when="2013" />
		</imprint>
	</monogr>
</biblStruct>

<biblStruct xml:id="b16">
	<analytic>
		<title level="a" type="main">IM2GPS: estimating geographic information from a single image</title>
		<author>
			<persName xmlns="http://www.tei-c.org/ns/1.0"><forename type="first">J</forename><surname>Hays</surname></persName>
		</author>
		<author>
			<persName xmlns="http://www.tei-c.org/ns/1.0"><forename type="first">A</forename><surname>Efros</surname></persName>
		</author>
	</analytic>
	<monogr>
		<title level="m">CVPR</title>
		<imprint>
			<date type="published" when="2008" />
			<biblScope unit="volume">2</biblScope>
			<biblScope unit="page">5</biblScope>
		</imprint>
	</monogr>
</biblStruct>

<biblStruct xml:id="b17">
	<analytic>
		<title level="a" type="main">Large-Scale Image Geolocalization</title>
		<author>
			<persName xmlns="http://www.tei-c.org/ns/1.0"><forename type="first">J</forename><surname>Hays</surname></persName>
		</author>
		<author>
			<persName xmlns="http://www.tei-c.org/ns/1.0"><forename type="first">A</forename><surname>Efros</surname></persName>
		</author>
	</analytic>
	<monogr>
		<title level="m">Multimodal Location Estimation of Videos and Images</title>
		<editor>J. Choi and G. Friedland</editor>
		<imprint>
			<publisher>Springer</publisher>
			<date type="published" when="2005" />
		</imprint>
	</monogr>
</biblStruct>

<biblStruct xml:id="b18">
	<analytic>
		<title level="a" type="main">Long short-term memory</title>
		<author>
			<persName xmlns="http://www.tei-c.org/ns/1.0"><forename type="first">S</forename><surname>Hochreiter</surname></persName>
		</author>
		<author>
			<persName xmlns="http://www.tei-c.org/ns/1.0"><forename type="first">J</forename><surname>Schmidthuber</surname></persName>
		</author>
		<idno>1997. 7</idno>
	</analytic>
	<monogr>
		<title level="j">Neural Computation</title>
		<imprint>
			<biblScope unit="volume">9</biblScope>
			<biblScope unit="issue">8</biblScope>
		</imprint>
	</monogr>
</biblStruct>

<biblStruct xml:id="b19">
	<analytic>
		<title level="a" type="main">Batch Normalization: Accelerating Deep Network Training by Reducing Internal Covariate Shift</title>
		<author>
			<persName xmlns="http://www.tei-c.org/ns/1.0"><forename type="first">S</forename><surname>Ioffe</surname></persName>
		</author>
		<author>
			<persName xmlns="http://www.tei-c.org/ns/1.0"><forename type="first">C</forename><surname>Szegedy</surname></persName>
		</author>
	</analytic>
	<monogr>
		<title level="m">ICML</title>
		<imprint>
			<date type="published" when="2015" />
		</imprint>
	</monogr>
</biblStruct>

<biblStruct xml:id="b20">
	<analytic>
		<title level="a" type="main">From structure-from-motion point clouds to fast location recognition</title>
		<author>
			<persName xmlns="http://www.tei-c.org/ns/1.0"><forename type="first">A</forename><surname>Irschara</surname></persName>
		</author>
		<author>
			<persName xmlns="http://www.tei-c.org/ns/1.0"><forename type="first">C</forename><surname>Zach</surname></persName>
		</author>
		<author>
			<persName xmlns="http://www.tei-c.org/ns/1.0"><forename type="first">J.-M</forename><surname>Frahm</surname></persName>
		</author>
		<author>
			<persName xmlns="http://www.tei-c.org/ns/1.0"><forename type="first">H</forename><surname>Bischof</surname></persName>
		</author>
	</analytic>
	<monogr>
		<title level="m">CVPR</title>
		<imprint>
			<date type="published" when="2009" />
		</imprint>
	</monogr>
</biblStruct>

<biblStruct xml:id="b21">
	<analytic>
		<title level="a" type="main">From images to scenes: Compressing an image cluster into a single scene model for place recognition</title>
		<author>
			<persName xmlns="http://www.tei-c.org/ns/1.0"><forename type="first">E</forename><surname>Johns</surname></persName>
		</author>
		<author>
			<persName xmlns="http://www.tei-c.org/ns/1.0"><forename type="first">G.-Z</forename><surname>Yang</surname></persName>
		</author>
	</analytic>
	<monogr>
		<title level="m">ICCV</title>
		<imprint>
			<date type="published" when="2011" />
		</imprint>
	</monogr>
</biblStruct>

<biblStruct xml:id="b22">
	<analytic>
		<title level="a" type="main">Hamming embedding and weak geometric consistency for large scale image search</title>
		<author>
			<persName xmlns="http://www.tei-c.org/ns/1.0"><forename type="first">H</forename><surname>Jégou</surname></persName>
		</author>
		<author>
			<persName xmlns="http://www.tei-c.org/ns/1.0"><forename type="first">M</forename><surname>Douze</surname></persName>
		</author>
		<author>
			<persName xmlns="http://www.tei-c.org/ns/1.0"><forename type="first">C</forename><surname>Schmid</surname></persName>
		</author>
	</analytic>
	<monogr>
		<title level="m">ECCV</title>
		<imprint>
			<date type="published" when="2008" />
			<biblScope unit="volume">2</biblScope>
			<biblScope unit="page">6</biblScope>
		</imprint>
	</monogr>
</biblStruct>

<biblStruct xml:id="b23">
	<analytic>
		<title level="a" type="main">Improving Bag-of-Features for Large Scale Image Search</title>
		<author>
			<persName xmlns="http://www.tei-c.org/ns/1.0"><forename type="first">H</forename><surname>Jégou</surname></persName>
		</author>
		<author>
			<persName xmlns="http://www.tei-c.org/ns/1.0"><forename type="first">M</forename><surname>Douze</surname></persName>
		</author>
		<author>
			<persName xmlns="http://www.tei-c.org/ns/1.0"><forename type="first">C</forename><surname>Schmid</surname></persName>
		</author>
	</analytic>
	<monogr>
		<title level="j">IJCV</title>
		<imprint>
			<biblScope unit="volume">87</biblScope>
			<biblScope unit="issue">3</biblScope>
			<date type="published" when="2010" />
		</imprint>
	</monogr>
</biblStruct>

<biblStruct xml:id="b24">
	<analytic>
		<title level="a" type="main">Image Sequence Geolocation with Human Travel Priors</title>
		<author>
			<persName xmlns="http://www.tei-c.org/ns/1.0"><forename type="first">E</forename><surname>Kalogerakis</surname></persName>
		</author>
		<author>
			<persName xmlns="http://www.tei-c.org/ns/1.0"><forename type="first">O</forename><surname>Vesselova</surname></persName>
		</author>
		<author>
			<persName xmlns="http://www.tei-c.org/ns/1.0"><forename type="first">J</forename><surname>Hays</surname></persName>
		</author>
		<author>
			<persName xmlns="http://www.tei-c.org/ns/1.0"><forename type="first">A</forename><surname>Efros</surname></persName>
		</author>
		<author>
			<persName xmlns="http://www.tei-c.org/ns/1.0"><forename type="first">A</forename><surname>Hertzmann</surname></persName>
		</author>
	</analytic>
	<monogr>
		<title level="m">ICCV</title>
		<imprint>
			<date type="published" when="2009" />
		</imprint>
	</monogr>
</biblStruct>

<biblStruct xml:id="b25">
	<analytic>
		<title level="a" type="main">Predicting Good Features for Image Geo-Localization Using Per-Bundle VLAD</title>
		<author>
			<persName xmlns="http://www.tei-c.org/ns/1.0"><forename type="first">H</forename><forename type="middle">J</forename><surname>Kim</surname></persName>
		</author>
		<author>
			<persName xmlns="http://www.tei-c.org/ns/1.0"><forename type="first">E</forename><surname>Dunn</surname></persName>
		</author>
		<author>
			<persName xmlns="http://www.tei-c.org/ns/1.0"><forename type="first">J.-M</forename><surname>Frahm</surname></persName>
		</author>
	</analytic>
	<monogr>
		<title level="m">ICCV</title>
		<imprint>
			<date type="published" when="2015" />
		</imprint>
	</monogr>
</biblStruct>

<biblStruct xml:id="b26">
	<analytic>
		<title level="a" type="main">Avoiding confusing features in place recognition</title>
		<author>
			<persName xmlns="http://www.tei-c.org/ns/1.0"><forename type="first">J</forename><surname>Knopp</surname></persName>
		</author>
		<author>
			<persName xmlns="http://www.tei-c.org/ns/1.0"><forename type="first">J</forename><surname>Sivic</surname></persName>
		</author>
		<author>
			<persName xmlns="http://www.tei-c.org/ns/1.0"><forename type="first">T</forename><surname>Pajdla</surname></persName>
		</author>
	</analytic>
	<monogr>
		<title level="m">ECCV</title>
		<imprint>
			<date type="published" when="2010" />
		</imprint>
	</monogr>
</biblStruct>

<biblStruct xml:id="b27">
	<analytic>
		<title level="a" type="main">Predicting Geoinformative Attributes in Large-Scale Image Collections Using Convolutional Neural Networks</title>
		<author>
			<persName xmlns="http://www.tei-c.org/ns/1.0"><forename type="first">S</forename><surname>Lee</surname></persName>
		</author>
		<author>
			<persName xmlns="http://www.tei-c.org/ns/1.0"><forename type="first">H</forename><surname>Zhang</surname></persName>
		</author>
		<author>
			<persName xmlns="http://www.tei-c.org/ns/1.0"><forename type="first">D</forename><forename type="middle">J</forename><surname>Crandall</surname></persName>
		</author>
	</analytic>
	<monogr>
		<title level="m">WACV</title>
		<imprint>
			<date type="published" when="2015" />
		</imprint>
	</monogr>
</biblStruct>

<biblStruct xml:id="b28">
	<analytic>
		<title level="a" type="main">Landmark classification in large-scale image collections</title>
		<author>
			<persName xmlns="http://www.tei-c.org/ns/1.0"><forename type="first">Y</forename><surname>Li</surname></persName>
		</author>
		<author>
			<persName xmlns="http://www.tei-c.org/ns/1.0"><forename type="first">D</forename><forename type="middle">J</forename><surname>Crandall</surname></persName>
		</author>
		<author>
			<persName xmlns="http://www.tei-c.org/ns/1.0"><forename type="first">D</forename><forename type="middle">P</forename><surname>Huttenlocher</surname></persName>
		</author>
	</analytic>
	<monogr>
		<title level="m">ICCV</title>
		<imprint>
			<date type="published" when="2009" />
			<biblScope unit="volume">2</biblScope>
			<biblScope unit="page">3</biblScope>
		</imprint>
	</monogr>
</biblStruct>

<biblStruct xml:id="b29">
	<analytic>
		<title level="a" type="main">Location Recognition using Prioritized Feature Matching</title>
		<author>
			<persName xmlns="http://www.tei-c.org/ns/1.0"><forename type="first">Y</forename><surname>Li</surname></persName>
		</author>
		<author>
			<persName xmlns="http://www.tei-c.org/ns/1.0"><forename type="first">N</forename><surname>Snavely</surname></persName>
		</author>
		<author>
			<persName xmlns="http://www.tei-c.org/ns/1.0"><forename type="first">D</forename><surname>Huttenlocher</surname></persName>
		</author>
		<author>
			<persName xmlns="http://www.tei-c.org/ns/1.0"><forename type="first">P</forename><surname>Fua</surname></persName>
		</author>
	</analytic>
	<monogr>
		<title level="m">ECCV</title>
		<imprint>
			<date type="published" when="2010" />
		</imprint>
	</monogr>
</biblStruct>

<biblStruct xml:id="b30">
	<analytic>
		<title level="a" type="main">Worldwide Pose Estimation Using 3D Point Clouds</title>
		<author>
			<persName xmlns="http://www.tei-c.org/ns/1.0"><forename type="first">Y</forename><surname>Li</surname></persName>
		</author>
		<author>
			<persName xmlns="http://www.tei-c.org/ns/1.0"><forename type="first">N</forename><surname>Snavely</surname></persName>
		</author>
		<author>
			<persName xmlns="http://www.tei-c.org/ns/1.0"><forename type="first">D</forename><surname>Huttenlocher</surname></persName>
		</author>
		<author>
			<persName xmlns="http://www.tei-c.org/ns/1.0"><forename type="first">P</forename><surname>Fua</surname></persName>
		</author>
	</analytic>
	<monogr>
		<title level="m">ECCV</title>
		<imprint>
			<date type="published" when="2012" />
		</imprint>
	</monogr>
</biblStruct>

<biblStruct xml:id="b31">
	<analytic>
		<title level="a" type="main">Cross-view Image Geolocalization</title>
		<author>
			<persName xmlns="http://www.tei-c.org/ns/1.0"><forename type="first">T.-Y</forename><surname>Lin</surname></persName>
		</author>
		<author>
			<persName xmlns="http://www.tei-c.org/ns/1.0"><forename type="first">S</forename><surname>Belongie</surname></persName>
		</author>
		<author>
			<persName xmlns="http://www.tei-c.org/ns/1.0"><forename type="first">J</forename><surname>Hays</surname></persName>
		</author>
	</analytic>
	<monogr>
		<title level="m">CVPR</title>
		<imprint>
			<date type="published" when="2013" />
			<biblScope unit="volume">2</biblScope>
			<biblScope unit="page">3</biblScope>
		</imprint>
	</monogr>
</biblStruct>

<biblStruct xml:id="b32">
	<analytic>
		<title level="a" type="main">Learning Deep Representations for Ground-to-Aerial Geolocalization</title>
		<author>
			<persName xmlns="http://www.tei-c.org/ns/1.0"><forename type="first">T.-Y</forename><surname>Lin</surname></persName>
		</author>
		<author>
			<persName xmlns="http://www.tei-c.org/ns/1.0"><forename type="first">Y</forename><surname>Cui</surname></persName>
		</author>
		<author>
			<persName xmlns="http://www.tei-c.org/ns/1.0"><forename type="first">S</forename><surname>Belongie</surname></persName>
		</author>
		<author>
			<persName xmlns="http://www.tei-c.org/ns/1.0"><forename type="first">J</forename><surname>Hays</surname></persName>
		</author>
	</analytic>
	<monogr>
		<title level="m">CVPR</title>
		<imprint>
			<date type="published" when="2015" />
			<biblScope unit="volume">2</biblScope>
			<biblScope unit="page">3</biblScope>
		</imprint>
	</monogr>
</biblStruct>

<biblStruct xml:id="b33">
	<analytic>
		<title level="a" type="main">Learning a Fine Vocabulary</title>
		<author>
			<persName xmlns="http://www.tei-c.org/ns/1.0"><forename type="first">A</forename><surname>Mikulik</surname></persName>
		</author>
		<author>
			<persName xmlns="http://www.tei-c.org/ns/1.0"><forename type="first">M</forename><surname>Perdoch</surname></persName>
		</author>
		<author>
			<persName xmlns="http://www.tei-c.org/ns/1.0"><forename type="first">O</forename><surname>Chum</surname></persName>
		</author>
		<author>
			<persName xmlns="http://www.tei-c.org/ns/1.0"><forename type="first">J</forename><surname>Matas</surname></persName>
		</author>
	</analytic>
	<monogr>
		<title level="m">ECCV</title>
		<imprint>
			<date type="published" when="2010" />
		</imprint>
	</monogr>
</biblStruct>

<biblStruct xml:id="b34">
	<analytic>
		<title level="a" type="main">Scalable recognition with a vocabulary tree</title>
		<author>
			<persName xmlns="http://www.tei-c.org/ns/1.0"><forename type="first">D</forename><surname>Nistér</surname></persName>
		</author>
		<author>
			<persName xmlns="http://www.tei-c.org/ns/1.0"><forename type="first">H</forename><surname>Stewénius</surname></persName>
		</author>
	</analytic>
	<monogr>
		<title level="m">CVPR</title>
		<imprint>
			<date type="published" when="2006" />
		</imprint>
	</monogr>
</biblStruct>

<biblStruct xml:id="b35">
	<analytic>
		<title level="a" type="main">Object Retrieval with Large Vocabularies and Fast Spatial Matching</title>
		<author>
			<persName xmlns="http://www.tei-c.org/ns/1.0"><forename type="first">J</forename><surname>Philbin</surname></persName>
		</author>
		<author>
			<persName xmlns="http://www.tei-c.org/ns/1.0"><forename type="first">O</forename><surname>Chum</surname></persName>
		</author>
		<author>
			<persName xmlns="http://www.tei-c.org/ns/1.0"><forename type="first">M</forename><surname>Isard</surname></persName>
		</author>
		<author>
			<persName xmlns="http://www.tei-c.org/ns/1.0"><forename type="first">J</forename><surname>Sivic</surname></persName>
		</author>
		<author>
			<persName xmlns="http://www.tei-c.org/ns/1.0"><forename type="first">A</forename><surname>Zisserman</surname></persName>
		</author>
	</analytic>
	<monogr>
		<title level="m">CVPR</title>
		<imprint>
			<date type="published" when="2007" />
		</imprint>
	</monogr>
</biblStruct>

<biblStruct xml:id="b36">
	<analytic>
		<title level="a" type="main">World-Scale Mining of Objects and Events from Community Photo Collections</title>
		<author>
			<persName xmlns="http://www.tei-c.org/ns/1.0"><forename type="first">T</forename><surname>Quack</surname></persName>
		</author>
		<author>
			<persName xmlns="http://www.tei-c.org/ns/1.0"><forename type="first">B</forename><surname>Leibe</surname></persName>
		</author>
		<author>
			<persName xmlns="http://www.tei-c.org/ns/1.0"><forename type="first">L</forename><surname>Van Gool</surname></persName>
		</author>
	</analytic>
	<monogr>
		<title level="m">CIVR</title>
		<imprint>
			<date type="published" when="2008" />
			<biblScope unit="volume">2</biblScope>
			<biblScope unit="page">5</biblScope>
		</imprint>
	</monogr>
</biblStruct>

<biblStruct xml:id="b37">
	<analytic>
		<title level="a" type="main">SKY-LINE2GPS: Localization in urban canyons using omniskylines</title>
		<author>
			<persName xmlns="http://www.tei-c.org/ns/1.0"><forename type="first">S</forename><surname>Ramalingam</surname></persName>
		</author>
		<author>
			<persName xmlns="http://www.tei-c.org/ns/1.0"><forename type="first">S</forename><surname>Bouaziz</surname></persName>
		</author>
		<author>
			<persName xmlns="http://www.tei-c.org/ns/1.0"><forename type="first">P</forename><surname>Sturm</surname></persName>
		</author>
		<author>
			<persName xmlns="http://www.tei-c.org/ns/1.0"><forename type="first">M</forename><surname>Brand</surname></persName>
		</author>
	</analytic>
	<monogr>
		<title level="m">IROS</title>
		<imprint>
			<date type="published" when="2010" />
		</imprint>
	</monogr>
</biblStruct>

<biblStruct xml:id="b38">
	<analytic>
		<title level="a" type="main">CNN features off-the-shelf: An astounding baseline for recognition</title>
		<author>
			<persName xmlns="http://www.tei-c.org/ns/1.0"><forename type="first">A</forename><forename type="middle">S</forename><surname>Razavian</surname></persName>
		</author>
		<author>
			<persName xmlns="http://www.tei-c.org/ns/1.0"><forename type="first">H</forename><surname>Azizpour</surname></persName>
		</author>
		<author>
			<persName xmlns="http://www.tei-c.org/ns/1.0"><forename type="first">J</forename><surname>Sullivan</surname></persName>
		</author>
		<author>
			<persName xmlns="http://www.tei-c.org/ns/1.0"><forename type="first">S</forename><surname>Carlsson</surname></persName>
		</author>
	</analytic>
	<monogr>
		<title level="m">CVPR 2014 DeepVision workshop</title>
		<imprint>
			<date type="published" when="2014" />
			<biblScope unit="volume">6</biblScope>
			<biblScope unit="page">7</biblScope>
		</imprint>
	</monogr>
</biblStruct>

<biblStruct xml:id="b39">
	<analytic>
		<title level="a" type="main">Fast image-based localization using direct 2d-to-3d matching</title>
		<author>
			<persName xmlns="http://www.tei-c.org/ns/1.0"><forename type="first">T</forename><surname>Sattler</surname></persName>
		</author>
		<author>
			<persName xmlns="http://www.tei-c.org/ns/1.0"><forename type="first">B</forename><surname>Leibe</surname></persName>
		</author>
		<author>
			<persName xmlns="http://www.tei-c.org/ns/1.0"><forename type="first">L</forename><surname>Kobbelt</surname></persName>
		</author>
	</analytic>
	<monogr>
		<title level="m">ICCV</title>
		<imprint>
			<date type="published" when="2011" />
		</imprint>
	</monogr>
</biblStruct>

<biblStruct xml:id="b40">
	<analytic>
		<title level="a" type="main">Improving Image-Based Localization by Active Correspondence Search</title>
		<author>
			<persName xmlns="http://www.tei-c.org/ns/1.0"><forename type="first">T</forename><surname>Sattler</surname></persName>
		</author>
		<author>
			<persName xmlns="http://www.tei-c.org/ns/1.0"><forename type="first">B</forename><surname>Leibe</surname></persName>
		</author>
		<author>
			<persName xmlns="http://www.tei-c.org/ns/1.0"><forename type="first">L</forename><surname>Kobbelt</surname></persName>
		</author>
	</analytic>
	<monogr>
		<title level="m">ECCV</title>
		<imprint>
			<date type="published" when="2012" />
		</imprint>
	</monogr>
</biblStruct>

<biblStruct xml:id="b41">
	<analytic>
		<title level="a" type="main">Image Retrieval for Image-Based Localization Revisited</title>
		<author>
			<persName xmlns="http://www.tei-c.org/ns/1.0"><forename type="first">T</forename><surname>Sattler</surname></persName>
		</author>
		<author>
			<persName xmlns="http://www.tei-c.org/ns/1.0"><forename type="first">T</forename><surname>Weyand</surname></persName>
		</author>
		<author>
			<persName xmlns="http://www.tei-c.org/ns/1.0"><forename type="first">B</forename><surname>Leibe</surname></persName>
		</author>
		<author>
			<persName xmlns="http://www.tei-c.org/ns/1.0"><forename type="first">L</forename><surname>Kobbelt</surname></persName>
		</author>
	</analytic>
	<monogr>
		<title level="m">BMVC</title>
		<imprint>
			<date type="published" when="2012" />
		</imprint>
	</monogr>
</biblStruct>

<biblStruct xml:id="b42">
	<analytic>
		<title level="a" type="main">City-Scale Location Recognition</title>
		<author>
			<persName xmlns="http://www.tei-c.org/ns/1.0"><forename type="first">G</forename><surname>Schindler</surname></persName>
		</author>
		<author>
			<persName xmlns="http://www.tei-c.org/ns/1.0"><forename type="first">M</forename><surname>Brown</surname></persName>
		</author>
		<author>
			<persName xmlns="http://www.tei-c.org/ns/1.0"><forename type="first">R</forename><surname>Szeliski</surname></persName>
		</author>
	</analytic>
	<monogr>
		<title level="m">CVPR</title>
		<imprint>
			<date type="published" when="2007" />
		</imprint>
	</monogr>
</biblStruct>

<biblStruct xml:id="b43">
	<analytic>
		<title level="a" type="main">OverFeat: Integrated Recognition, Localization and Detection using Convolutional Networks</title>
		<author>
			<persName xmlns="http://www.tei-c.org/ns/1.0"><forename type="first">P</forename><surname>Sermanet</surname></persName>
		</author>
		<author>
			<persName xmlns="http://www.tei-c.org/ns/1.0"><forename type="first">D</forename><surname>Eigen</surname></persName>
		</author>
		<author>
			<persName xmlns="http://www.tei-c.org/ns/1.0"><forename type="first">X</forename><surname>Zhang</surname></persName>
		</author>
		<author>
			<persName xmlns="http://www.tei-c.org/ns/1.0"><forename type="first">M</forename><surname>Mathieu</surname></persName>
		</author>
		<author>
			<persName xmlns="http://www.tei-c.org/ns/1.0"><forename type="first">R</forename><surname>Fergus</surname></persName>
		</author>
		<author>
			<persName xmlns="http://www.tei-c.org/ns/1.0"><forename type="first">Y</forename><surname>Lecun</surname></persName>
		</author>
	</analytic>
	<monogr>
		<title level="m">ICLR</title>
		<imprint>
			<date type="published" when="2014" />
			<biblScope unit="volume">2</biblScope>
			<biblScope unit="page">6</biblScope>
		</imprint>
	</monogr>
</biblStruct>

<biblStruct xml:id="b44">
	<analytic>
		<title level="a" type="main">Video Google: A Text Retrieval Approach to Object Matching in Videos</title>
		<author>
			<persName xmlns="http://www.tei-c.org/ns/1.0"><forename type="first">J</forename><surname>Sivic</surname></persName>
		</author>
		<author>
			<persName xmlns="http://www.tei-c.org/ns/1.0"><forename type="first">A</forename><surname>Zisserman</surname></persName>
		</author>
	</analytic>
	<monogr>
		<title level="m">ICCV</title>
		<imprint>
			<date type="published" when="2003" />
			<biblScope unit="volume">2</biblScope>
		</imprint>
	</monogr>
</biblStruct>

<biblStruct xml:id="b45">
	<analytic>
		<title level="a" type="main">Going Deeper with Convolutions</title>
		<author>
			<persName xmlns="http://www.tei-c.org/ns/1.0"><forename type="first">C</forename><surname>Szegedy</surname></persName>
		</author>
		<author>
			<persName xmlns="http://www.tei-c.org/ns/1.0"><forename type="first">W</forename><surname>Liu</surname></persName>
		</author>
		<author>
			<persName xmlns="http://www.tei-c.org/ns/1.0"><forename type="first">Y</forename><surname>Jia</surname></persName>
		</author>
		<author>
			<persName xmlns="http://www.tei-c.org/ns/1.0"><forename type="first">P</forename><surname>Sermanet</surname></persName>
		</author>
		<author>
			<persName xmlns="http://www.tei-c.org/ns/1.0"><forename type="first">S</forename><surname>Reed</surname></persName>
		</author>
		<author>
			<persName xmlns="http://www.tei-c.org/ns/1.0"><forename type="first">D</forename><surname>Anguelov</surname></persName>
		</author>
		<author>
			<persName xmlns="http://www.tei-c.org/ns/1.0"><forename type="first">D</forename><surname>Erhan</surname></persName>
		</author>
		<author>
			<persName xmlns="http://www.tei-c.org/ns/1.0"><forename type="first">V</forename><surname>Vanhoucke</surname></persName>
		</author>
		<author>
			<persName xmlns="http://www.tei-c.org/ns/1.0"><forename type="first">A</forename><surname>Rabinovich</surname></persName>
		</author>
	</analytic>
	<monogr>
		<title level="m">CVPR</title>
		<imprint>
			<date type="published" when="2015" />
			<biblScope unit="volume">2</biblScope>
			<biblScope unit="page">3</biblScope>
		</imprint>
	</monogr>
</biblStruct>

<biblStruct xml:id="b46">
	<analytic>
		<title level="a" type="main">To aggregate or not to aggregate: selective matchkernels for image search</title>
		<author>
			<persName xmlns="http://www.tei-c.org/ns/1.0"><forename type="first">G</forename><surname>Tolias</surname></persName>
		</author>
		<author>
			<persName xmlns="http://www.tei-c.org/ns/1.0"><forename type="first">Y</forename><surname>Avrithis</surname></persName>
		</author>
		<author>
			<persName xmlns="http://www.tei-c.org/ns/1.0"><forename type="first">H</forename><surname>Jegou</surname></persName>
		</author>
	</analytic>
	<monogr>
		<title level="m">ICCV</title>
		<imprint>
			<date type="published" when="2013" />
		</imprint>
	</monogr>
</biblStruct>

<biblStruct xml:id="b47">
	<analytic>
		<title level="a" type="main">Learning fine-grained image similarity with deep ranking</title>
		<author>
			<persName xmlns="http://www.tei-c.org/ns/1.0"><forename type="first">J</forename><surname>Wang</surname></persName>
		</author>
		<author>
			<persName xmlns="http://www.tei-c.org/ns/1.0"><forename type="first">Y</forename><surname>Song</surname></persName>
		</author>
		<author>
			<persName xmlns="http://www.tei-c.org/ns/1.0"><forename type="first">T</forename><surname>Leung</surname></persName>
		</author>
		<author>
			<persName xmlns="http://www.tei-c.org/ns/1.0"><forename type="first">C</forename><surname>Rosenberg</surname></persName>
		</author>
		<author>
			<persName xmlns="http://www.tei-c.org/ns/1.0"><forename type="first">J</forename><surname>Wang</surname></persName>
		</author>
		<author>
			<persName xmlns="http://www.tei-c.org/ns/1.0"><forename type="first">J</forename><surname>Philbin</surname></persName>
		</author>
		<author>
			<persName xmlns="http://www.tei-c.org/ns/1.0"><forename type="first">B</forename><surname>Chen</surname></persName>
		</author>
		<author>
			<persName xmlns="http://www.tei-c.org/ns/1.0"><forename type="first">Y</forename><surname>Wu</surname></persName>
		</author>
	</analytic>
	<monogr>
		<title level="m">CVPR</title>
		<imprint>
			<date type="published" when="2014" />
		</imprint>
	</monogr>
</biblStruct>

<biblStruct xml:id="b48">
	<analytic>
		<title level="a" type="main">Wide-Area Image Geolocalization with Aerial Reference Imagery</title>
		<author>
			<persName xmlns="http://www.tei-c.org/ns/1.0"><forename type="first">S</forename><surname>Workman</surname></persName>
		</author>
		<author>
			<persName xmlns="http://www.tei-c.org/ns/1.0"><forename type="first">R</forename><surname>Souvenir</surname></persName>
		</author>
		<author>
			<persName xmlns="http://www.tei-c.org/ns/1.0"><forename type="first">N</forename><surname>Jacobs</surname></persName>
		</author>
	</analytic>
	<monogr>
		<title level="m">ICCV</title>
		<imprint>
			<date type="published" when="2015" />
			<biblScope unit="volume">2</biblScope>
			<biblScope unit="page">3</biblScope>
		</imprint>
	</monogr>
</biblStruct>

<biblStruct xml:id="b49">
	<analytic>
		<title level="a" type="main">SUN Database: Exploring a Large Collection of Scene Categories</title>
		<author>
			<persName xmlns="http://www.tei-c.org/ns/1.0"><forename type="first">J</forename><surname>Xiao</surname></persName>
		</author>
		<author>
			<persName xmlns="http://www.tei-c.org/ns/1.0"><forename type="first">K</forename><forename type="middle">A</forename><surname>Ehinger</surname></persName>
		</author>
		<author>
			<persName xmlns="http://www.tei-c.org/ns/1.0"><forename type="first">J</forename><surname>Hays</surname></persName>
		</author>
		<author>
			<persName xmlns="http://www.tei-c.org/ns/1.0"><forename type="first">A</forename><surname>Torralba</surname></persName>
		</author>
		<author>
			<persName xmlns="http://www.tei-c.org/ns/1.0"><forename type="first">A</forename><surname>Oliva</surname></persName>
		</author>
	</analytic>
	<monogr>
		<title level="j">IJCV</title>
		<imprint>
			<date type="published" when="2002" />
		</imprint>
	</monogr>
</biblStruct>

<biblStruct xml:id="b50">
	<analytic>
		<title level="a" type="main">Accurate Image Localization Based on Google Maps Street View</title>
		<author>
			<persName xmlns="http://www.tei-c.org/ns/1.0"><forename type="first">A</forename><forename type="middle">R</forename><surname>Zamir</surname></persName>
		</author>
		<author>
			<persName xmlns="http://www.tei-c.org/ns/1.0"><forename type="first">M</forename><surname>Shah</surname></persName>
		</author>
	</analytic>
	<monogr>
		<title level="m">ECCV</title>
		<imprint>
			<date type="published" when="2010" />
		</imprint>
	</monogr>
</biblStruct>

<biblStruct xml:id="b51">
	<analytic>
		<title level="a" type="main">Image Geo-Localization Based on Multiple Nearest Neighbor Feature Matching Using Generalized Graphs</title>
		<author>
			<persName xmlns="http://www.tei-c.org/ns/1.0"><forename type="first">A</forename><forename type="middle">R</forename><surname>Zamir</surname></persName>
		</author>
		<author>
			<persName xmlns="http://www.tei-c.org/ns/1.0"><forename type="first">M</forename><surname>Shah</surname></persName>
		</author>
	</analytic>
	<monogr>
		<title level="j">PAMI</title>
		<imprint>
			<biblScope unit="volume">36</biblScope>
			<biblScope unit="issue">8</biblScope>
			<date type="published" when="2014" />
		</imprint>
	</monogr>
</biblStruct>

<biblStruct xml:id="b52">
	<analytic>
		<title level="a" type="main">Visualizing and Understanding Convolutional Networks</title>
		<author>
			<persName xmlns="http://www.tei-c.org/ns/1.0"><forename type="first">M</forename><surname>Zeiler</surname></persName>
		</author>
		<author>
			<persName xmlns="http://www.tei-c.org/ns/1.0"><forename type="first">R</forename><surname>Fergus</surname></persName>
		</author>
	</analytic>
	<monogr>
		<title level="m">ECCV</title>
		<imprint>
			<date type="published" when="2014" />
			<biblScope unit="volume">7</biblScope>
		</imprint>
	</monogr>
</biblStruct>

<biblStruct xml:id="b53">
	<analytic>
		<title level="a" type="main">Tour the world: Building a Web-Scale Landmark Recognition Engine</title>
		<author>
			<persName xmlns="http://www.tei-c.org/ns/1.0"><forename type="first">Y.-T</forename><surname>Zheng</surname></persName>
		</author>
		<author>
			<persName xmlns="http://www.tei-c.org/ns/1.0"><forename type="first">M</forename><surname>Zhao</surname></persName>
		</author>
		<author>
			<persName xmlns="http://www.tei-c.org/ns/1.0"><forename type="first">Y</forename><surname>Song</surname></persName>
		</author>
		<author>
			<persName xmlns="http://www.tei-c.org/ns/1.0"><forename type="first">H</forename><surname>Adam</surname></persName>
		</author>
		<author>
			<persName xmlns="http://www.tei-c.org/ns/1.0"><forename type="first">U</forename><surname>Buddemeier</surname></persName>
		</author>
		<author>
			<persName xmlns="http://www.tei-c.org/ns/1.0"><forename type="first">A</forename><surname>Bissacco</surname></persName>
		</author>
		<author>
			<persName xmlns="http://www.tei-c.org/ns/1.0"><forename type="first">F</forename><surname>Brucher</surname></persName>
		</author>
		<author>
			<persName xmlns="http://www.tei-c.org/ns/1.0"><forename type="first">T.-S</forename><surname>Chua</surname></persName>
		</author>
		<author>
			<persName xmlns="http://www.tei-c.org/ns/1.0"><forename type="first">H</forename><surname>Neven</surname></persName>
		</author>
	</analytic>
	<monogr>
		<title level="m">CVPR</title>
		<imprint>
			<date type="published" when="2009" />
			<biblScope unit="volume">2</biblScope>
			<biblScope unit="page">5</biblScope>
		</imprint>
	</monogr>
</biblStruct>

				</listBibl>
			</div>
		</back>
	</text>
</TEI>
