<?xml version="1.0" encoding="UTF-8"?>
<TEI xml:space="preserve" xmlns="http://www.tei-c.org/ns/1.0" 
xmlns:xsi="http://www.w3.org/2001/XMLSchema-instance" 
xsi:schemaLocation="http://www.tei-c.org/ns/1.0 /Users/cindy/tmp/grobid-0.6.1/grobid-home/schemas/xsd/Grobid.xsd"
 xmlns:xlink="http://www.w3.org/1999/xlink">
	<teiHeader xml:lang="en">
		<fileDesc>
			<titleStmt>
				<title level="a" type="main">LEARNING A SAT SOLVER FROM SINGLE-BIT SUPER- VISION</title>
			</titleStmt>
			<publicationStmt>
				<publisher/>
				<availability status="unknown"><licence/></availability>
				<date type="published" when="2019-03-12">12 Mar 2019</date>
			</publicationStmt>
			<sourceDesc>
				<biblStruct>
					<analytic>
						<author>
							<persName xmlns="http://www.tei-c.org/ns/1.0"><forename type="first">Daniel</forename><surname>Selsam</surname></persName>
							<email>dselsam@cs.stanford.edu</email>
							<affiliation key="aff0">
								<orgName type="department">Department of Computer Science</orgName>
								<orgName type="institution">Stanford University Stanford</orgName>
								<address>
									<postCode>94305</postCode>
									<region>CA</region>
								</address>
							</affiliation>
						</author>
						<author>
							<persName xmlns="http://www.tei-c.org/ns/1.0"><forename type="first">Matthew</forename><surname>Lamm</surname></persName>
							<email>mlamm@cs.stanford.edu</email>
							<affiliation key="aff0">
								<orgName type="department">Department of Computer Science</orgName>
								<orgName type="institution">Stanford University Stanford</orgName>
								<address>
									<postCode>94305</postCode>
									<region>CA</region>
								</address>
							</affiliation>
						</author>
						<author>
							<persName xmlns="http://www.tei-c.org/ns/1.0"><forename type="first">Benedikt</forename><surname>Bünz</surname></persName>
							<affiliation key="aff0">
								<orgName type="department">Department of Computer Science</orgName>
								<orgName type="institution">Stanford University Stanford</orgName>
								<address>
									<postCode>94305</postCode>
									<region>CA</region>
								</address>
							</affiliation>
						</author>
						<author>
							<persName xmlns="http://www.tei-c.org/ns/1.0"><forename type="first">Percy</forename><surname>Liang</surname></persName>
							<email>pliang@cs.stanford.edu</email>
							<affiliation key="aff0">
								<orgName type="department">Department of Computer Science</orgName>
								<orgName type="institution">Stanford University Stanford</orgName>
								<address>
									<postCode>94305</postCode>
									<region>CA</region>
								</address>
							</affiliation>
						</author>
						<author>
							<persName xmlns="http://www.tei-c.org/ns/1.0"><forename type="first">David</forename><forename type="middle">L</forename><surname>Dill</surname></persName>
							<email>dill@cs.stanford.edu</email>
							<affiliation key="aff0">
								<orgName type="department">Department of Computer Science</orgName>
								<orgName type="institution">Stanford University Stanford</orgName>
								<address>
									<postCode>94305</postCode>
									<region>CA</region>
								</address>
							</affiliation>
						</author>
						<author>
							<persName xmlns="http://www.tei-c.org/ns/1.0"><forename type="first">Leonardo</forename><surname>De Moura</surname></persName>
							<email>leonardo@microsoft.com</email>
							<affiliation key="aff1">
								<orgName type="institution">Microsoft Research Redmond</orgName>
								<address>
									<postCode>98052</postCode>
									<region>WA</region>
								</address>
							</affiliation>
						</author>
					</analytic>
					<monogr>
						<imprint>
							<date type="published" when="2019-03-12">12 Mar 2019</date>
						</imprint>
					</monogr>
					<idno type="arXiv">arXiv:1802.03685v4[cs.AI]</idno>
				</biblStruct>
			</sourceDesc>
		</fileDesc>
		<encodingDesc>
			<appInfo>
				<application version="0.6.1" ident="GROBID" when="2021-01-31T12:46+0000">
					<desc>GROBID - A machine learning software for extracting information from scholarly documents</desc>
					<ref target="https://github.com/kermitt2/grobid"/>
				</application>
			</appInfo>
		</encodingDesc>
		<profileDesc>
			<abstract>
				<p>We present NeuroSAT, a message passing neural network that learns to solve SAT problems after only being trained as a classifier to predict satisfiability. Although it is not competitive with state-of-the-art SAT solvers, NeuroSAT can solve problems that are substantially larger and more difficult than it ever saw during training by simply running for more iterations. Moreover, NeuroSAT generalizes to novel distributions; after training only on random SAT problems, at test time it can solve SAT problems encoding graph coloring, clique detection, dominating set, and vertex cover problems, all on a range of distributions over small random graphs.</p>
			</abstract>
		</profileDesc>
	</teiHeader>
	<text xml:lang="en">
		<body>
<div xmlns="http://www.tei-c.org/ns/1.0"><head n="1">INTRODUCTION</head><p>The propositional satisfiability problem (SAT) is one of the most fundamental problems of computer science. <ref type="bibr" target="#b4">Cook (1971)</ref> showed that the problem is NP-complete, which means that searching for any kind of efficiently-checkable certificate in any context can be reduced to finding a satisfying assignment of a propositional formula. In practice, search problems arising from a wide range of domains such as hardware and software verification, test pattern generation, planning, scheduling, and combinatorics are all routinely solved by constructing an appropriate SAT problem and then calling a SAT solver <ref type="bibr" target="#b9">(Gomes et al., 2008)</ref>. Modern SAT solvers based on backtracking search are extremely well-engineered and have been able to solve problems of practical interest with millions of variables <ref type="bibr" target="#b2">(Biere et al., 2009)</ref>.</p><p>We consider the question: can a neural network learn to solve SAT problems? To answer, we develop a novel message passing neural network (MPNN) <ref type="bibr" target="#b21">(Scarselli et al., 2009;</ref><ref type="bibr" target="#b16">Li et al., 2015;</ref><ref type="bibr" target="#b8">Gilmer et al., 2017)</ref>, NeuroSAT, and train it as a classifier to predict satisfiability on a dataset of random SAT problems. We provide NeuroSAT with only a single bit of supervision for each SAT problem that indicates whether or not the problem is satisfiable. When making a prediction about a new SAT problem, we find that NeuroSAT guesses unsatisfiable with low confidence until it finds a solution, at which point it converges and guesses satisfiable with very high confidence. The solution itself can almost always be automatically decoded from the network's activations, making NeuroSAT an end-to-end SAT solver. See <ref type="figure">Figure 1</ref> for an illustration of the train and test regimes.</p><p>Although it is not competitive with state-of-the-art SAT solvers, NeuroSAT can solve SAT problems that are substantially larger and more difficult than it ever saw during training by simply performing more iterations of message passing. Despite only running for a few dozen iterations during training, at test time NeuroSAT continues to find solutions to harder problems after hundreds and even thousands of iterations. The learning process has yielded not a traditional classifier but rather a procedure that can be run indefinitely to search for solutions to problems of varying difficulty.  <ref type="figure">Figure 1</ref>: We train NeuroSAT to predict whether SAT problems are satisfiable, providing only a single bit of supervision for each problem. At test time, when NeuroSAT predicts satisfiable, we can almost always extract a satisfying assignment from the network's activations. The problems at test time can also be substantially larger, more difficult, and even from entirely different domains than the problems seen during training.</p><p>Moreover, NeuroSAT generalizes to entirely new domains. Since NeuroSAT operates on SAT problems and since SAT is NP-complete, NeuroSAT can be queried on SAT problems encoding any kind of search problem for which certificates can be checked in polynomial time. Although we train it using only problems from a single random problem generator, at test time it can solve SAT problems encoding graph coloring, clique detection, dominating set, and vertex cover problems, all on a range of distributions over small random graphs.</p><p>The same neural network architecture can also be used to help construct proofs for unsatisfiable problems. When we train it on a different dataset in which every unsatisfiable problem contains a small contradiction (call this trained model NeuroUNSAT), it learns to detect these contradictions instead of searching for satisfying assignments. Just as we can extract solutions from NeuroSAT's activations, we can extract the variables involved in the contradiction from NeuroUNSAT's activations. When the number of variables involved in the contradiction is small relative to the total number of variables, knowing which variables are involved in the contradiction can enable constructing a resolution proof more efficiently.</p></div>
<div xmlns="http://www.tei-c.org/ns/1.0"><head n="2">PROBLEM SETUP</head><p>Background. A formula of propositional logic is a boolean expression built using the constants true (1) and false (0), variables, negations, conjunctions, and disjunctions. A formula is satisfiable provided there exists an assignment of boolean values to its variables such that the formula evaluates to 1. For example, the formula (</p><formula xml:id="formula_0">x 1 ∨ x 2 ∨ x 3 ) ∧ ¬(x 1 ∧ x 2 ∧ x 3 )</formula><p>is satisfiable because it will evaluate to 1 under every assignment that does not map x 1 , x 2 and x 3 to the same value. For every formula, there exists an equisatisfiable formula in conjunctive normal form (CNF), expressed as a conjunction of disjunctions of (possibly negated) variables. Each conjunct of a formula in CNF is called a clause, and each (possibly negated) variable within a clause is called a literal. The formula above is equivalent to the CNF formula</p><formula xml:id="formula_1">(x 1 ∨ x 2 ∨ x 3 ) ∧ (¬x 1 ∨ ¬x 2 ∨ ¬x 3 )</formula><p>, which we can represent more concisely as {1|2|3, 1|2|3}. A formula in CNF has a satisfying assignment if and only if it has an assignment such that every clause has at least one literal mapped to 1. A SAT problem is a formula in CNF, where the goal is to determine if the formula is satisfiable, and if so, to produce a satisfying assignment of truth values to variables. We use n to denote the number of of variables in a SAT problem, and m to denote the number of clauses.</p><p>Classification task. For a SAT problem P , we define φ(P ) to be true if and only if P is satisfiable. Our first goal is to learn a classifier that approximates φ. Given a distribution Ψ over SAT problems, we can construct datasets D train and D test with examples of the form (P, φ(P )) by sampling problems P ∼ Ψ and computing φ(P ) using an existing SAT solver. At test time, we get only the problem P and the goal is to predict φ(P ), i.e. to determine if P is satisfiable. Ultimately we care about the solving task, which also includes finding solutions to satisfiable problems.</p></div>
<div xmlns="http://www.tei-c.org/ns/1.0"><head n="3">MODEL</head><p>A SAT problem has a simple syntactic structure and therefore could be encoded into a vector space using standard methods such as an RNN. However, the semantics of propositional logic induce rich invariances that such a syntactic method would ignore, such as permutation invariance and negation invariance. Specifically, the satisfiability of a formula is not affected by permuting the variables (e.g. swapping x 1 and x 2 throughout the formula), by permuting the clauses (e.g. swapping the first clause with the second clause), or by permuting the literals within a clause (e.g. replacing the clause 1|2 with 2|1. The satisfiability of a formula is also not affected by negating every literal corresponding to a given variable (e.g. negating all occurrences of x 1 in {1|2, 1|3} to yield {1|2, 1|3}).</p><p>We now describe our neural network architecture, NeuroSAT, that enforces both permutation invariance and negation invariance. We encode a SAT problem as an undirected graph with one node for every literal, one node for every clause, an edge between every literal and every clause it appears in, and a different type of edge between each pair of complementary literals (e.g. between x i and x i ).</p><p>NeuroSAT iteratively refines a vector space embedding for each node by passing "messages" back and forth along the edges of the graph as described in <ref type="bibr" target="#b8">Gilmer et al. (2017)</ref>. At every time step, we have an embedding for every literal and every clause. An iteration consists of two stages. First, each clause receives messages from its neighboring literals and updates its embedding accordingly. Next, each literal receives messages from its neighboring clauses as well as from its complement, then updates its embedding accordingly. <ref type="figure" target="#fig_0">Figure 2</ref> provides a high-level illustration of the architecture.</p><p>x On the top of both figures are nodes for each of the four literals, and on the bottom are nodes for each of the two clauses. At every time step t, we have an embedding for every literal and every clause. An iteration consists of two stages. First, each clause receives messages from its neighboring literals and updates it embedding accordingly <ref type="figure" target="#fig_0">(Figure 2a</ref>). Next, each literal receives messages from its neighboring clause as well as from its complement, and updates its embedding accordingly ( <ref type="figure" target="#fig_0">Figure 2b</ref>).</p><formula xml:id="formula_2">1 x 1 x 2 x 2 c 1 c 2 (a) x 1 x 1 x 2 x 2 c 1 c 2 (b)</formula><p>More formally, our model is parameterized by two vectors (L init , C init ), three multilayer perceptrons (L msg , C msg , L vote ) and two layer-norm LSTMs <ref type="bibr" target="#b0">(Ba et al., 2016;</ref><ref type="bibr" target="#b12">Hochreiter &amp; Schmidhuber, 1997)</ref> (L u , C u ). At every time step t, we have a matrix L (t) ∈ R 2n×d whose ith row contains the embedding for the literal i and a matrix C (t) ∈ R m×d whose jth row contains the embedding for the clause c j , which we initialize by tiling L init and C init respectively. We also have hidden states</p><formula xml:id="formula_3">L (t) h ∈ R 2n×d and C (t)</formula><p>h ∈ R m×d for L u and C u respectively, both initialized to zero matrices. Let M be the (bipartite) adjacency matrix defined by M (i, j) = 1 { i ∈ c j } and let Flip be the operator that takes a matrix L and swaps each row of L with the row corresponding to the literal's negation. A single iteration consists of applying the following two updates:</p><formula xml:id="formula_4">(C (t+1) , C (t+1) h ) ← C u ([C (t) h , M L msg (L (t) )]) (L (t+1) , L (t+1) h ) ← L u ([L (t) h , Flip(L (t) ), M C msg (C (t+1) )]) After T iterations, we compute L (T ) * ← L vote (L (T ) ) ∈ R 2n</formula><p>, which contains a single scalar for each literal (the literal's vote), and then we compute the average of the literal votes</p><formula xml:id="formula_5">y (T ) ← mean(L (T ) * ) ∈ R.</formula><p>We train the network to minimize the sigmoid cross-entropy loss between the logit y (T ) and the true label φ(P ).</p><p>Our architecture enforces permutation invariance by operating on nodes and edges according to the topology of the graph without any additional ordering over nodes or edges. Likewise, it enforces negation invariance by treating all literals the same no matter whether they originated as a positive or negative occurrence of a variable.</p><p>Iteration −→</p><formula xml:id="formula_6">Figure 3: The sequence of literal votes L (1) * to L (24) *</formula><p>as NeuroSAT runs on a satisfiable problem from SR(20). For clarity, we reshape each L (t) * to be an R n×2 matrix so that each literal is paired with its complement; specifically, the ith row contains the scalar votes for x i and x i . Here white represents zero, blue negative and red positive. For several iterations, almost every literal is voting unsat with low confidence (light blue). Then a few scattered literals start voting sat for the next few iterations, but not enough to affect the mean vote. Suddenly there is a phase transition and all the literals (and hence the network as a whole) start to vote sat with very high confidence (dark red). After the phase transition, the vote for each literal converges and the network stops evolving.</p><p>We stress that none of the learned parameters depend on the size of the SAT problem and that a single model can be trained and tested on problems of arbitrary and varying sizes. At both train and test time, the input to the model is simply any bipartite adjacency matrix M over any number of literals and clauses. The learned parameters only determine how each individual literal and clause behaves in terms of its neighbors in the graph. Variation in problem size is handled by the aggregation operators: we sum the outgoing messages of each of a node's neighbors to form the incoming message, and we take the mean of the literal votes at the end of message passing to form the logit y <ref type="bibr">(T )</ref> .</p></div>
<div xmlns="http://www.tei-c.org/ns/1.0"><head n="4">TRAINING DATA</head><p>We want our neural network to be able to classify (and ultimately solve) SAT problems from a variety of domains that it never trained on. One can easily construct distributions over SAT problems for which it would be possible to predict satisfiability with perfect accuracy based only on crude statistics; however, a neural network trained on such a distribution would be unlikely to generalize to problems from other domains. To force our network to learn something substantive, we create a distribution SR(n) over pairs of random SAT problems on n variables with the following property: one element of the pair is satisfiable, the other is unsatisfiable, and the two differ by negating only a single literal occurrence in a single clause. To generate a random clause on n variables, SR(n) first samples a small integer k (with mean a little over 4) 2 then samples k variables uniformly at random without replacement, and finally negates each one with independent probability 50%. It continues to generate clauses c i in this fashion, adding them to the SAT problem, and then querying a traditional SAT solver (we used Minisat <ref type="bibr" target="#b23">Sorensson &amp; Een (2005)</ref> </p></div>
<div xmlns="http://www.tei-c.org/ns/1.0"><head n="5">PREDICTING SATISFIABILITY</head><p>Although our ultimate goal is to solve SAT problems arising from a variety of domains, we begin by training NeuroSAT as a classifier to predict satisfiability on SR(40). Problems in SR(40) are small enough to be solved efficiently by modern SAT solvers-a fact we rely on to generate the We use 1 + Bernoulli(0.7) + Geo(0.4) so that we generate clauses of varying size but with only a small number of clauses of length 2, since too many random clauses of length make the problems too easy on average. problems-but the classification problem is highly non-trivial from a machine learning perspective. Each problem has 40 variables and almost 200 clauses on average, and the positive and negative examples differ by negating only a single literal occurrence out of a thousand. We were unable to train an LSTM on a many-hot encoding of clauses (specialized to problems with 40 variables) to predict with &gt;50% accuracy on its training set. Even the canonical SAT solver MiniSAT <ref type="bibr" target="#b23">(Sorensson &amp; Een, 2005)</ref> needs to backjump 3 almost ten times on average, and needs to perform over a hundred primitive logical inferences (i.e. unit propagations) to solve each problem.</p><p>We instantiated the NeuroSAT architecture described in §3 with d = 128 dimensions for the literal embeddings, the clause embeddings, and all the hidden units; 3 hidden layers and a linear output layer for each of the MLPs L msg , C msg , and L vote ; and rectified linear units for all non-linearities. We regularized by the 2 norm of the parameters scaled by −10 , and performed T = 26 iterations of message passing on every problem. We trained our model using the ADAM optimizer <ref type="bibr" target="#b13">(Kingma &amp; Ba, 2014</ref>) with a learning rate of × 10 −5 , clipping the gradients by global norm with clipping ratio 0.65 <ref type="bibr" target="#b20">(Pascanu et al., 2012)</ref>. We batched multiple problems together, with each batch containing up to 12,000 nodes (i.e. literals plus clauses). To accelerate the learning, we sampled the number of variables n uniformly from between 10 and 40 during training (i.e. we trained on SR(U(10, 40))), though we only evaluate on SR(40). We trained on millions of problems.</p><p>After training, NeuroSAT is able to classify the test set correctly with 85% accuracy. In the next section, we examine how NeuroSAT manages to do so and show how we can decode solutions to satisfiable problems from its activations. Note: for the entire rest of the paper, NeuroSAT refers to the specific trained model that has only been trained on SR(U(10, 40)).</p></div>
<div xmlns="http://www.tei-c.org/ns/1.0"><head n="6">DECODING SATISFYING ASSIGNMENTS</head><p>Let us try to understand what NeuroSAT (trained on SR(U(10, 40))) is computing as it runs on new problems at test time. For a given run, we can compute and visualize the 2n-dimensional vector of literal votes L (t) * ← L vote (L (t) ) at every iteration t. <ref type="figure">Figure 3</ref> illustrates the sequence of literal votes L</p><formula xml:id="formula_7">(1) * to L (24) *</formula><p>as NeuroSAT runs on a satisfiable problem from SR(20). For clarity, we reshape each L (t) * to be an R n×2 matrix so that each literal is paired with its complement; specifically, the ith row contains the scalar votes for x i and x i . Here white represents zero, blue negative and red positive. For several iterations, almost every literal is voting unsat with low confidence (light blue). Then a few scattered literals start voting sat for the next few iterations, but not enough to affect the mean vote. Suddenly, there is a phase transition and all the literals (and hence the network as a whole) start to vote sat with very high confidence (dark red). After the phase transition, the vote for each literal converges and the network stops evolving.</p><p>NeuroSAT seems to exhibit qualitatively similar behavior on every satisfiable problem that it predicts correctly. The problems for which NeuroSAT guesses unsat are similar except without the phase change: it continues to guess unsat with low-confidence for as many iterations as NeuroSAT runs for. NeuroSAT never becomes highly confident that a problem is unsat, and it almost never guesses sat on an unsat problem. These results suggest that NeuroSAT searches for a certificate of satisfiability, and that it only guesses sat once it has found one.</p><p>Let us look more carefully at the literal votes L (24) * from <ref type="figure">Figure 3</ref> after convergence. Note that most of the variables have one literal vote distinctly darker than the other. Moreover, the dark votes are all approximately equal to each other, and the light votes are all approximately equal to each other as well. Thus the votes seem to encode one bit for each variable. It turns out that these bits encode a satisfying assignment in this case, but they do not do so reliably in general. Recall from §3 that NeuroSAT projects the higher dimensional literal embeddings L (T ) ∈ R 2n×d to the literal votes L (T ) * using the MLP L vote . <ref type="figure">Figure 4</ref> illustrates the two-dimensional PCA embeddings for L <ref type="bibr">(12)</ref> to L (26) (skipping every other time step) as NeuroSAT runs on a satisfiable problem from SR(40). Blue and red dots indicate literals that are set to 0 and 1 in the satisfying assignment that it eventually finds, respectively. The blue and red dots cannot be linearly separated until the phase transition at the end, at which point they form two distinct clusters according to the satisfying assignment. We Accuracy on sat problems: 73% Percent of sat problems solved: 70%  <ref type="figure">U(10, 40)</ref>). It almost never guesses sat on unsatisfiable problems. On satisfiable problems, it correctly guesses sat 73% of the time, and we can decode a satisfying assignment for 70% of the satisfiable problems by clustering the literal embeddings L (T ) as described in §6.</p><p>observe a similar clustering almost every time the network guesses sat. Thus the literal votes L (T ) * only ever encode the satisfying assignment by chance, when the projection L vote happens to preserve this clustering.</p><p>Our analysis suggests a more reliable way to decode solutions from NeuroSAT's internal activations: 2-cluster L <ref type="bibr">(T )</ref> to get cluster centers ∆ 1 and ∆ 2 , partition the variables according to the predicate</p><formula xml:id="formula_8">x i −∆ 1 2 + x i −∆ 2 2 &lt; x i −∆ 2 2 + x i −∆ 1 2</formula><p>, and then try both candidate assignments that result from mapping the partitions to truth values. This decoding procedure (using k-means to find the two cluster centers) successfully decodes a satisfying assignment for over 70% of the satisfiable problems in the SR(40) test set. <ref type="table" target="#tab_1">Table 1</ref> summarizes the results when training on SR(U(10, 40)) and testing on SR(40).</p><p>Iteration −→ <ref type="figure">Figure 4</ref>: PCA projections for the high-dimensional literal embeddings L <ref type="bibr">(12)</ref> to L (26) (skipping every other time step) as NeuroSAT runs on a satisfiable problem from SR(40). Blue and red dots indicate literals that are set to 0 and 1 in the satisfying assignment that it eventually finds, respectively. We see that the blue and red dots are mixed up and cannot be linearly separated until the phase transition at the end, at which point they form two distinct clusters according to the satisfying assignment.</p><p>Recall that at training time, NeuroSAT is only given a single bit of supervision for each SAT problem. Moreover, the positive and negative examples in the dataset differ only by the placement of a single edge. NeuroSAT has learned to search for satisfying assignments solely to explain that single bit of supervision.</p></div>
<div xmlns="http://www.tei-c.org/ns/1.0"><head n="7">EXTRAPOLATING TO OTHER PROBLEM DISTRIBUTIONS</head></div>
<div xmlns="http://www.tei-c.org/ns/1.0"><head n="7.1">BIGGER PROBLEMS</head><p>Even though we only train NeuroSAT on SR(U(10, 40)), it is able to solve SAT problems sampled from SR(n) for n much larger than 40 by simply running for more iterations of message passing. <ref type="figure" target="#fig_3">Figure 5</ref> shows NeuroSAT's success rate on SR(n) for a range of n as a function of the number of iterations T . For n = 200, there are 2 160 times more possible assignments to the variables than any problem it saw during training, and yet it can solve 25% of the satisfiable problems in SR(200) by running for four times more iterations than it performed during training. On the other hand, when restricted to the number of iterations it was trained with, it solves under 10% of them. Thus we see that its ability to solve bigger and harder problems depends on the fact that the dynamical system it has learned encodes generic procedural knowledge that can operate effectively over a wide range of time frames. for a range of n as a function of the number of iterations T . Even though we only train Neu-roSAT on SR(40) and below, it is able to solve SAT problems sampled from SR(n) for n much larger than 40 by simply running for more iterations. <ref type="figure">Figure 6</ref>: Example graph from the Forest-Fire distribution. The graph has a coloring for k ≥ 5, a clique for k ≤ 3, a dominating set for k ≥ 3, and a vertex cover for k ≥ 6. However, these properties are not perceptually obvious and require deliberate computation to determine.</p></div>
<div xmlns="http://www.tei-c.org/ns/1.0"><head n="7.2">DIFFERENT PROBLEMS</head><p>Every problem in NP can be reduced to SAT in polynomial time, and SAT problems arising from different domains may have radically different structural and statistical properties. Even though NeuroSAT has learned to search for satisfying assignments on problems from SR(n), we may still find that the dynamical system it has learned only works properly on problems similar to those it was trained on.</p><p>To assess NeuroSAT's ability to extrapolate to different classes of problems, we generated problems in several other domains and then encoded them all into SAT problems (using standard encodings). In particular, we started by generating one hundred graphs from each of six different random graph distributions (Barabasi, Erdös-Renyi, Forest-Fire, Random-k-Regular, Random-Static-Power-Law, and Random-Geometric). <ref type="bibr">4</ref> We found parameters for the random graph generators such that each graph has ten nodes and seventeen edges on average. For each graph in each collection, we generated graph coloring problems (3 ≤ k ≤ 5), dominating-set problems (2 ≤ k ≤ 4)), clique-detection problems (3 ≤ k ≤ 5), and vertex cover problems (4 ≤ k ≤ 6). <ref type="bibr">5</ref> We chose the range of k for each problem to include the threshold for most of the graphs while avoiding trivial problems such as 2-clique. As before, we used Minisat <ref type="bibr" target="#b23">Sorensson &amp; Een (2005)</ref> to determine satisfiability. <ref type="figure">Figure 6</ref> shows an example graph from the distribution. Note that the trained network does not know anything a priori about these tasks; the generated SAT problems need to encode not only the graphs themselves but also formal descriptions of the tasks to be solved.</p><p>Out of the 7,200 generated problems, we kept only the 4,888 satisfiable problems. On average these problems contained over two and a half times as many clauses as the problems in SR(40). We ran NeuroSAT for 512 iterations on each of them and found that we could successfully decode solutions for 85% of them. In contrast, Survey Propagation (SP) <ref type="bibr" target="#b3">(Braunstein et al., 2005)</ref>, the canonical (learning-free) message passing algorithm for satisfiability, does not on its own converge to a satisfying assignment on any of these problems. 6 This suggests that NeuroSAT has not simply found a way to approximate SP, but rather has synthesized a qualitatively different algorithm.</p><p>See <ref type="bibr" target="#b18">Newman (2010)</ref> for an overview of random graph distributions. See <ref type="bibr" target="#b15">(Lewis, 1983)</ref> for an overview of these problems as well as the standard encodings. We implementated the version with reinforcement messages described in Knuth (2015), along with the numerical trick explained in Exercise 359.</p></div>
<div xmlns="http://www.tei-c.org/ns/1.0"><head n="8">FINDING UNSAT CORES</head><p>NeuroSAT (trained on SR(U(10, 40))) can find satisfying assignments but is not helpful in constructing proofs of unsatisfiability. When it runs on an unsatisfiable problem, it keeps searching for a satisfying assignment indefinitely and non-systematically. However, when we train the same architecture on a dataset in which each unsatisfiable problem has a small subset of clauses that are already unsatisfiable (called an unsat core), it learns to detect these unsat cores instead of searching for satisfying assignments. The literals involved in the unsat core can be decoded from its internal activations. When the number of literals involved in the unsat core is small relative to the total number of literals, knowing the literals involved in the unsat core can enable constructing a resolution proof more efficiently.</p><p>We generated a new distribution SRC(n, u) that is similar to SR(n) except that every unsatisfiable problem contains a small unsat core. Here n is the number of variables as before, and u is an unsat core over x 1 , . . . , x k (k &lt; n) that can be made into a satisfiable set of clauses u by negating a single literal. We sample a pair from SRC(n, u) as follows. First, we initialize a problem with u , and then we sample clauses (over x 1 to x n ) just as we did for SR(n) until the problem becomes unsatisfiable. We can now negate a literal in the final clause to get a satisfiable problem p s , and then we can swap u for u in p s to get p u , which is unsatisfiable since it contains the unsat core u. We created train and test datasets from SRC(40, u) with u sampled at random for each problem from a collection of three unsat cores ranging from three clauses to nine clauses: the unsat core R from Knuth (2015), and the two unsat cores resulting from encoding the pigeonhole principles PP(2, 1) and PP(3, 2). <ref type="bibr">7</ref> We trained our architecture on this dataset, and we refer to the trained model as NeuroUNSAT.   <ref type="figure" target="#fig_0">(3, 2)</ref>). In both cases, the literals in the first six rows are involved in the unsat core. In 7a, NeuroUNSAT inspects the modified core u of the satisfiable problem but concludes that it does not match the pattern. In 7b, NeuroUNSAT finds the unsat core u and votes unsat with high confidence (dark blue).</p><p>NeuroUNSAT is able to predict satisfiability on the test set with 100% accuracy. Upon inspection, it seems to do so by learning to recognize the unsat cores. <ref type="figure" target="#fig_5">Figure 7</ref> shows NeuroUNSAT running on a pair of problems from SRC(30, PP(3, 2)). In both cases, the literals in the first six rows are involved in the unsat core. In <ref type="figure" target="#fig_5">Figure 7a</ref>, NeuroUNSAT inspects the modified core u of the satisfiable problem but concludes that it does not match the pattern exactly. In <ref type="figure" target="#fig_5">Figure 7b</ref>, NeuroUNSAT finds the unsat core u and votes unsat with high confidence (dark blue). As in §6, the literals involved in the unsat core can sometimes be decoded from the literal votes L (T ) * , but it is more reliable to 2cluster the higher-dimensional literal embeddings L <ref type="bibr">(T )</ref> . On the test set, the small number of literals involved in the unsat core end up in their own cluster 98% of the time.</p><p>Note that we do not expect NeuroUNSAT to generalize to arbitary unsat cores: as far as we know it is simply memorizing a collection of specific subgraphs, and there is no evidence it has learned a generic procedure to prove unsat.</p></div>
<div xmlns="http://www.tei-c.org/ns/1.0"><head n="9">RELATED WORK</head><p>There have been many attempts over the years to apply statistical learning to various aspects of the SAT problem: restart strategies <ref type="bibr" target="#b11">(Haim &amp; Walsh, 2009)</ref>, branching heuristics <ref type="bibr" target="#b17">(Liang et al., 2016;</ref><ref type="bibr"></ref> The pigeonhole principle and the standard SAT encoding are described in Knuth (2015). <ref type="bibr" target="#b10">Grozea &amp; Popescu, 2014;</ref><ref type="bibr" target="#b7">Flint &amp; Blaschko, 2012)</ref>, parameter tuning <ref type="bibr" target="#b22">(Singh et al., 2009)</ref>, and solver selection <ref type="bibr">(Xu et al., 2008)</ref>. None of these approaches use neural networks, and instead make use of both generic graph features and features extracted from the runs of SAT solvers. Moreover, these approaches are designed to assist existing solvers and do not aim to solve SAT problems on their own.</p><p>From the machine learning perspective, the closest work to ours is Palm et al. <ref type="formula">2017</ref>, which showed that an MPNN can be trained to predict the unique solutions of Sudoku puzzles. We believe that their network's success is an instance of the phenomenon we study in this paper, namely that MPNNs can synthesize local search algorithms for constraint satisfaction problems. <ref type="bibr" target="#b6">Evans et al. (2018)</ref> present a neural network architecture that can learn to predict whether one propositional formula entails another by randomly sampling and evaluating candidate assignments. Unlike NeuroSAT, their network does not perform heuristic search and can only work on simple problems for which random guessing is tractable. There have also been several recent papers showing that various neural network architectures can learn good heuristics for NP-hard combinatorial optimization problems <ref type="bibr">(Vinyals et al., 2015;</ref><ref type="bibr" target="#b1">Bello et al., 2016;</ref><ref type="bibr" target="#b5">Dai et al., 2017)</ref>; however, finding low-cost solutions to optimization problems requires less precise reasoning than finding satisfying assignments.</p></div>
<div xmlns="http://www.tei-c.org/ns/1.0"><head>DISCUSSION</head><p>Our main motivation has been scientific: to better understand the extent to which neural networks are capable of precise, logical reasoning. Our work has definitively established that neural networks can learn to perform discrete search on their own without the help of hard-coded search procedures, even after only end-to-end training with minimal supervision. We found this result surprising and think it constitutes an important contribution to the community's evolving understanding of the capabilities and limitations of neural networks.</p><p>Although not our primary concern, we also hope that our findings eventually lead to improvements in practical SAT solving. As we stressed early on, as an end-to-end SAT solver the trained NeuroSAT system discussed in this paper is still vastly less reliable than the state-of-the-art. We concede that we see no obvious path to beating existing SAT solvers. One approach might be to continue to train NeuroSAT as an end-to-end solver on increasingly difficult problems. A second approach might be to use a system like NeuroSAT to help guide decisions within a more traditional SAT solver, though it is not clear that NeuroSAT provides any useful information before it finds a satisfying assignment. However, as we discussed in §8, when we trained our architecture on different data it learned an entirely different procedure. In a separate experiment omitted for space reasons, we also trained our architecture to predict whether there is a satisfying assignment involving each individual literal in the problem and found that it was able to predict these bits with high accuracy as well. Unlike NeuroSAT, it made both type I and type II errors, had no discernable phase transition, and could make reasonable predictions within only a few rounds. We believe that architectures descended from NeuroSAT will be able to learn very different mechanisms and heuristics depending on the data they are trained on and the details of their objective functions. We are cautiously optimistic that a descendant of NeuroSAT will one day lead to improvements to the state-of-the-art. </p></div><figure xmlns="http://www.tei-c.org/ns/1.0" xml:id="fig_0"><head>Figure 2 :</head><label>2</label><figDesc>High-level illustration of NeuroSAT operating on the graph representation of {1|2, 1|2}.</figDesc></figure>
<figure xmlns="http://www.tei-c.org/ns/1.0" xml:id="fig_1"><head></head><label></label><figDesc>), until adding the clause c m finally makes the problem unsatisfiable. Since {c 1 , . . . , c m−1 } had a satisfying assignment, negating a single literal in c m must yield a satisfiable problem {c 1 , . . . , c m−1 , c m }. The pair ({c 1 , . . . , c m−1 , c m }, {c 1 , . . . , c m−1 , c m }) are a sample from SR(n).</figDesc></figure>
<figure xmlns="http://www.tei-c.org/ns/1.0" xml:id="fig_2"><head></head><label></label><figDesc>i.e. backtrack multiple steps at a timeTrained on: SR(U(10, 40)) Trained with: 26 iterations Tested on: SR(40) Tested with: 26 iterations Overall test accuracy: 85% Accuracy on unsat problems: 96%</figDesc></figure>
<figure xmlns="http://www.tei-c.org/ns/1.0" xml:id="fig_3"><head>Figure 5 :</head><label>5</label><figDesc>NeuroSAT's success rate on SR(n)</figDesc></figure>
<figure xmlns="http://www.tei-c.org/ns/1.0" xml:id="fig_5"><head>Figure 7 :</head><label>7</label><figDesc>The sequence of literal votes L (t) * as NeuroUNSAT runs on a pair of problems from SRC(30, PP</figDesc></figure>
<figure xmlns="http://www.tei-c.org/ns/1.0" xml:id="fig_6"><head>G</head><label></label><figDesc>Tseitin. On the complexity ofderivation in propositional calculus. Studies in Constrained Mathematics and Mathematical Logic, 1968. O. Vinyals, M. Fortunato, and N. Jaitly. Pointer networks. In Advances in Neural Information Processing Systems (NIPS), pp. 2674-2682, 2015. L. Xu, F. Hutter, H. H. Hoos, and K. Leyton-Brown. SATzilla: portfolio-based algorithm selection for SAT. Journal of Artificial Intelligence Research (JAIR), 32:565-606, 2008.</figDesc></figure>
<figure xmlns="http://www.tei-c.org/ns/1.0" type="table" xml:id="tab_1"><head>Table 1 :</head><label>1</label><figDesc>NeuroSAT's performance at test time on SR(40) after training on SR(</figDesc><table /><note></note></figure>
			<note xmlns="http://www.tei-c.org/ns/1.0" place="foot" n="1">This transformation can be done in linear time such that the size of the resulting formula has only grown linearly with respect to the original formula(Tseitin, 1968).</note>
		</body>
		<back>

			<div type="acknowledgement">
<div xmlns="http://www.tei-c.org/ns/1.0"><head>ACKNOWLEDGEMENTS</head><p>We thank Steve Mussmann, Alexander Ratner, Nathaniel Thomas, Vatsal Sharan and Cristina White for providing valuable feedback on early drafts. We also thank William Hamilton, Geoffrey Irving and Arun Chaganty for helpful discussions. This work was supported by Future of Life Institute grant 2017-158712.</p></div>
			</div>

			<div type="references">

				<listBibl>

<biblStruct xml:id="b0">
	<monogr>
		<title/>
		<author>
			<persName xmlns="http://www.tei-c.org/ns/1.0"><forename type="first">Jimmy</forename><forename type="middle">Lei</forename><surname>Ba</surname></persName>
		</author>
		<author>
			<persName xmlns="http://www.tei-c.org/ns/1.0"><forename type="first">Jamie</forename><forename type="middle">Ryan</forename><surname>Kiros</surname></persName>
		</author>
		<author>
			<persName xmlns="http://www.tei-c.org/ns/1.0"><forename type="first">Geoffrey</forename><forename type="middle">E</forename><surname>Hinton</surname></persName>
		</author>
		<idno type="arXiv">arXiv:1607.06450</idno>
		<imprint>
			<date type="published" when="2016" />
		</imprint>
	</monogr>
	<note type="report_type">Layer normalization. arXiv preprint</note>
</biblStruct>

<biblStruct xml:id="b1">
	<monogr>
		<author>
			<persName xmlns="http://www.tei-c.org/ns/1.0"><forename type="first">Irwan</forename><surname>Bello</surname></persName>
		</author>
		<author>
			<persName xmlns="http://www.tei-c.org/ns/1.0"><forename type="first">Hieu</forename><surname>Pham</surname></persName>
		</author>
		<author>
			<persName xmlns="http://www.tei-c.org/ns/1.0"><forename type="first">V</forename><surname>Quoc</surname></persName>
		</author>
		<author>
			<persName xmlns="http://www.tei-c.org/ns/1.0"><forename type="first">Mohammad</forename><surname>Le</surname></persName>
		</author>
		<author>
			<persName xmlns="http://www.tei-c.org/ns/1.0"><forename type="first">Samy</forename><surname>Norouzi</surname></persName>
		</author>
		<author>
			<persName xmlns="http://www.tei-c.org/ns/1.0"><surname>Bengio</surname></persName>
		</author>
		<idno type="arXiv">arXiv:1611.09940</idno>
		<title level="m">Neural combinatorial optimization with reinforcement learning</title>
		<imprint>
			<date type="published" when="2016" />
		</imprint>
	</monogr>
	<note type="report_type">arXiv preprint</note>
</biblStruct>

<biblStruct xml:id="b2">
	<monogr>
		<title level="m" type="main">Conflict-driven clause learning sat solvers. Handbook of Satisfiability, Frontiers in Artificial Intelligence and Applications</title>
		<author>
			<persName xmlns="http://www.tei-c.org/ns/1.0"><forename type="first">Armin</forename><surname>Biere</surname></persName>
		</author>
		<author>
			<persName xmlns="http://www.tei-c.org/ns/1.0"><forename type="first">Marijn</forename><surname>Heule</surname></persName>
		</author>
		<author>
			<persName xmlns="http://www.tei-c.org/ns/1.0"><forename type="first">Toby</forename><surname>Hans Van Maaren</surname></persName>
		</author>
		<author>
			<persName xmlns="http://www.tei-c.org/ns/1.0"><surname>Walsh</surname></persName>
		</author>
		<imprint>
			<date type="published" when="2009" />
			<biblScope unit="page" from="131" to="153" />
		</imprint>
	</monogr>
</biblStruct>

<biblStruct xml:id="b3">
	<analytic>
		<title level="a" type="main">Survey propagation: An algorithm for satisfiability</title>
		<author>
			<persName xmlns="http://www.tei-c.org/ns/1.0"><forename type="first">Alfredo</forename><surname>Braunstein</surname></persName>
		</author>
		<author>
			<persName xmlns="http://www.tei-c.org/ns/1.0"><forename type="first">Marc</forename><surname>Mézard</surname></persName>
		</author>
		<author>
			<persName xmlns="http://www.tei-c.org/ns/1.0"><forename type="first">Riccardo</forename><surname>Zecchina</surname></persName>
		</author>
	</analytic>
	<monogr>
		<title level="m">Random Structures &amp; Algorithms</title>
		<imprint>
			<date type="published" when="2005" />
			<biblScope unit="volume">27</biblScope>
			<biblScope unit="page" from="201" to="226" />
		</imprint>
	</monogr>
</biblStruct>

<biblStruct xml:id="b4">
	<analytic>
		<title level="a" type="main">The complexity of theorem-proving procedures</title>
		<author>
			<persName xmlns="http://www.tei-c.org/ns/1.0"><forename type="first">A</forename><surname>Stephen</surname></persName>
		</author>
		<author>
			<persName xmlns="http://www.tei-c.org/ns/1.0"><surname>Cook</surname></persName>
		</author>
	</analytic>
	<monogr>
		<title level="m">Proceedings of the third annual ACM symposium on Theory of computing</title>
		<meeting>the third annual ACM symposium on Theory of computing</meeting>
		<imprint>
			<publisher>ACM</publisher>
			<date type="published" when="1971" />
			<biblScope unit="page" from="151" to="158" />
		</imprint>
	</monogr>
</biblStruct>

<biblStruct xml:id="b5">
	<monogr>
		<title level="m" type="main">Learning combinatorial optimization algorithms over graphs</title>
		<author>
			<persName xmlns="http://www.tei-c.org/ns/1.0"><forename type="first">Hanjun</forename><surname>Dai</surname></persName>
		</author>
		<author>
			<persName xmlns="http://www.tei-c.org/ns/1.0"><forename type="first">B</forename><surname>Elias</surname></persName>
		</author>
		<author>
			<persName xmlns="http://www.tei-c.org/ns/1.0"><forename type="first">Yuyu</forename><surname>Khalil</surname></persName>
		</author>
		<author>
			<persName xmlns="http://www.tei-c.org/ns/1.0"><forename type="first">Bistra</forename><surname>Zhang</surname></persName>
		</author>
		<author>
			<persName xmlns="http://www.tei-c.org/ns/1.0"><forename type="first">Le</forename><surname>Dilkina</surname></persName>
		</author>
		<author>
			<persName xmlns="http://www.tei-c.org/ns/1.0"><surname>Song</surname></persName>
		</author>
		<idno type="arXiv">arXiv:1704.01665</idno>
		<imprint>
			<date type="published" when="2017" />
		</imprint>
	</monogr>
	<note type="report_type">arXiv preprint</note>
</biblStruct>

<biblStruct xml:id="b6">
	<monogr>
		<author>
			<persName xmlns="http://www.tei-c.org/ns/1.0"><forename type="first">Richard</forename><surname>Evans</surname></persName>
		</author>
		<author>
			<persName xmlns="http://www.tei-c.org/ns/1.0"><forename type="first">David</forename><surname>Saxton</surname></persName>
		</author>
		<author>
			<persName xmlns="http://www.tei-c.org/ns/1.0"><forename type="first">David</forename><surname>Amos</surname></persName>
		</author>
		<author>
			<persName xmlns="http://www.tei-c.org/ns/1.0"><forename type="first">Pushmeet</forename><surname>Kohli</surname></persName>
		</author>
		<author>
			<persName xmlns="http://www.tei-c.org/ns/1.0"><forename type="first">Edward</forename><surname>Grefenstette</surname></persName>
		</author>
		<idno type="arXiv">arXiv:1802.08535</idno>
		<title level="m">Can neural networks understand logical entailment? arXiv preprint</title>
		<imprint>
			<date type="published" when="2018" />
		</imprint>
	</monogr>
</biblStruct>

<biblStruct xml:id="b7">
	<analytic>
		<title level="a" type="main">Perceptron learning of sat</title>
		<author>
			<persName xmlns="http://www.tei-c.org/ns/1.0"><forename type="first">Alex</forename><surname>Flint</surname></persName>
		</author>
		<author>
			<persName xmlns="http://www.tei-c.org/ns/1.0"><forename type="first">Matthew</forename><surname>Blaschko</surname></persName>
		</author>
	</analytic>
	<monogr>
		<title level="m">Advances in Neural Information Processing Systems</title>
		<imprint>
			<date type="published" when="2012" />
			<biblScope unit="page" from="2771" to="2779" />
		</imprint>
	</monogr>
</biblStruct>

<biblStruct xml:id="b8">
	<monogr>
		<author>
			<persName xmlns="http://www.tei-c.org/ns/1.0"><forename type="first">Justin</forename><surname>Gilmer</surname></persName>
		</author>
		<author>
			<persName xmlns="http://www.tei-c.org/ns/1.0"><forename type="first">S</forename><surname>Samuel</surname></persName>
		</author>
		<author>
			<persName xmlns="http://www.tei-c.org/ns/1.0"><surname>Schoenholz</surname></persName>
		</author>
		<author>
			<persName xmlns="http://www.tei-c.org/ns/1.0"><forename type="first">F</forename><surname>Patrick</surname></persName>
		</author>
		<author>
			<persName xmlns="http://www.tei-c.org/ns/1.0"><forename type="first">Oriol</forename><surname>Riley</surname></persName>
		</author>
		<author>
			<persName xmlns="http://www.tei-c.org/ns/1.0"><forename type="first">George</forename><forename type="middle">E</forename><surname>Vinyals</surname></persName>
		</author>
		<author>
			<persName xmlns="http://www.tei-c.org/ns/1.0"><surname>Dahl</surname></persName>
		</author>
		<idno type="arXiv">arXiv:1704.01212</idno>
		<title level="m">Neural message passing for quantum chemistry</title>
		<imprint>
			<date type="published" when="2017" />
		</imprint>
	</monogr>
	<note type="report_type">arXiv preprint</note>
</biblStruct>

<biblStruct xml:id="b9">
	<analytic>
		<title/>
		<author>
			<persName xmlns="http://www.tei-c.org/ns/1.0"><forename type="first">P</forename><surname>Carla</surname></persName>
		</author>
		<author>
			<persName xmlns="http://www.tei-c.org/ns/1.0"><forename type="first">Henry</forename><surname>Gomes</surname></persName>
		</author>
		<author>
			<persName xmlns="http://www.tei-c.org/ns/1.0"><forename type="first">Ashish</forename><surname>Kautz</surname></persName>
		</author>
		<author>
			<persName xmlns="http://www.tei-c.org/ns/1.0"><forename type="first">Bart</forename><surname>Sabharwal</surname></persName>
		</author>
		<author>
			<persName xmlns="http://www.tei-c.org/ns/1.0"><surname>Selman</surname></persName>
		</author>
	</analytic>
	<monogr>
		<title level="j">Satisfiability solvers. Foundations of Artificial Intelligence</title>
		<imprint>
			<biblScope unit="volume">3</biblScope>
			<biblScope unit="page" from="89" to="134" />
			<date type="published" when="2008" />
		</imprint>
	</monogr>
</biblStruct>

<biblStruct xml:id="b10">
	<analytic>
		<title level="a" type="main">Can machine learning learn a decision oracle for np problems? a test on sat</title>
		<author>
			<persName xmlns="http://www.tei-c.org/ns/1.0"><forename type="first">Cristian</forename><surname>Grozea</surname></persName>
		</author>
		<author>
			<persName xmlns="http://www.tei-c.org/ns/1.0"><forename type="first">Marius</forename><surname>Popescu</surname></persName>
		</author>
	</analytic>
	<monogr>
		<title level="j">Fundamenta Informaticae</title>
		<imprint>
			<biblScope unit="volume">131</biblScope>
			<biblScope unit="issue">3-4</biblScope>
			<biblScope unit="page" from="441" to="450" />
			<date type="published" when="2014" />
		</imprint>
	</monogr>
</biblStruct>

<biblStruct xml:id="b11">
	<monogr>
		<title level="m" type="main">Restart strategy selection using machine learning techniques</title>
		<author>
			<persName xmlns="http://www.tei-c.org/ns/1.0"><forename type="first">Shai</forename><surname>Haim</surname></persName>
		</author>
		<author>
			<persName xmlns="http://www.tei-c.org/ns/1.0"><forename type="first">Toby</forename><surname>Walsh</surname></persName>
		</author>
		<idno>abs/0907.5032</idno>
		<imprint>
			<date type="published" when="2009" />
			<publisher>CoRR</publisher>
		</imprint>
	</monogr>
</biblStruct>

<biblStruct xml:id="b12">
	<analytic>
		<title level="a" type="main">Long short-term memory</title>
		<author>
			<persName xmlns="http://www.tei-c.org/ns/1.0"><forename type="first">S</forename><surname>Hochreiter</surname></persName>
		</author>
		<author>
			<persName xmlns="http://www.tei-c.org/ns/1.0"><forename type="first">J</forename><surname>Schmidhuber</surname></persName>
		</author>
	</analytic>
	<monogr>
		<title level="j">Neural Computation</title>
		<imprint>
			<biblScope unit="volume">9</biblScope>
			<biblScope unit="issue">8</biblScope>
			<biblScope unit="page" from="1735" to="1780" />
			<date type="published" when="1997" />
		</imprint>
	</monogr>
</biblStruct>

<biblStruct xml:id="b13">
	<monogr>
		<title level="m" type="main">Adam: A method for stochastic optimization</title>
		<author>
			<persName xmlns="http://www.tei-c.org/ns/1.0"><forename type="first">Diederik</forename><surname>Kingma</surname></persName>
		</author>
		<author>
			<persName xmlns="http://www.tei-c.org/ns/1.0"><forename type="first">Jimmy</forename><surname>Ba</surname></persName>
		</author>
		<idno type="arXiv">arXiv:1412.6980</idno>
		<imprint>
			<date type="published" when="2014" />
		</imprint>
	</monogr>
	<note type="report_type">arXiv preprint</note>
</biblStruct>

<biblStruct xml:id="b14">
	<monogr>
		<title level="m" type="main">The art of computer programming</title>
		<author>
			<persName xmlns="http://www.tei-c.org/ns/1.0"><forename type="first">E</forename><surname>Donald</surname></persName>
		</author>
		<author>
			<persName xmlns="http://www.tei-c.org/ns/1.0"><surname>Knuth</surname></persName>
		</author>
		<imprint>
			<date type="published" when="2015" />
			<publisher>Satisfiability</publisher>
			<biblScope unit="volume">4</biblScope>
		</imprint>
	</monogr>
</biblStruct>

<biblStruct xml:id="b15">
	<monogr>
		<title level="m" type="main">Computers and intractability. a guide to the theory of np-completeness</title>
		<author>
			<persName xmlns="http://www.tei-c.org/ns/1.0"><forename type="first">R</forename><surname>Harry</surname></persName>
		</author>
		<author>
			<persName xmlns="http://www.tei-c.org/ns/1.0"><surname>Lewis</surname></persName>
		</author>
		<imprint>
			<date type="published" when="1983" />
		</imprint>
	</monogr>
</biblStruct>

<biblStruct xml:id="b16">
	<monogr>
		<title level="m" type="main">Gated graph sequence neural networks</title>
		<author>
			<persName xmlns="http://www.tei-c.org/ns/1.0"><forename type="first">Yujia</forename><surname>Li</surname></persName>
		</author>
		<author>
			<persName xmlns="http://www.tei-c.org/ns/1.0"><forename type="first">Daniel</forename><surname>Tarlow</surname></persName>
		</author>
		<author>
			<persName xmlns="http://www.tei-c.org/ns/1.0"><forename type="first">Marc</forename><surname>Brockschmidt</surname></persName>
		</author>
		<author>
			<persName xmlns="http://www.tei-c.org/ns/1.0"><forename type="first">Richard</forename><surname>Zemel</surname></persName>
		</author>
		<idno type="arXiv">arXiv:1511.05493</idno>
		<imprint>
			<date type="published" when="2015" />
		</imprint>
	</monogr>
	<note type="report_type">arXiv preprint</note>
</biblStruct>

<biblStruct xml:id="b17">
	<analytic>
		<title level="a" type="main">Learning rate based branching heuristic for sat solvers</title>
		<author>
			<persName xmlns="http://www.tei-c.org/ns/1.0"><forename type="first">Jia</forename><surname>Hui Liang</surname></persName>
		</author>
		<author>
			<persName xmlns="http://www.tei-c.org/ns/1.0"><forename type="first">Vijay</forename><surname>Ganesh</surname></persName>
		</author>
		<author>
			<persName xmlns="http://www.tei-c.org/ns/1.0"><forename type="first">Pascal</forename><surname>Poupart</surname></persName>
		</author>
		<author>
			<persName xmlns="http://www.tei-c.org/ns/1.0"><forename type="first">Krzysztof</forename><surname>Czarnecki</surname></persName>
		</author>
	</analytic>
	<monogr>
		<title level="m">International Conference on Theory and Applications of Satisfiability Testing</title>
		<imprint>
			<publisher>Springer</publisher>
			<date type="published" when="2016" />
			<biblScope unit="page" from="123" to="140" />
		</imprint>
	</monogr>
</biblStruct>

<biblStruct xml:id="b18">
	<monogr>
		<title level="m" type="main">Networks: an introduction</title>
		<author>
			<persName xmlns="http://www.tei-c.org/ns/1.0"><forename type="first">Mark</forename><surname>Newman</surname></persName>
		</author>
		<imprint>
			<date type="published" when="2010" />
			<publisher>Oxford university press</publisher>
		</imprint>
	</monogr>
</biblStruct>

<biblStruct xml:id="b19">
	<monogr>
		<author>
			<persName xmlns="http://www.tei-c.org/ns/1.0"><forename type="first">Rasmus</forename><surname>Berg Palm</surname></persName>
		</author>
		<author>
			<persName xmlns="http://www.tei-c.org/ns/1.0"><forename type="first">Ulrich</forename><surname>Paquet</surname></persName>
		</author>
		<author>
			<persName xmlns="http://www.tei-c.org/ns/1.0"><forename type="first">Ole</forename><surname>Winther</surname></persName>
		</author>
		<idno type="arXiv">arXiv:1711.08028</idno>
		<title level="m">Recurrent relational networks for complex relational reasoning</title>
		<imprint>
			<date type="published" when="2017" />
		</imprint>
	</monogr>
	<note type="report_type">arXiv preprint</note>
</biblStruct>

<biblStruct xml:id="b20">
	<monogr>
		<title level="m" type="main">Understanding the exploding gradient problem. CoRR, abs/1211</title>
		<author>
			<persName xmlns="http://www.tei-c.org/ns/1.0"><forename type="first">Razvan</forename><surname>Pascanu</surname></persName>
		</author>
		<author>
			<persName xmlns="http://www.tei-c.org/ns/1.0"><forename type="first">Tomas</forename><surname>Mikolov</surname></persName>
		</author>
		<author>
			<persName xmlns="http://www.tei-c.org/ns/1.0"><forename type="first">Yoshua</forename><surname>Bengio</surname></persName>
		</author>
		<imprint>
			<date type="published" when="2012" />
			<biblScope unit="volume">5063</biblScope>
		</imprint>
	</monogr>
</biblStruct>

<biblStruct xml:id="b21">
	<analytic>
		<title level="a" type="main">The graph neural network model</title>
		<author>
			<persName xmlns="http://www.tei-c.org/ns/1.0"><forename type="first">Franco</forename><surname>Scarselli</surname></persName>
		</author>
		<author>
			<persName xmlns="http://www.tei-c.org/ns/1.0"><forename type="first">Marco</forename><surname>Gori</surname></persName>
		</author>
		<author>
			<persName xmlns="http://www.tei-c.org/ns/1.0"><forename type="first">Ah</forename><surname>Chung Tsoi</surname></persName>
		</author>
		<author>
			<persName xmlns="http://www.tei-c.org/ns/1.0"><forename type="first">Markus</forename><surname>Hagenbuchner</surname></persName>
		</author>
		<author>
			<persName xmlns="http://www.tei-c.org/ns/1.0"><forename type="first">Gabriele</forename><surname>Monfardini</surname></persName>
		</author>
	</analytic>
	<monogr>
		<title level="j">IEEE Transactions on Neural Networks</title>
		<imprint>
			<biblScope unit="volume">20</biblScope>
			<biblScope unit="issue">1</biblScope>
			<biblScope unit="page" from="61" to="80" />
			<date type="published" when="2009" />
		</imprint>
	</monogr>
</biblStruct>

<biblStruct xml:id="b22">
	<monogr>
		<title level="m" type="main">Avatarsat: An auto-tuning boolean sat solver</title>
		<author>
			<persName xmlns="http://www.tei-c.org/ns/1.0"><forename type="first">Rishabh</forename><surname>Singh</surname></persName>
		</author>
		<author>
			<persName xmlns="http://www.tei-c.org/ns/1.0"><forename type="first">P</forename><surname>Joseph</surname></persName>
		</author>
		<author>
			<persName xmlns="http://www.tei-c.org/ns/1.0"><forename type="first">Vijay</forename><surname>Near</surname></persName>
		</author>
		<author>
			<persName xmlns="http://www.tei-c.org/ns/1.0"><forename type="first">Martin</forename><surname>Ganesh</surname></persName>
		</author>
		<author>
			<persName xmlns="http://www.tei-c.org/ns/1.0"><surname>Rinard</surname></persName>
		</author>
		<imprint>
			<date type="published" when="2009" />
		</imprint>
	</monogr>
</biblStruct>

<biblStruct xml:id="b23">
	<analytic>
		<title level="a" type="main">Minisat v1. 13-a sat solver with conflict-clause minimization</title>
		<author>
			<persName xmlns="http://www.tei-c.org/ns/1.0"><forename type="first">Niklas</forename><surname>Sorensson</surname></persName>
		</author>
		<author>
			<persName xmlns="http://www.tei-c.org/ns/1.0"><forename type="first">Niklas</forename><surname>Een</surname></persName>
		</author>
	</analytic>
	<monogr>
		<title level="j">SAT</title>
		<imprint>
			<biblScope unit="issue">53</biblScope>
			<biblScope unit="page" from="1" to="2" />
			<date type="published" when="2005" />
		</imprint>
	</monogr>
</biblStruct>

				</listBibl>
			</div>
		</back>
	</text>
</TEI>
